Date,HMM,삼성전자,에쓰오일,에코프로,엔씨소프트,현대차
2018-01-02,5010,51020,117000,25698,446500,149500
2018-01-03,4790,51620,113500,24630,435000,150500
2018-01-04,4625,51080,113500,23918,422500,146500
2018-01-05,4635,52120,113000,24727,422000,149000
2018-01-08,4520,52020,111500,24144,420000,151000
2018-01-09,4425,50400,114000,23983,423500,152500
2018-01-10,4585,48840,117500,24209,436000,155500
2018-01-11,4510,48240,116000,25568,427000,155000
2018-01-12,4660,48200,113500,26507,413500,154000
2018-01-15,4665,48540,113000,25924,415500,155000
2018-01-16,4620,50000,113000,27769,426500,158000
2018-01-17,4620,49620,113500,28320,427500,157500
2018-01-18,4620,49900,110500,27704,432000,155000
2018-01-19,4620,49320,113000,26960,426000,162000
2018-01-22,4620,48240,118000,27090,430500,162500
2018-01-23,4620,49160,118500,27704,438000,161000
2018-01-24,4620,49340,118000,27122,435500,156500
2018-01-25,4620,50260,116500,27090,425500,158500
2018-01-26,4620,50780,115500,27090,449500,152500
2018-01-29,4620,51220,123500,27122,449000,154500
2018-01-30,4620,49800,125500,26312,442500,156000
2018-01-31,4620,49900,123000,25989,442000,162000
2018-02-01,4620,49820,124000,25633,442000,160500
2018-02-02,4800,47700,123000,24888,438500,162500
2018-02-05,4510,47920,121500,22526,420500,159000
2018-02-06,4350,47420,119500,23529,417000,157500
2018-02-07,4235,45800,115500,22526,409000,157500
2018-02-08,4200,46000,116000,23562,407500,161000
2018-02-09,4040,44700,113500,22785,383500,155000
2018-02-12,4080,45720,115000,22688,392500,154000
2018-02-13,4155,47540,114500,21620,401500,152500
2018-02-14,4300,49000,113000,22397,400000,154500
2018-02-19,4470,48380,120000,23918,405500,155000
2018-02-20,4365,47400,119500,23400,392000,153500
2018-02-21,4390,47280,119500,23562,394500,160000
2018-02-22,4280,46760,116000,23497,398000,157000
2018-02-23,4365,47220,119000,23464,397500,159000
2018-02-26,4370,47380,123500,23595,388000,161000
2018-02-27,4300,47380,123000,24047,392500,161000
2018-02-28,4365,47060,123500,22688,375000,161500
2018-03-02,4215,46020,126000,22397,374000,156000
2018-03-05,4235,45200,124500,21587,380000,153000
2018-03-06,4355,47020,123000,22915,387000,157000
2018-03-07,4390,48620,122500,22656,387500,152500
2018-03-08,4275,49200,121000,23724,388500,154500
2018-03-09,4380,49740,122000,25504,392500,154000
2018-03-12,4380,49740,125000,25796,405000,153500
2018-03-13,4440,51660,123500,25861,406000,153500
2018-03-14,4355,51760,123000,26280,394500,156000
2018-03-15,4305,51540,120500,27542,400000,157500
2018-03-16,4335,51140,119500,27413,409500,157500
2018-03-19,4285,50740,120000,26377,412500,151500
2018-03-20,4390,51200,117000,26637,419500,152500
2018-03-21,4380,51060,117500,26021,420000,154500
2018-03-22,4425,51780,119500,26993,422000,152500
2018-03-23,4270,49720,117000,26280,409000,151500
2018-03-26,4310,50280,119000,26734,417500,149500
2018-03-27,4435,49980,118000,26572,418000,154000
2018-03-28,4320,48700,117000,25601,416500,151500
2018-03-29,4365,49040,119500,25148,410000,143500
2018-03-30,4375,49220,120000,25310,420000,143500
2018-04-02,4420,48540,121000,25957,427000,148500
2018-04-03,4450,48120,120000,26312,418000,152000
2018-04-04,4485,46920,119000,25148,422500,156500
2018-04-05,5150,48740,120000,26280,414000,154000
2018-04-06,5180,48400,119000,25828,404000,152500
2018-04-09,4875,49200,116000,25310,403000,151000
2018-04-10,4690,48880,115000,25407,398000,151000
2018-04-11,4780,48860,114500,26312,390500,150000
2018-04-12,4790,49000,117500,26669,394500,152000
2018-04-13,4740,49800,116000,26475,387500,150500
2018-04-16,4600,50340,117500,26540,376500,153000
2018-04-17,4575,49980,117000,27510,383000,157500
2018-04-18,4815,51360,116500,26766,384500,158500
2018-04-19,4955,52780,116000,26507,378000,158000
2018-04-20,4895,51620,117000,25439,369000,160000
2018-04-23,5190,51900,115500,25504,360500,159500
2018-04-24,5040,50460,115000,25148,360000,162500
2018-04-25,4900,50400,110000,24597,354000,164000
2018-04-26,5280,52140,110500,24921,360000,156500
2018-04-27,5260,53000,109500,24597,359500,158000
2018-04-30,6070,53000,110000,23497,360000,160000
2018-05-02,6100,53000,110000,23011,355000,160000
2018-05-03,5800,53000,110500,23011,355000,160000
2018-05-04,5910,51900,108000,22332,346500,158000
2018-05-08,5570,52600,106000,22688,342000,156000
2018-05-09,5670,50900,106000,24209,358500,153500
2018-05-10,5730,51600,106000,23497,347000,152000
2018-05-11,5780,51300,106000,23789,332500,153000
2018-05-14,6180,50100,106000,23886,335000,151000
2018-05-15,6440,49200,106000,23076,353500,148500
2018-05-16,6010,49850,106000,22365,360500,150500
2018-05-17,6050,49400,107500,23335,361000,149500
2018-05-18,6000,49500,111500,23627,353000,150000
2018-05-21,6000,50000,112000,24015,354000,149000
2018-05-23,5980,51800,112500,24241,352000,144500
2018-05-24,5870,51400,109500,23886,359000,140000
2018-05-25,5390,52700,109000,24565,364000,139000
2018-05-28,6600,52300,108500,25310,352500,138500
2018-05-29,6140,51300,108500,24727,352000,140000
2018-05-30,6070,49500,106000,24824,351000,137500
2018-05-31,5910,50700,107500,24372,353000,139000
2018-06-01,5670,51300,108000,24435,363500,140000
2018-06-04,5730,51100,110000,25116,363500,143000
2018-06-05,5810,51300,109500,24953,356500,142500
2018-06-07,5740,50600,113000,26118,353000,142500
2018-06-08,5660,49650,111500,25764,365000,141000
2018-06-11,5780,49900,112000,25665,361000,139500
2018-06-12,5620,49400,111500,25698,367000,140500
2018-06-14,5330,48200,109500,25828,359500,135000
2018-06-15,5470,47650,111500,24565,360000,134000
2018-06-18,5450,46600,113000,23076,357000,135000
2018-06-19,5160,47000,109500,22300,360000,131500
2018-06-20,5390,47000,110000,22948,352000,129500
2018-06-21,5160,47050,111000,20228,363000,127000
2018-06-22,5250,47250,110000,20196,372500,130000
2018-06-25,5280,46650,112000,21102,372000,129000
2018-06-26,5130,47000,115000,22106,368000,129500
2018-06-27,4930,47950,113000,21846,378500,127500
2018-06-28,4830,46800,112500,21814,360000,125000
2018-06-29,5030,46650,109500,21846,371000,125500
2018-07-02,4750,45550,102500,20811,366500,123500
2018-07-03,4790,46150,102000,21523,360500,122000
2018-07-04,4780,46250,102500,21102,365500,119500
2018-07-05,4670,45950,102500,20649,371000,121500
2018-07-06,4730,44900,105500,21199,369000,123500
2018-07-09,4505,45600,105500,22138,377000,124500
2018-07-10,4580,46300,107500,21814,386500,123500
2018-07-11,4610,46000,106000,21620,387500,121500
2018-07-12,4570,45500,106000,22851,392500,123000
2018-07-13,4625,46500,109500,22979,395000,122500
2018-07-16,4625,46050,116000,23270,392500,126000
2018-07-17,4695,45850,115500,22753,388500,126500
2018-07-18,4545,46550,114500,23529,387000,124000
2018-07-19,4485,46900,116500,24856,372500,124000
2018-07-20,4460,47450,113500,24500,372500,127000
2018-07-23,4285,46500,112000,23108,381000,129500
2018-07-24,4445,46150,113000,23173,384000,129500
2018-07-25,4410,46150,114500,23692,384000,130500
2018-07-26,4590,46900,116500,25536,387500,130000
2018-07-27,4580,46900,113000,25568,386500,129500
2018-07-30,4805,46500,117000,25051,387500,130500
2018-07-31,4785,46250,117500,24727,385500,129500
2018-08-01,4840,46550,116500,25019,384000,128500
2018-08-02,4850,45550,114000,25665,370000,125500
2018-08-03,4850,45750,115500,25665,370500,124000
2018-08-06,4775,45800,115500,24565,370500,124500
2018-08-07,4820,46700,117500,24888,364000,125000
2018-08-08,4905,46800,116500,24404,359000,127500
2018-08-09,4805,46900,117500,24372,358000,126000
2018-08-10,4850,45400,117000,23497,361000,126000
2018-08-13,4660,45050,118000,23044,356000,123500
2018-08-14,4790,45150,121500,23011,385000,123000
2018-08-16,4820,44250,122500,23659,370500,126500
2018-08-17,4910,44100,125000,23367,371500,126500
2018-08-20,4905,43850,125500,22851,367500,127500
2018-08-21,4845,44800,122000,23724,375000,125500
2018-08-22,4950,46100,120000,23562,371000,126000
2018-08-23,4930,46200,119000,24047,385500,124500
2018-08-24,4890,46150,123000,24339,391000,124500
2018-08-27,4665,46300,122000,25148,390000,124000
2018-08-28,4655,46550,121000,24759,393500,125000
2018-08-29,4650,46800,122000,25601,395500,124000
2018-08-30,4625,47650,120500,25374,398000,123500
2018-08-31,4550,48450,119500,25471,387500,125000
2018-09-03,4525,47450,121000,25568,385500,125000
2018-09-04,4575,47650,120500,26863,406000,126500
2018-09-05,4650,46600,119000,26377,394000,129000
2018-09-06,4625,46100,120500,26118,399500,134000
2018-09-07,4695,44900,119000,25989,414500,133000
2018-09-10,4720,45500,121500,25796,423500,131000
2018-09-11,4695,45050,126000,26054,425000,128000
2018-09-12,4650,44550,125500,25277,423500,129500
2018-09-13,4795,44050,128500,25536,435000,128500
2018-09-14,4775,45850,129000,26831,432500,129500
2018-09-17,4690,45150,126500,28320,430000,128500
2018-09-18,4615,45500,130000,28611,432500,128000
2018-09-19,4935,46150,132500,28028,441000,126500
2018-09-20,4935,47250,129000,27639,444500,129000
2018-09-21,4990,47400,130500,27801,449000,129000
2018-09-27,4905,47500,136000,28190,438000,130500
2018-09-28,4920,46450,137000,27639,442500,129500
2018-10-01,4810,46350,137500,27122,455000,129000
2018-10-02,4735,45700,136000,26637,423500,128500
2018-10-04,4785,44700,134500,27220,433000,124500
2018-10-05,4880,44700,136500,25633,417000,124500
2018-10-08,4790,44950,133000,26118,420500,122000
2018-10-10,4650,45300,132500,26409,420000,120000
2018-10-11,4400,43100,129000,24597,404500,116000
2018-10-12,4465,44000,129500,25796,418000,115500
2018-10-15,4565,43800,128000,25957,411500,113500
2018-10-16,4535,43600,126500,26345,421500,116500
2018-10-17,4510,44150,133500,27188,416000,118500
2018-10-18,4465,44050,134000,27317,416000,116000
2018-10-19,4505,43900,127500,27639,422000,115500
2018-10-22,4405,43550,129000,29582,426500,118000
2018-10-23,4270,43050,125000,28902,425000,116500
2018-10-24,4195,42550,127000,27220,421000,117000
2018-10-25,4070,41000,130500,27866,425500,110000
2018-10-26,3860,41000,125000,26669,409500,108000
2018-10-29,3640,41400,119500,25019,404000,106000
2018-10-30,3695,42350,119500,25764,420500,107500
2018-10-31,3780,42400,124000,25536,429500,106500
2018-11-01,3810,42150,119000,23627,431000,108500
2018-11-02,4075,44150,120500,24630,443500,110000
2018-11-05,4170,43800,118500,24759,452500,104000
2018-11-06,4140,43750,120000,25019,449000,107500
2018-11-07,4055,44000,119000,24597,450000,107500
2018-11-08,4110,44050,120000,25828,438000,105500
2018-11-09,4090,44300,115000,25051,440500,105000
2018-11-12,4015,45200,111500,24500,447500,102000
2018-11-13,3975,44500,113000,24307,447000,102500
2018-11-14,3950,44100,107000,23335,458000,101500
2018-11-15,3990,44250,110500,23950,473500,103000
2018-11-16,4000,44000,111000,23562,466000,103000
2018-11-19,4185,43650,111500,23659,467500,101500
2018-11-20,4120,42800,113000,22040,476000,97500
2018-11-21,4130,42100,110500,22300,475500,97800
2018-11-22,4040,42450,110000,21587,479000,92800
2018-11-23,4000,42400,109000,20811,474000,93700
2018-11-26,4055,42600,105500,21232,493000,95100
2018-11-27,4000,43050,106500,21394,485000,101000
2018-11-28,3750,43150,105000,20519,505000,101000
2018-11-29,3765,43150,106000,20551,508000,100000
2018-11-30,3780,41850,110500,20228,512000,107000
2018-12-03,3885,43250,115000,21038,494500,108500
2018-12-04,3900,42150,113500,21102,492500,107500
2018-12-05,3835,41450,112000,20584,498000,107500
2018-12-06,3700,40500,109000,19484,486500,110500
2018-12-07,3750,40950,108500,20325,488500,111000
2018-12-10,3645,40200,106500,19355,497500,110500
2018-12-11,3540,40250,105500,19775,497500,111500
2018-12-12,3530,40450,109000,21005,503000,118500
2018-12-13,3615,40000,109500,21361,509000,118500
2018-12-14,3560,38950,110500,20876,500000,116500
2018-12-17,3455,39150,107000,20034,480000,116500
2018-12-18,3480,38900,106000,20066,477000,118000
2018-12-19,3545,39100,105000,21427,482500,123000
2018-12-20,3480,38650,104500,21167,467500,121500
2018-12-21,3510,38650,104000,21975,480000,122500
2018-12-24,3585,38800,102000,22106,476500,123000
2018-12-26,3495,38350,103500,22008,473500,120000
2018-12-27,3615,38250,101000,21652,484000,118500
2018-12-28,3695,38700,97700,21361,466500,118500
2019-01-02,3750,38750,91300,20682,467000,114000
2019-01-03,3670,37600,91000,20163,454500,116500
2019-01-04,3635,37450,92600,20260,464000,119500
2019-01-07,3765,38750,96300,21652,472500,120500
2019-01-08,3770,38100,93500,21232,469000,119500
2019-01-09,3795,39600,94800,21620,474500,123000
2019-01-10,3750,39800,96900,21427,472000,123000
2019-01-11,3730,40500,98000,21232,489500,123000
2019-01-14,3750,40050,98200,20843,482500,121500
2019-01-15,3765,41100,96700,21264,475500,127500
2019-01-16,3870,41450,96500,21296,465500,128500
2019-01-17,3810,41950,98000,20616,480500,129500
2019-01-18,3845,42300,98200,20779,498000,131000
2019-01-21,3855,42750,99600,20002,498000,127000
2019-01-22,3865,42150,100000,20196,496000,127500
2019-01-23,3930,42000,98700,20941,484000,129000
2019-01-24,3900,43050,97800,20454,473500,130000
2019-01-25,3925,44750,99400,21199,467000,128500
2019-01-28,3950,45050,99000,21264,463500,126500
2019-01-29,4030,45500,103000,21167,465500,128000
2019-01-30,4035,46400,103500,21199,467500,129500
2019-01-31,4005,46150,104500,21070,468500,129500
2019-02-01,4235,46350,104500,21102,474000,129500
2019-02-07,4445,46200,104500,22072,462500,126000
2019-02-08,4415,44800,102000,21684,463500,125500
2019-02-11,4410,45000,103500,21620,452500,127500
2019-02-12,4265,46050,101500,21587,433500,128500
2019-02-13,4285,46200,104000,21652,433000,124500
2019-02-14,4285,47500,105000,22072,448000,121500
2019-02-15,4330,46050,105500,21490,445500,121000
2019-02-18,4430,46200,109000,21943,447000,120500
2019-02-19,4515,45950,107500,22948,446500,119500
2019-02-20,4470,46900,104500,22785,441500,119000
2019-02-21,4400,46950,102000,22397,444000,120000
2019-02-22,4370,47150,102000,21587,430500,121000
2019-02-25,4350,47350,100500,21684,432500,121000
2019-02-26,4380,46750,99700,21264,443000,122500
2019-02-27,4410,46750,102000,21296,449500,129000
2019-02-28,4000,45100,100000,21038,461000,126500
2019-03-04,3900,44850,100500,20876,448000,122000
2019-03-05,3900,44250,102000,19872,445000,121500
2019-03-06,3845,44000,105000,19905,449500,124500
2019-03-07,3755,44450,102000,20163,440000,125500
2019-03-08,3725,43800,96300,20584,430500,120000
2019-03-11,3755,43650,92400,20357,435000,121000
2019-03-12,3820,44650,92800,20746,441000,125500
2019-03-13,3765,43850,92300,20325,438500,122500
2019-03-14,3785,43850,94900,20163,437500,119000
2019-03-15,3735,44200,96400,20163,444500,121000
2019-03-18,3765,43700,96500,20002,448000,124000
2019-03-19,3755,43900,97000,20131,449000,124000
2019-03-20,3705,44050,96600,19710,454500,124000
2019-03-21,3665,45850,97200,20228,463000,124500
2019-03-22,3650,46550,96100,20066,478000,123500
2019-03-25,3615,45500,93700,19484,478500,120000
2019-03-26,3605,45250,92300,19452,481000,118500
2019-03-27,3570,45350,91500,19646,478500,118500
2019-03-28,3540,44850,90500,17931,498000,119500
2019-03-29,3640,44650,89600,17736,496000,119500
2019-04-01,3700,45050,90500,17963,490500,120500
2019-04-02,3715,45750,90300,18092,491500,119000
2019-04-03,3745,46600,92800,18286,498500,124000
2019-04-04,3720,46950,92000,18319,498500,123500
2019-04-05,3765,46850,92800,18222,503000,126000
2019-04-08,3745,46650,95400,18416,498500,128000
2019-04-09,3760,46650,93500,18772,496000,127000
2019-04-10,3835,46700,92700,18448,497500,127500
2019-04-11,3880,46250,92000,18739,505000,128000
2019-04-12,3825,46850,92100,18610,506000,126500
2019-04-15,3800,47050,96600,18545,495000,125500
2019-04-16,3745,47250,94900,18448,509000,128500
2019-04-17,3685,47050,95100,18481,500000,131000
2019-04-18,3675,45600,94600,18028,498500,134000
2019-04-19,3730,45300,93900,18351,491000,134000
2019-04-22,4140,45350,93600,18157,486000,134000
2019-04-23,4200,45200,94700,17963,499000,136000
2019-04-24,4000,44750,96000,17801,505000,138500
2019-04-25,3920,44650,93700,17801,510000,138000
2019-04-26,3910,44850,92300,17412,504000,135500
2019-04-29,3975,46150,92000,17834,511000,139000
2019-04-30,4020,45850,92200,17574,526000,138500
2019-05-02,3945,45900,91800,18092,522000,138500
2019-05-03,3935,45300,90900,18060,519000,137500
2019-05-07,3820,44850,89600,17606,501000,136000
2019-05-08,3805,44250,89000,17250,502000,135500
2019-05-09,3690,42450,87200,16313,490000,131000
2019-05-10,3675,42900,85900,16313,502000,130000
2019-05-13,3600,42650,82700,15600,511000,129000
2019-05-14,3625,42650,82300,15794,500000,128000
2019-05-15,3620,42550,85100,16862,498500,128000
2019-05-16,3570,41550,83800,16377,500000,127500
2019-05-17,3585,41200,84500,16474,493500,125500
2019-05-20,3540,42000,83100,15859,484500,129000
2019-05-21,3555,43150,84100,15891,485000,127000
2019-05-22,3525,43500,83100,16053,487000,127000
2019-05-23,3430,43850,82100,15762,491000,127500
2019-05-24,3395,42700,81000,15309,475000,130500
2019-05-27,3375,42650,81200,15697,480000,135000
2019-05-28,3370,42550,81300,15956,474500,136500
2019-05-29,3310,41800,81300,15665,480000,134000
2019-05-30,3255,42550,82300,16150,476500,135500
2019-05-31,3260,42500,83500,16442,477000,134500
2019-06-03,3190,43800,82000,16507,465000,138500
2019-06-04,3250,43450,82300,17283,457000,139000
2019-06-05,3285,43900,81700,17218,459500,141000
2019-06-07,3365,44200,81700,17477,459500,140000
2019-06-10,3450,44800,85000,17412,474000,143000
2019-06-11,3530,44850,84600,17445,469500,143500
2019-06-12,3530,44600,83200,17186,470000,141000
2019-06-13,3535,43750,83100,17477,470500,141000
2019-06-14,3545,44000,83200,17315,469500,140500
2019-06-17,3520,43900,81700,17445,468500,140000
2019-06-18,3535,44350,80300,16862,457000,141000
2019-06-19,3570,45350,81200,17024,466500,140000
2019-06-20,3615,45500,82500,17412,484500,140500
2019-06-21,3760,45700,83000,17153,485000,140500
2019-06-24,3780,45500,83200,17542,481500,142500
2019-06-25,3660,45600,84100,17348,474500,141500
2019-06-26,3660,45700,83500,16927,475500,141500
2019-06-27,3690,46500,84000,17024,481000,140500
2019-06-28,3705,47000,83700,17445,477000,140000
2019-07-01,3845,46600,84300,17769,468000,141000
2019-07-02,3745,46250,86500,17898,459000,137000
2019-07-03,3685,45400,85500,18060,468500,136000
2019-07-04,3640,46000,89200,18028,468500,139000
2019-07-05,3820,45650,90000,17574,480000,141500
2019-07-08,3685,44400,88200,16182,478000,138500
2019-07-09,3635,45100,87200,15762,484500,137500
2019-07-10,3645,45550,89500,15859,486500,137000
2019-07-11,3670,46200,91300,16150,490500,139000
2019-07-12,3630,46300,93300,16927,497500,139500
2019-07-15,3560,46450,92400,17056,497000,138000
2019-07-16,3530,46850,90600,16959,500000,133000
2019-07-17,3445,46050,91200,16636,493000,133500
2019-07-18,3480,46100,90300,16507,495500,134000
2019-07-19,3540,46800,90500,16571,502000,134500
2019-07-22,3560,47200,92200,16701,500000,133000
2019-07-23,3520,47300,94800,16150,498500,132000
2019-07-24,3480,46400,94500,16150,493000,132500
2019-07-25,3490,47200,93000,15374,490000,131500
2019-07-26,3440,47150,93000,15147,492000,130500
2019-07-29,3310,46100,91700,14176,485000,128000
2019-07-30,3300,46550,93200,14047,481500,128000
2019-07-31,3305,45350,94100,14144,481500,126500
2019-08-01,3205,45200,93500,13723,502000,125500
2019-08-02,3110,44950,91200,13529,520000,127500
2019-08-05,2880,43950,89200,12105,522000,127500
2019-08-06,2885,43500,88400,12040,508000,126000
2019-08-07,2905,43200,88700,12589,511000,127000
2019-08-08,3080,42650,89900,13172,520000,130000
2019-08-09,3150,43150,88600,12978,528000,132500
2019-08-12,3220,43700,88700,13075,524000,131000
2019-08-13,3220,43000,85100,12720,522000,129000
2019-08-14,3255,43700,88500,12817,523000,127500
2019-08-16,3235,43900,88300,12461,518000,128000
2019-08-19,3300,43600,88900,12396,528000,128000
2019-08-20,3355,44450,91700,12817,539000,126500
2019-08-21,3390,44500,92300,12978,536000,125500
2019-08-22,3385,44050,92700,12720,539000,124000
2019-08-23,3315,43950,92700,12720,531000,126000
2019-08-26,3260,43600,91200,11845,531000,124500
2019-08-27,3255,44050,89900,12073,531000,125000
2019-08-28,3290,44150,90300,12558,539000,127500
2019-08-29,3300,43400,90900,12914,534000,126500
2019-08-30,3395,44000,96700,13043,537000,128500
2019-09-02,3465,43800,97100,13043,550000,131000
2019-09-03,3530,43250,96900,13140,550000,128500
2019-09-04,3535,44100,96500,13205,551000,128500
2019-09-05,3615,45700,96500,13302,543000,128000
2019-09-06,3550,46300,96100,13140,552000,127500
2019-09-09,3590,46900,97500,12817,552000,127000
2019-09-10,3690,47000,97500,12978,551000,128000
2019-09-11,3690,47150,99700,12881,544000,129000
2019-09-16,3740,47100,102000,13269,528000,128000
2019-09-17,3690,46900,101000,13399,522000,126000
2019-09-18,3740,47700,100000,13075,524000,127500
2019-09-19,3740,49150,99700,13140,525000,129000
2019-09-20,3835,49200,102000,13172,521000,129500
2019-09-23,3820,49300,102500,12946,522000,133000
2019-09-24,3825,49500,103000,12978,527000,134000
2019-09-25,3700,48900,102000,12170,522000,134500
2019-09-26,3770,49200,100500,12008,530000,133000
2019-09-27,3670,48400,100000,12428,523000,133500
2019-09-30,3625,49050,99400,12267,521000,134000
2019-10-01,3660,48850,98900,12461,526000,132500
2019-10-02,3650,47600,97800,12105,510000,128500
2019-10-04,3565,48000,98500,11651,506000,126500
2019-10-07,3480,47750,100000,11263,511000,128000
2019-10-08,3460,48900,100500,12105,521000,129500
2019-10-10,3395,48550,101500,12137,521000,126500
2019-10-11,3425,49150,101500,11942,516000,126000
2019-10-14,3500,50000,102500,12267,518000,122000
2019-10-15,3470,50100,99100,12558,517000,122000
2019-10-16,3500,50700,98900,12461,506000,123000
2019-10-17,3470,50500,99800,12073,516000,123000
2019-10-18,3475,49900,99100,12267,515000,123000
2019-10-21,3400,50300,98000,12105,534000,122000
2019-10-22,3340,51200,100500,12525,524000,122000
2019-10-23,3395,51200,101000,12622,523000,121000
2019-10-24,3355,50700,105500,12461,529000,122000
2019-10-25,3385,50900,106000,12817,523000,123500
2019-10-28,3385,51300,104000,13464,513000,121500
2019-10-29,3350,51100,102000,13334,513000,122500
2019-10-30,3305,50400,101500,13302,519000,122500
2019-10-31,3295,50400,99700,13464,516000,122000
2019-11-01,3270,51200,101500,13269,538000,124000
2019-11-04,3310,52300,101000,13820,539000,124000
2019-11-05,3350,52700,101500,13723,549000,125000
2019-11-06,3395,53300,99600,13691,539000,123500
2019-11-07,3360,52900,99900,13237,540000,123500
2019-11-08,3415,52100,100500,13464,529000,124000
2019-11-11,3415,51600,99300,13205,522000,123500
2019-11-12,3385,52600,99300,13237,534000,125500
2019-11-13,3395,52500,96300,12946,523000,124500
2019-11-14,3365,52800,95500,13011,526000,124500
2019-11-15,3410,53700,97600,13334,549000,125500
2019-11-18,3450,53500,98000,13366,553000,126000
2019-11-19,3655,53500,96100,13205,561000,125000
2019-11-20,3640,52000,94700,12817,556000,124500
2019-11-21,3600,51000,94100,12461,541000,124500
2019-11-22,3570,51600,92000,12817,533000,123500
2019-11-25,3555,51800,90900,12978,535000,125000
2019-11-26,3615,51800,89800,13205,521000,122500
2019-11-27,3580,52200,91300,12946,505000,123500
2019-11-28,3565,51300,90800,12914,499000,124000
2019-11-29,3610,50300,89200,12687,493000,121000
2019-12-02,3580,50400,88600,12817,487000,121500
2019-12-03,3560,49900,89700,12493,485000,121500
2019-12-04,3490,49450,88100,12105,500000,122000
2019-12-05,3415,49500,88200,12105,502000,118000
2019-12-06,3400,50400,88400,12493,539000,118500
2019-12-09,3340,51200,89400,13269,540000,119500
2019-12-10,3330,51500,88300,13043,540000,120000
2019-12-11,3290,51900,90000,13108,545000,119000
2019-12-12,3295,53300,92700,13140,536000,120000
2019-12-13,3370,54700,92600,13366,538000,121000
2019-12-16,3365,54700,94200,13172,542000,119000
2019-12-17,3360,56700,95500,13237,539000,122000
2019-12-18,3335,56300,96500,12881,541000,123000
2019-12-19,3315,56000,96700,12914,533000,123500
2019-12-20,3445,56000,97200,12881,539000,124000
2019-12-23,3355,55500,97800,12817,540000,122500
2019-12-24,3325,55000,97200,12946,533000,122000
2019-12-26,3330,55400,95200,13140,537000,122500
2019-12-27,3420,56500,96100,13917,541000,120500
2019-12-30,3550,55800,95300,14532,541000,120500
2020-01-02,3750,55200,91900,14790,541000,118000
2020-01-03,3775,55500,93500,14564,565000,116000
2020-01-06,3835,55500,93400,14726,579000,116000
2020-01-07,3900,55800,91900,14499,594000,115500
2020-01-08,3765,56800,88100,13917,604000,112000
2020-01-09,3850,58600,87400,14856,608000,111500
2020-01-10,3780,59500,87200,15277,608000,113500
2020-01-13,3780,60000,85700,15147,614000,115000
2020-01-14,3785,60000,85300,15018,610000,116000
2020-01-15,3805,59000,85500,14953,619000,115000
2020-01-16,3760,60700,83900,14986,632000,118500
2020-01-17,3745,61300,84100,14888,631000,118500
2020-01-20,3650,62400,83700,15180,630000,118000
2020-01-21,3565,61400,83300,14726,632000,117000
2020-01-22,3585,62300,82900,14758,643000,127000
2020-01-23,3635,60800,80900,14693,646000,130500
2020-01-28,3475,58800,76400,13917,644000,131000
2020-01-29,3500,59100,77200,13788,649000,131000
2020-01-30,3500,57200,75800,13755,655000,127500
2020-01-31,3475,56400,76200,13269,636000,125000
2020-02-03,3400,57200,73500,14758,640000,123500
2020-02-04,3475,58900,73400,15180,656000,124000
2020-02-05,3520,59500,75200,15374,657000,124000
2020-02-06,3530,61100,77800,16085,670000,132000
2020-02-07,3525,60400,76700,16668,672000,131000
2020-02-10,3710,59700,77600,16701,648000,130000
2020-02-11,3800,59900,79200,17995,644000,132500
2020-02-12,3820,60500,77600,18028,650000,136000
2020-02-13,3815,60700,77600,18092,629000,133000
2020-02-14,3825,61800,76200,17898,657000,133500
2020-02-17,3980,61500,77800,17703,658000,135500
2020-02-18,3860,59800,77900,17024,655000,132500
2020-02-19,3710,60200,76800,17218,687000,131500
2020-02-20,3625,60000,76100,17380,676000,130000
2020-02-21,3500,59200,74200,16571,669000,128000
2020-02-24,3345,56800,71600,15891,663000,122500
2020-02-25,3395,57900,71200,16313,669000,122500
2020-02-26,3380,56500,70500,16117,672000,122500
2020-02-27,3340,55900,68800,15438,654000,121000
2020-02-28,3255,54200,66600,14726,649000,115000
2020-03-02,3320,55000,66700,15535,661000,113500
2020-03-03,3405,55400,68100,15438,679000,112500
2020-03-04,3525,57400,67500,16085,720000,113000
2020-03-05,3730,57800,67800,16085,711000,114000
2020-03-06,3670,56500,64300,15826,700000,110500
2020-03-09,3450,54200,58000,14888,680000,104000
2020-03-10,3430,54600,61300,15341,676000,102000
2020-03-11,3430,52100,62500,14629,666000,100000
2020-03-12,3275,50800,59000,13691,641000,95000
2020-03-13,3060,49950,56900,12558,641000,87200
2020-03-16,2990,48900,56000,11684,595000,82900
2020-03-17,3000,47300,57800,12299,577000,80100
2020-03-18,2825,45600,57700,11069,570000,73500
2020-03-19,2325,42950,49900,8997,530000,65900
2020-03-20,2425,45400,52700,10454,567000,71100
2020-03-23,2190,42500,48500,9839,572000,68900
2020-03-24,2340,46950,51400,10810,649000,74800
2020-03-25,2600,48650,58200,11425,651000,84500
2020-03-26,2660,47800,55900,11165,625000,84900
2020-03-27,2665,48300,56500,11231,622000,86400
2020-03-30,2805,47850,55600,11425,624000,85400
2020-03-31,3100,47750,57100,11522,652000,88700
2020-04-01,3150,45800,55000,11197,618000,85400
2020-04-02,3270,46800,66000,11651,656000,86600
2020-04-03,3215,47000,62800,11748,647000,86300
2020-04-06,3240,48700,67900,12267,678000,88800
2020-04-07,3250,49600,68400,12589,675000,90400
2020-04-08,3260,48600,67700,12687,663000,90000
2020-04-09,3280,49100,69900,12720,655000,97100
2020-04-10,3290,49250,68700,12589,650000,99700
2020-04-13,3460,48300,65900,12073,651000,97800
2020-04-14,3585,49000,67400,12654,656000,100000
2020-04-16,3705,49000,66100,13075,655000,99100
2020-04-17,3655,51400,67200,13432,649000,100500
2020-04-20,3750,50100,66800,13302,642000,97600
2020-04-21,3685,49250,68300,13043,642000,93500
2020-04-22,3650,49850,67900,12946,677000,92600
2020-04-23,3680,49850,71800,13140,661000,92400
2020-04-24,3710,49350,70300,12849,653000,90100
2020-04-27,3670,49850,71500,13011,630000,91600
2020-04-28,3600,50100,68700,12946,648000,93200
2020-04-29,3610,50000,70000,13075,643000,93600
2020-05-04,3505,48500,68200,12914,624000,91500
2020-05-06,3495,49200,69800,13172,641000,93200
2020-05-07,3600,48800,68900,13269,646000,92600
2020-05-08,3645,48800,69000,13626,679000,94500
2020-05-11,3765,48400,68300,13366,699000,93700
2020-05-12,3705,47900,66300,13205,747000,91900
2020-05-13,3680,48550,66500,14661,721000,93100
2020-05-14,3695,48000,64100,14338,753000,92300
2020-05-15,3735,47850,66200,14370,745000,92300
2020-05-18,3760,48800,66800,15018,727000,91900
2020-05-19,3800,50300,72400,15018,732000,99100
2020-05-20,3795,50000,70900,15438,750000,97300
2020-05-21,3825,49950,71000,15503,792000,97200
2020-05-22,3995,48750,69000,15244,790000,94500
2020-05-25,4155,48850,68800,16733,812000,96000
2020-05-26,4465,49250,72500,17186,801000,97800
2020-05-27,4840,49900,71700,16895,787000,98100
2020-05-28,4685,50400,70900,16150,792000,97200
2020-05-29,4725,50700,70700,15794,790000,98000
2020-06-01,4845,51200,72800,17606,816000,100000
2020-06-02,4895,51400,73900,18254,810000,102500
2020-06-03,5020,54500,76800,18125,792000,108500
2020-06-04,5520,54600,76000,20551,800000,108500
2020-06-05,5410,55500,76300,20779,805000,111000
2020-06-08,5240,54900,76800,20714,797000,113000
2020-06-09,5280,55500,75100,21296,800000,112000
2020-06-10,5400,55400,74000,21296,822000,111500
2020-06-11,5570,54300,71300,21296,825000,108500
2020-06-12,5160,52300,69100,20973,824000,103500
2020-06-15,4750,49900,66000,18675,810000,97000
2020-06-16,4905,52100,68200,19970,875000,101500
2020-06-17,4780,52200,68000,20422,866000,100500
2020-06-18,4670,52300,67700,20099,832000,100000
2020-06-19,4655,52900,67900,20616,857000,100000
2020-06-22,4480,52000,66900,20519,888000,98500
2020-06-23,4450,51400,66600,20519,920000,98700
2020-06-24,4530,52900,66800,20519,943000,103000
2020-06-25,4320,51900,65200,20519,912000,99400
2020-06-26,4660,53300,64600,19840,909000,100000
2020-06-29,4720,52400,62600,19127,890000,97700
2020-06-30,4685,52800,63500,19063,891000,97700
2020-07-01,4650,52600,62500,19127,893000,98200
2020-07-02,4760,52900,64000,19549,964000,99000
2020-07-03,4925,53600,64000,20066,944000,99200
2020-07-06,4970,55000,64000,20682,995000,101500
2020-07-07,4940,53400,64000,20196,962000,99200
2020-07-08,4920,53000,63300,20422,945000,99600
2020-07-09,4840,52800,63500,20551,947000,99600
2020-07-10,4715,52700,61700,20099,944000,98300
2020-07-13,4815,53400,63100,20682,965000,101500
2020-07-14,4970,53800,62100,20454,946000,101500
2020-07-15,4995,54700,63500,20584,928000,109000
2020-07-16,5000,53800,63900,20973,879000,110000
2020-07-17,5020,54400,63300,20908,880000,117500
2020-07-20,4995,54200,62500,21232,859000,121500
2020-07-21,5220,55300,63000,21394,859000,121500
2020-07-22,5190,54700,63000,24727,861000,118500
2020-07-23,5200,54100,62200,24274,811000,124500
2020-07-24,5170,54200,61700,23011,802000,122500
2020-07-27,5200,55600,61200,22753,785000,123500
2020-07-28,5170,58600,61600,22883,794000,123000
2020-07-29,5490,59000,61700,23367,812000,125000
2020-07-30,5850,59000,61500,23789,825000,127500
2020-07-31,5880,57900,61000,23497,811000,126500
2020-08-03,6040,56800,59900,24144,844000,127000
2020-08-04,6030,57300,60000,24112,846000,132500
2020-08-05,6050,56900,61100,24533,846000,134000
2020-08-06,6430,58000,61800,25731,854000,144500
2020-08-07,6600,57500,62300,27122,865000,147000
2020-08-10,6700,57800,61400,27252,841000,170000
2020-08-11,6800,58200,64000,27478,840000,179000
2020-08-12,6380,59000,64300,29063,850000,172000
2020-08-13,6650,58700,63600,28870,897000,170000
2020-08-14,6410,58000,63600,27220,872000,167000
2020-08-18,5690,58400,61100,25893,834000,158000
2020-08-19,5860,57800,60500,27154,841000,164500
2020-08-20,5560,55400,58100,25342,783000,155000
2020-08-21,5600,55900,58500,26183,823000,156000
2020-08-24,5550,56100,57900,26993,841000,161500
2020-08-25,5700,56400,59700,27510,826000,166000
2020-08-26,5580,56400,58600,27510,818000,167500
2020-08-27,5340,55600,57400,27317,863000,163500
2020-08-28,5550,55400,57400,28158,856000,172000
2020-08-31,5760,54000,56500,30488,825000,176500
2020-09-01,5870,54200,56900,29808,828000,180000
2020-09-02,6170,54400,57300,31200,850000,176000
2020-09-03,6330,56400,57400,31524,835000,176500
2020-09-04,6360,55600,56900,32948,813000,172500
2020-09-07,6300,56500,56800,34437,812000,170000
2020-09-08,6220,58700,57200,33919,811000,168000
2020-09-09,6490,58400,56000,34437,791000,167500
2020-09-10,7080,59200,55900,34567,830000,169000
2020-09-11,7260,59000,55500,33400,818000,171500
2020-09-14,7230,60400,55900,33400,830000,180000
2020-09-15,7400,61000,55400,33530,824000,179000
2020-09-16,7450,61000,55600,32948,822000,183500
2020-09-17,7300,59500,55000,33143,805000,184000
2020-09-18,7260,59300,54600,33725,821000,181000
2020-09-21,7410,59200,53800,33207,804000,185000
2020-09-22,7100,58200,51800,30649,787000,179500
2020-09-23,7130,58600,51500,29582,805000,179500
2020-09-24,6860,57800,50300,27866,787000,171500
2020-09-25,6860,57900,50900,27575,784000,170000
2020-09-28,7280,58200,51000,28741,799000,175500
2020-09-29,7210,58200,51600,29031,806000,178500
2020-10-05,7380,58700,54100,29063,789000,187000
2020-10-06,7390,59000,53500,29550,788000,182500
2020-10-07,7440,59900,55900,29970,768000,183000
2020-10-08,7410,59700,56600,30974,751000,180500
2020-10-12,7340,60400,57700,30844,754000,180000
2020-10-13,7340,60900,58000,30230,754000,179000
2020-10-14,7190,60900,56700,29128,752000,178000
2020-10-15,7270,60000,56600,29160,750000,176000
2020-10-16,7090,59500,56700,29841,767000,172000
2020-10-19,7000,60000,57900,28676,771000,168000
2020-10-20,7050,60900,56900,28546,794000,167500
2020-10-21,7600,60900,58200,28709,809000,165500
2020-10-22,7640,60100,57900,27478,811000,162500
2020-10-23,8070,60200,58300,26701,796000,167000
2020-10-26,8820,60400,58100,25051,796000,171500
2020-10-27,8860,59800,57000,25764,782000,172500
2020-10-28,9450,59000,56900,27188,802000,173500
2020-10-29,9490,58100,55600,27769,813000,170000
2020-10-30,8970,56600,54300,27510,776000,164500
2020-11-02,9270,57400,55000,27964,778000,170500
2020-11-03,9300,58800,56800,29160,782000,170500
2020-11-04,9440,58500,56400,29128,837000,171500
2020-11-05,10150,60300,57200,30941,843000,175000
2020-11-06,10250,60100,57100,30358,848000,170500
2020-11-09,11900,60200,57900,29970,844000,172500
2020-11-10,12400,60200,66400,27996,797000,173500
2020-11-11,13000,61300,66700,28028,801000,175500
2020-11-12,14350,61000,64700,28061,791000,174000
2020-11-13,14400,63200,63800,28093,808000,177500
2020-11-16,14100,66300,66800,27866,800000,179000
2020-11-17,12950,65700,66600,27866,789000,182500
2020-11-18,13150,64800,67200,28158,800000,179500
2020-11-19,12550,64600,65100,28481,828000,180000
2020-11-20,12750,64700,65700,28934,828000,177000
2020-11-23,13400,67500,66500,28417,822000,179000
2020-11-24,13050,67700,71000,28417,820000,181000
2020-11-25,12800,66600,71200,27769,805000,179500
2020-11-26,12900,68000,71400,27866,816000,179000
2020-11-27,13000,68200,70500,29096,822000,181000
2020-11-30,13350,66700,69600,29453,810000,181500
2020-12-01,13400,67800,70000,29257,852000,183500
2020-12-02,13300,69500,70800,29096,859000,182500
2020-12-03,12950,69700,71200,28709,878000,196500
2020-12-04,12750,71500,70200,29096,867000,196500
2020-12-07,12300,72900,70700,30035,871000,193500
2020-12-08,12750,71700,69900,29453,874000,186500
2020-12-09,12900,73900,71700,29290,879000,191500
2020-12-10,13850,72900,72000,29290,878000,191500
2020-12-11,13800,73400,73300,30617,888000,190000
2020-12-14,13300,73800,71500,30488,885000,189000
2020-12-15,13600,73800,72000,30844,875000,188500
2020-12-16,13550,73800,71100,30746,868000,190000
2020-12-17,14350,73300,71200,31038,868000,190500
2020-12-18,13800,73000,70600,30746,863000,189000
2020-12-21,13600,73000,70200,30358,864000,187000
2020-12-22,13000,72300,69300,29905,865000,184000
2020-12-23,13050,73900,67700,30909,888000,185000
2020-12-24,12850,77800,69000,32365,897000,187000
2020-12-28,12900,78700,68100,32883,898000,189500
2020-12-29,13750,78300,68000,33180,913000,190500
2020-12-30,13950,81000,69200,32784,931000,192000
2021-01-04,16550,83000,70300,35224,978000,207500
2021-01-05,16500,83900,70800,34829,985000,209500
2021-01-06,15850,82200,73700,34697,953000,203000
2021-01-07,16150,82900,75000,36609,947000,206000
2021-01-08,15750,88800,75200,38589,995000,246000
2021-01-11,15200,91000,73000,41096,978000,267500
2021-01-12,14850,90600,75100,40634,947000,261000
2021-01-13,15050,89700,78300,40172,940000,259000
2021-01-14,15200,89700,77700,42744,939000,250500
2021-01-15,14800,88000,75300,42217,935000,240000
2021-01-18,14050,85000,72300,41888,938000,241000
2021-01-19,14950,87000,73600,42546,957000,261500
2021-01-20,14700,87200,72800,42546,965000,259000
2021-01-21,14950,88100,73900,41821,970000,264500
2021-01-22,14700,86800,73000,40569,989000,257000
2021-01-25,14450,89400,72600,40898,995000,260000
2021-01-26,14050,86700,70700,40435,953000,251500
2021-01-27,14100,85600,70800,40964,978000,245500
2021-01-28,14050,83700,70200,39974,968000,238500
2021-01-29,13650,82000,68200,38523,953000,229000
2021-02-01,14000,83000,69200,40898,953000,238500
2021-02-02,14050,84400,71900,40370,984000,240500
2021-02-03,13950,84600,71700,40040,1008000,245500
2021-02-04,13700,82500,73600,41360,962000,248500
2021-02-05,14050,83500,74600,40964,976000,249500
2021-02-08,14400,83000,80200,41888,1038000,234000
2021-02-09,14350,82700,81200,41954,1006000,236500
2021-02-10,14500,81600,82700,42810,1027000,245000
2021-02-15,15350,84200,88700,43140,999000,247500
2021-02-16,15100,84900,88200,43075,1015000,247500
2021-02-17,15800,83200,90000,42019,999000,243500
2021-02-18,15800,82100,85300,41096,995000,235500
2021-02-19,16400,82600,84600,42481,997000,242000
2021-02-22,17300,82200,86600,42810,931000,241500
2021-02-23,17000,82000,90200,42217,931000,244500
2021-02-24,17000,82000,83700,40634,934000,235000
2021-02-25,18400,85300,88000,42876,972000,245000
2021-02-26,19000,82500,85000,42415,936000,237000
2021-03-02,18800,83600,84600,43998,946000,239000
2021-03-03,20400,84000,85500,45713,962000,240000
2021-03-04,20300,82400,86600,46109,960000,235000
2021-03-05,21950,82100,86800,46042,931000,235000
2021-03-08,22100,82000,88100,43207,931000,230500
2021-03-09,20150,81400,88000,40634,931000,231500
2021-03-10,21900,80900,84100,40237,932000,227500
2021-03-11,21200,82000,84900,41096,931000,228500
2021-03-12,21600,82800,85500,41227,935000,232500
2021-03-15,21450,81800,84400,40569,930000,232000
2021-03-16,22300,82800,83200,39974,954000,234000
2021-03-17,22400,82300,81800,38458,940000,232000
2021-03-18,23600,82900,81900,38853,939000,234000
2021-03-19,24450,81900,79200,39381,933000,229500
2021-03-22,26550,82000,81500,38325,932000,229000
2021-03-23,28450,81800,80200,37006,931000,226500
2021-03-24,29150,81000,78700,36280,936000,221000
2021-03-25,29450,81200,79200,37138,906000,218000
2021-03-26,34150,81500,81300,36214,898000,215500
2021-03-29,30950,81600,80500,35687,834000,215500
2021-03-30,28100,82200,82600,35885,845000,219500
2021-03-31,29000,81400,81200,37731,873000,218000
2021-04-01,27800,82900,80300,38194,875000,219000
2021-04-02,28050,84800,81200,38458,885000,233500
2021-04-05,28750,85400,80400,39249,885000,234000
2021-04-06,29150,86000,79600,39777,870000,230000
2021-04-07,30500,85600,80100,39710,868000,230000
2021-04-08,30500,84700,79700,39249,899000,231500
2021-04-09,29850,83600,78900,41888,925000,228500
2021-04-12,29900,83200,78200,43207,906000,226000
2021-04-13,29900,84000,77800,43075,914000,230000
2021-04-14,30100,84000,79900,42085,916000,232500
2021-04-15,29850,84100,78900,42019,920000,230500
2021-04-16,31150,83900,79200,42283,912000,231500
2021-04-19,33400,83300,78200,44592,894000,230000
2021-04-20,33550,83900,79000,44987,882000,229000
2021-04-21,33050,82600,77400,45054,857000,225500
2021-04-22,33750,82400,78700,45515,850000,226000
2021-04-23,32950,82800,78000,46834,849000,221000
2021-04-26,36150,83500,84300,44723,861000,221500
2021-04-27,36800,82900,84600,47823,858000,220000
2021-04-28,39300,82100,88500,49341,835000,221500
2021-04-29,39950,81700,88000,49341,837000,217500
2021-04-30,39200,81500,87100,49341,830000,212000
2021-05-03,36950,81700,89900,49341,820000,218000
2021-05-04,35650,82600,91700,49341,818000,223500
2021-05-06,39900,82300,95500,49341,806000,223500
2021-05-07,42600,81900,94400,49341,830000,224000
2021-05-10,44200,83200,96500,49341,878000,229500
2021-05-11,44400,81200,98100,49341,850000,226500
2021-05-12,47600,80000,96700,49341,847000,227500
2021-05-13,44450,78500,95500,49341,841000,229500
2021-05-14,43700,80100,96100,49341,831000,229000
2021-05-17,42850,79600,97600,49341,815000,227000
2021-05-18,42850,79600,99900,49341,823000,231000
2021-05-20,46050,79500,96600,49341,822000,224500
2021-05-21,46100,80100,94000,49341,853000,227500
2021-05-24,47750,79700,94300,49341,846000,228000
2021-05-25,49350,79900,96000,49341,859000,227500
2021-05-26,49400,79800,97600,49341,856000,223500
2021-05-27,50600,79600,94800,49341,851000,220500
2021-05-28,49650,80100,95000,50865,852000,232000
2021-05-31,47900,80500,93600,46627,868000,235000
2021-06-01,47650,80600,99900,45388,872000,237000
2021-06-02,47250,80800,102500,43483,854000,238000
2021-06-03,47350,82800,103500,45007,851000,238500
2021-06-04,45400,82200,105000,45864,843000,241500
2021-06-07,42350,81900,102500,44864,843000,241500
2021-06-08,45050,81900,101000,44293,843000,243500
2021-06-09,43750,81100,103500,43292,858000,239500
2021-06-10,43900,81000,103500,43817,849000,236000
2021-06-11,44850,81000,101000,40864,841000,238500
2021-06-14,46250,80500,102500,41245,858000,238000
2021-06-15,44550,80900,105500,41007,853000,237000
2021-06-16,45050,81800,104500,42340,848000,239500
2021-06-17,44650,80900,104000,42435,824000,236500
2021-06-18,44400,80500,100000,42626,818000,235000
2021-06-21,43400,79900,100500,42150,820000,233000
2021-06-22,43300,80000,104500,41340,812000,241000
2021-06-23,42700,80100,101500,40673,825000,242500
2021-06-24,41600,81200,101000,41435,830000,242500
2021-06-25,43050,81600,104000,43292,826000,243000
2021-06-28,44300,81900,106000,42816,823000,241000
2021-06-29,43600,81000,102500,43245,822000,239500
2021-06-30,43900,80700,102500,43102,820000,239500
2021-07-01,44200,80100,101000,43912,834000,242000
2021-07-02,44800,80000,105500,43149,818000,239000
2021-07-05,48100,80400,105500,44150,826000,236000
2021-07-06,47150,81200,110000,44293,839000,236000
2021-07-07,47200,80800,105500,45007,834000,232000
2021-07-08,45650,79900,101000,42864,834000,229500
2021-07-09,44650,79400,102000,45388,800000,226000
2021-07-12,43800,79700,105000,45483,772000,230000
2021-07-13,43500,79800,103500,48674,777000,230000
2021-07-14,42900,79500,102000,50103,778000,230000
2021-07-15,43100,80600,101500,52485,804000,231500
2021-07-16,43950,79800,98800,57342,839000,230000
2021-07-19,43900,79000,97400,59247,827000,227500
2021-07-20,42350,79000,95800,58390,819000,227000
2021-07-21,41800,78500,94500,62581,809000,228000
2021-07-22,41900,79700,96700,62105,794000,228500
2021-07-23,41900,79300,96300,63248,812000,225500
2021-07-26,40600,78800,96700,67630,823000,224500
2021-07-27,41450,78500,98400,67725,806000,225000
2021-07-28,41900,79200,101000,64105,809000,222500
2021-07-29,40800,79000,101000,70963,841000,222000
2021-07-30,40000,78500,98300,68582,824000,218000
2021-08-02,38650,79300,98400,68486,824000,220000
2021-08-03,37600,81400,97300,69725,810000,223500
2021-08-04,39500,82900,98700,66391,812000,225000
2021-08-05,39500,82100,98900,67249,817000,223000
2021-08-06,39950,81500,96900,69344,823000,222500
2021-08-09,39650,81500,94600,90109,822000,221000
2021-08-10,38800,80200,93700,92872,815000,219000
2021-08-11,40150,78500,95700,96205,790000,218500
2021-08-12,40650,77000,95100,102778,806000,219000
2021-08-13,39150,74400,93800,100873,786000,217000
2021-08-17,38550,74200,92000,89538,771000,213000
2021-08-18,40850,73900,92800,92491,788000,212500
2021-08-19,38000,73100,87900,89633,853000,206500
2021-08-20,38200,72700,87100,93825,826000,201500
2021-08-23,37350,73300,88700,94491,824000,204000
2021-08-24,39300,75600,90500,90680,847000,209500
2021-08-25,39650,75700,91500,93348,837000,209500
2021-08-26,40650,74600,91200,92301,709000,210000
2021-08-27,40950,74300,90500,90680,659000,208500
2021-08-30,41000,74600,94300,92301,649000,210000
2021-08-31,42000,76700,95100,106207,660000,212500
2021-09-01,42000,76800,92600,96873,637000,215000
2021-09-02,40300,76000,91700,93157,633000,211500
2021-09-03,39300,76600,92700,95444,622000,214500
2021-09-06,38650,77300,92300,92681,633000,215000
2021-09-07,38450,76100,95100,92014,616000,212500
2021-09-08,38600,76300,98700,88300,612000,213000
2021-09-09,38000,75300,96700,89633,611000,208500
2021-09-10,38250,75300,96400,96396,607000,206500
2021-09-13,38250,76300,98900,94681,591000,205000
2021-09-14,38350,76600,100500,94776,599000,209000
2021-09-15,38400,77000,101000,95729,596000,209500
2021-09-16,37950,76100,101500,101063,589000,208000
2021-09-17,38550,77200,101500,96396,587000,209000
2021-09-23,37850,77400,104000,94967,584000,208500
2021-09-24,38050,77300,105000,99825,596000,207000
2021-09-27,38400,77700,109500,97444,583000,204000
2021-09-28,38150,76300,115000,93825,571000,201500
2021-09-29,36800,74100,112000,95062,574000,201500
2021-09-30,33700,74100,110000,94110,603000,200000
2021-10-01,31800,73200,110500,92109,595000,193500
2021-10-05,30300,72200,112500,92204,563000,193500
2021-10-06,29050,71300,111500,90490,560000,194000
2021-10-07,31500,71600,108000,91157,571000,201000
2021-10-08,29050,71500,106000,88585,578000,205000
2021-10-12,28950,69000,112500,91253,558000,204500
2021-10-13,29300,68800,110500,92491,576000,211000
2021-10-14,29900,69400,108500,95253,582000,209000
2021-10-15,30000,70100,108000,95253,607000,208500
2021-10-18,29100,70200,108500,94396,596000,209500
2021-10-19,30000,70600,106000,95444,629000,209000
2021-10-20,29200,70300,104000,93728,624000,209000
2021-10-21,29400,70200,105500,89919,619000,207500
2021-10-22,28950,70400,102000,91348,628000,207500
2021-10-25,29500,70200,107000,92204,622000,211000
2021-10-26,29400,71100,105500,91062,627000,213500
2021-10-27,26900,70100,106500,90967,639000,213500
2021-10-28,26650,70700,101500,88776,621000,210000
2021-10-29,26650,69800,102500,95349,627000,208000
2021-11-01,26750,69900,101500,97158,648000,208000
2021-11-02,27400,71500,102500,95825,643000,210000
2021-11-03,26750,70400,100000,110874,657000,208500
2021-11-04,27000,70600,99300,118018,595000,214000
2021-11-05,26700,70200,100500,130496,624000,215000
2021-11-08,26900,70600,101000,129163,629000,215000
2021-11-09,26700,70500,100000,132307,627000,213000
2021-11-10,26700,70200,97600,126496,605000,208500
2021-11-11,27450,69900,95800,150119,786000,205000
2021-11-12,27300,70600,96700,147166,715000,208000
2021-11-15,27500,71400,96300,143927,660000,209000
2021-11-16,26850,71300,94400,135450,705000,206500
2021-11-17,25850,70700,90400,136211,725000,207000
2021-11-18,25850,70200,88400,138403,760000,205000
2021-11-19,25600,71200,88600,134783,750000,209500
2021-11-22,25750,74900,86800,128877,748000,218500
2021-11-23,25100,75300,87800,127258,708000,215000
2021-11-24,25000,74800,89200,131639,710000,212000
2021-11-25,24850,73700,87800,127830,700000,210000
2021-11-26,24450,72300,84800,125067,695000,205500
2021-11-29,24750,72300,83500,122686,689000,200500
2021-11-30,23600,71300,79900,122019,681000,195500
2021-12-01,24850,74400,83100,121162,701000,201000
2021-12-02,26400,75800,84800,113161,690000,205500
2021-12-03,26800,75600,86600,114875,728000,206000
2021-12-06,27150,76300,89700,114303,712000,206500
2021-12-07,27850,77400,90600,110970,717000,207500
2021-12-08,27400,77400,88100,116209,732000,207500
2021-12-09,27650,78200,89600,115066,737000,207000
2021-12-10,27350,76900,88000,106969,727000,207500
2021-12-13,28250,76800,88200,107255,714000,209000
2021-12-14,28400,77000,88300,105254,697000,211000
2021-12-15,27050,77600,88500,104493,673000,209000
2021-12-16,28100,77800,89200,104112,680000,209500
2021-12-17,28800,78000,88800,101921,670000,209500
2021-12-20,28000,77100,86800,103349,655000,205000
2021-12-21,28400,78100,87300,103921,663000,205000
2021-12-22,27850,79400,87300,104112,665000,206500
2021-12-23,28150,79900,88600,106683,656000,209000
2021-12-24,27650,80500,88700,109636,656000,215500
2021-12-27,26500,80200,87400,107446,657000,213500
2021-12-28,25500,80300,89200,118114,656000,214000
2021-12-29,27600,78800,87800,116560,660000,212000
2021-12-30,26900,78300,85700,114131,643000,209000
2022-01-03,27300,78600,85900,108303,667000,210500
2022-01-04,27300,78700,90200,104127,657000,210000
2022-01-05,27450,77400,90200,101504,625000,213500
2022-01-06,26300,76900,92400,97521,601000,214000
2022-01-07,26400,78300,97300,99853,606000,215000
2022-01-10,26200,78000,96900,95482,614000,209500
2022-01-11,25750,78900,94500,93150,604000,210500
2022-01-12,26350,78900,96300,99950,616000,211500
2022-01-13,26250,77900,95300,100047,605000,210000
2022-01-14,25200,77300,94700,98493,583000,209000
2022-01-17,25050,77500,93600,98687,588000,205000
2022-01-18,24700,77000,91700,97813,578000,202500
2022-01-19,24350,76300,95200,96842,582000,200500
2022-01-20,24400,76500,91300,99561,578000,202000
2022-01-21,24650,75600,89300,94219,565000,200000
2022-01-24,23800,75100,89600,84117,567000,197000
2022-01-25,22150,74000,86300,83631,558000,194500
2022-01-26,22750,73300,89200,60514,562000,190000
2022-01-27,21900,71300,85300,64691,536000,186500
2022-01-28,21900,73300,90000,63331,536000,189500
2022-02-03,22950,73300,90000,68673,532000,191500
2022-02-04,23200,74000,92500,69936,530000,190000
2022-02-07,23200,73000,90900,66245,540000,186500
2022-02-08,24400,73500,89000,65953,540000,184500
2022-02-09,24450,74700,88000,70810,540000,185000
2022-02-10,24650,75400,88500,68479,550000,185500
2022-02-11,24350,74900,87200,71101,511000,183000
2022-02-14,25000,73700,90300,69159,510000,176500
2022-02-15,25250,73700,86000,70616,513000,180500
2022-02-16,25250,74800,84900,73238,492500,182000
2022-02-17,27800,75000,85200,73335,501000,183500
2022-02-18,29600,74300,82700,73918,492500,183500
2022-02-21,30100,74200,82200,72558,484000,185000
2022-02-22,30750,73400,81300,71976,462500,181500
2022-02-23,30750,73000,81400,72558,463500,180500
2022-02-24,30550,71500,83600,69547,448500,173000
2022-02-25,29900,71900,83200,78969,444000,174000
2022-02-28,28850,72100,84500,84020,443500,175000
2022-03-02,29100,71700,89600,90722,452000,170500
2022-03-03,31000,72900,89300,92276,459500,177500
2022-03-04,35400,71500,89700,92276,437000,172500
2022-03-07,33800,70100,93600,89168,424500,168000
2022-03-08,33950,69500,91900,85186,430500,168000
2022-03-10,32900,71200,88200,89557,443500,169000
2022-03-11,33000,70000,84400,87031,452000,169000
2022-03-14,34500,70200,85500,83146,444500,164500
2022-03-15,31800,69500,82600,82563,440000,163000
2022-03-16,32000,70400,85000,85963,440000,168000
2022-03-17,32550,71200,84900,88682,467000,168500
2022-03-18,33950,70700,85400,88682,467000,171000
2022-03-21,32600,69900,87700,89557,463500,168500
2022-03-22,31150,70300,89400,89362,463000,173500
2022-03-23,31200,70500,89400,90916,469000,176000
2022-03-24,31150,69800,90600,89362,462500,176000
2022-03-25,30200,69800,92200,88877,463500,174000
2022-03-28,29650,69700,97900,87128,457000,174500
2022-03-29,29150,70200,97800,88585,462000,176500
2022-03-30,29300,69900,96800,88197,465000,181000
2022-03-31,29150,69600,96700,89459,467500,180500
2022-04-01,28900,69100,98300,86643,467000,178000
2022-04-04,28550,69300,101000,87420,476000,178000
2022-04-05,28500,69200,99900,98687,480000,179000
2022-04-06,27650,68500,100000,98590,474000,180000
2022-04-07,25800,68000,97500,95190,462000,178500
2022-04-08,25950,67800,99000,96744,458000,176500
2022-04-11,26550,67900,103500,90916,453500,179500
2022-04-12,26600,67000,100000,89265,458000,178000
2022-04-13,26750,68700,104500,91305,458500,181000
2022-04-14,27000,67500,106000,88974,447000,177500
2022-04-15,26700,66600,107500,87323,443000,177000
2022-04-18,26400,66700,107500,86740,438500,178500
2022-04-19,27550,67300,105000,87128,439500,181000
2022-04-20,27400,67400,104500,86545,440000,183000
2022-04-21,27900,67700,104500,85477,437000,183000
2022-04-22,27400,67000,105500,83729,422500,180000
2022-04-25,26750,66300,104000,81203,412500,182000
2022-04-26,27150,66100,102500,80717,420000,187000
2022-04-27,26850,65000,105000,78678,410000,187000
2022-04-28,28500,64800,104500,78289,412500,188500
2022-04-29,28400,67400,103500,83534,421500,186000
2022-05-02,28950,67300,106000,84311,425000,187000
2022-05-03,28900,67500,106000,84506,432500,183500
2022-05-04,29200,67900,107500,87905,423000,184000
2022-05-06,29450,66500,111000,85574,414000,182500
2022-05-09,29400,66100,111500,82854,411000,181500
2022-05-10,28650,65700,107000,82077,408000,180500
2022-05-11,29700,65700,106000,83049,413000,183000
2022-05-12,30800,64900,109000,77901,398500,180500
2022-05-13,31100,66500,110500,78969,439500,186500
2022-05-16,30200,66300,109500,79843,420500,184000
2022-05-17,29350,67600,113000,80912,421500,185500
2022-05-18,29500,68100,110000,80912,435500,185500
2022-05-19,29250,67500,107000,81009,429500,182000
2022-05-20,30150,68000,106000,84991,450000,186500
2022-05-23,31650,67900,105000,82466,455000,188000
2022-05-24,32250,66500,103000,79260,442500,185000
2022-05-25,32300,66400,105500,78581,444500,183500
2022-05-26,32600,65900,106500,78289,454500,184000
2022-05-27,33750,66500,110000,78386,451000,185500
2022-05-30,31950,67700,112500,79746,456000,187500
2022-05-31,32450,67400,116000,80135,455000,189500
2022-06-02,30850,66700,115000,79358,456000,187500
2022-06-03,31250,66800,116000,78678,449500,187000
2022-06-07,30800,65500,120000,75764,441500,183500
2022-06-08,30450,65300,119500,75375,459000,183000
2022-06-09,29450,65200,121000,76055,465500,182500
2022-06-10,29450,63800,121500,74501,457000,184500
2022-06-13,28300,62100,119000,71393,436500,175000
2022-06-14,28500,61900,118500,72170,427000,171500
2022-06-15,27650,60700,118500,69644,411000,174000
2022-06-16,27850,60900,114500,72850,401000,173000
2022-06-17,26900,59800,115500,74112,398000,170000
2022-06-20,25250,58700,113000,73335,399500,170500
2022-06-21,26100,58500,109500,72364,411500,172500
2022-06-22,25400,57600,105000,69547,404500,171500
2022-06-23,24000,57400,101500,64302,418500,171000
2022-06-24,24100,58400,103500,70519,435000,173000
2022-06-27,25500,58800,104000,73044,417500,183000
2022-06-28,26000,59400,108000,77124,398500,186000
2022-06-29,25250,58000,108000,74598,388500,175500
2022-06-30,24600,57000,104000,69547,349500,180500
2022-07-01,24000,56200,99900,65759,350000,180000
2022-07-04,23650,57100,101500,65468,354500,178000
2022-07-05,24750,57200,102000,70324,362500,177500
2022-07-06,23850,56400,92500,68284,360500,172500
2022-07-07,24800,58200,93100,68382,376000,175000
2022-07-08,25100,58700,93000,69353,373500,178000
2022-07-11,24300,58800,92400,67702,363500,179000
2022-07-12,23550,58100,91200,65565,358000,179000
2022-07-13,23600,58000,89900,66925,366500,183500
2022-07-14,23500,57500,90600,73530,367500,182500
2022-07-15,22500,60000,88900,77706,363500,183500
2022-07-18,23150,61900,92300,76735,367500,185500
2022-07-19,23650,60900,93200,85963,367500,188500
2022-07-20,24200,60500,93700,87905,372000,189000
2022-07-21,24300,61800,93700,86254,376000,189000
2022-07-22,24100,61300,90300,89654,373500,191000
2022-07-25,24250,61100,90600,89945,370000,196000
2022-07-26,24250,61700,91900,87031,369500,196000
2022-07-27,24300,61800,93000,88780,362500,196000
2022-07-28,24050,61900,91300,88002,364500,195000
2022-07-29,24850,61400,91800,86740,372500,196000
2022-08-01,25200,61300,91900,89168,373000,196000
2022-08-02,24850,61700,88600,90236,366500,196500
2022-08-03,24900,61300,88200,96064,380500,197000
2022-08-04,25350,61500,85800,99464,385500,196500
2022-08-05,26000,61500,85300,111606,387500,194500
2022-08-08,25050,60800,86500,111800,388500,196000
2022-08-09,25150,60000,87800,116560,412000,193500
2022-08-10,24950,59100,86800,115685,393500,192500
2022-08-11,25300,59900,87100,115588,405000,193000
2022-08-12,24400,60200,90100,110343,385000,196000
2022-08-16,23800,61000,89600,114811,378000,197500
2022-08-17,23450,60400,91300,114423,382500,190000
2022-08-18,23550,61500,92300,117628,382500,186000
2022-08-19,23250,60900,94000,112383,374500,190000
2022-08-22,22600,60000,97500,109954,372500,189000
2022-08-23,22050,59100,99100,107138,363500,189000
2022-08-24,22050,59000,103500,108692,361000,188000
2022-08-25,23400,59700,105500,110149,368500,192000
2022-08-26,23200,60000,106500,105778,368500,193500
2022-08-29,22100,58600,105500,103349,359500,188500
2022-08-30,21800,58800,105000,105389,372000,195500
2022-08-31,22250,59700,101500,111606,378500,196000
2022-09-01,21600,58400,99100,108983,377000,195500
2022-09-02,21350,57500,98400,108012,368000,196500
2022-09-05,20600,57100,101500,106166,377500,200000
2022-09-06,20400,57100,101500,106846,374500,201000
2022-09-07,19650,56000,97300,116948,368500,202000
2022-09-08,20000,55600,97100,121125,371500,200000
2022-09-13,21050,58100,96300,121902,382500,200500
2022-09-14,20750,56800,95000,130547,372500,198500
2022-09-15,21050,56000,94200,141328,368500,198000
2022-09-16,20600,56200,88700,136957,368000,201000
2022-09-19,19850,56400,89200,127536,353000,201500
2022-09-20,20100,55800,88900,126370,357000,198500
2022-09-21,20400,55300,88900,129187,356500,197000
2022-09-22,19850,54400,90000,135695,347000,193500
2022-09-23,18850,54500,86900,129964,330000,190500
2022-09-26,18150,53900,81500,122387,327000,182500
2022-09-27,19550,54200,81500,125010,329000,186000
2022-09-28,19350,52900,77900,116171,323500,179500
2022-09-29,18600,52600,80700,111509,334500,181500
2022-09-30,18500,53100,81000,112383,346000,176500
2022-10-04,18700,55200,83600,113937,356000,179500
2022-10-05,18100,56000,85600,110343,346500,177000
2022-10-06,18350,56300,84900,118405,350500,178000
2022-10-07,18200,56200,84200,116754,349000,175500
2022-10-11,17800,55400,84500,114325,336000,168000
2022-10-12,17800,55800,84900,118794,337000,168000
2022-10-13,18150,55200,82000,119959,322500,164500
2022-10-14,18650,56300,85300,128118,335500,167000
2022-10-17,19050,56600,82800,140357,328000,167000
2022-10-18,19250,56500,82500,141134,355500,168000
2022-10-19,19300,55800,84900,144825,362500,168000
2022-10-20,19100,55500,87000,142300,358000,168500
2022-10-21,19000,55900,85700,142785,360000,167000
2022-10-24,19150,57500,83600,144048,370500,161500
2022-10-25,18800,57700,82200,138900,372500,162500
2022-10-26,18500,59400,82800,137540,380500,160500
2022-10-27,18950,59500,85500,138900,378500,162000
2022-10-28,18600,57300,88200,136569,383000,164000
2022-10-31,19100,59400,86400,137929,390000,164500
2022-11-01,19000,60000,87300,137055,385500,164500
2022-11-02,19000,59600,91900,130741,400500,165000
2022-11-03,18300,59200,89700,135112,385500,162000
2022-11-04,18900,59400,91800,132878,404500,163000
2022-11-07,19700,60200,94900,133946,403000,169500
2022-11-08,20650,61800,93900,130547,412000,170000
2022-11-09,20500,62000,92000,130158,411000,169500
2022-11-10,20250,60400,89000,126079,410000,169500
2022-11-11,20850,62900,89600,129478,465000,172000
2022-11-14,21300,61900,89800,131227,442000,176000
2022-11-15,21600,62400,87500,129090,456500,174500
2022-11-16,21000,62700,88800,126176,461000,172000
2022-11-17,20550,61400,86800,123165,479500,170000
2022-11-18,20400,61800,88200,121513,451000,169500
2022-11-21,20250,61400,88500,120056,459000,168000
2022-11-22,20550,60600,86900,116365,448500,165500
2022-11-23,22300,61000,88600,124233,457500,166000
2022-11-24,21800,61400,87100,127341,459500,167500
2022-11-25,21650,61000,87700,126467,453000,166000
2022-11-28,21350,60100,84300,126467,453000,167500
2022-11-29,21850,60600,86800,131421,454500,169000
2022-11-30,22300,62200,87200,135986,470500,169000
2022-12-01,21700,62600,87600,137443,464000,171500
2022-12-02,21400,60400,86100,130158,469500,169000
2022-12-05,21800,60300,87100,124524,454500,165500
2022-12-06,21100,59200,85700,120639,455000,164500
2022-12-07,20850,58900,83500,119668,460000,163000
2022-12-08,20850,59200,82700,117628,466000,162000
2022-12-09,22050,60400,84400,110829,468000,162500
2022-12-12,21700,59500,86400,109954,468000,163500
2022-12-13,21950,59700,88500,109663,430500,159500
2022-12-14,21900,60500,88000,115977,453000,163500
2022-12-15,21500,59300,88100,115588,434000,162000
2022-12-16,21800,59500,88300,111897,438500,162500
2022-12-19,22550,59500,87400,111217,442500,159000
2022-12-20,21650,58600,86800,111994,438500,157000
2022-12-21,21500,58000,87400,113743,434500,156000
2022-12-22,22450,59100,88200,114131,438500,158500
2022-12-23,21700,58100,88000,108595,429500,157000
2022-12-26,21750,57900,89500,110926,432000,158000
2022-12-27,21850,58100,89100,111800,432000,158000
2022-12-28,20100,56600,86300,105600,433500,154000
2022-12-29,19550,55300,83400,103000,448000,151000
