Date,Close,Open,High,Low,Volume
2019-01-02,38750,39400,39400,38550,7847664
2019-01-03,37600,38300,38550,37450,12471493
2019-01-04,37450,37450,37600,36850,14108958
2019-01-07,38750,38000,38900,37800,12748997
2019-01-08,38100,38000,39200,37950,12756554
2019-01-09,39600,38650,39600,38300,17452708
2019-01-10,39800,40000,40150,39600,14731699
2019-01-11,40500,40350,40550,39950,11661063
2019-01-14,40050,40450,40700,39850,11984996
2019-01-15,41100,40050,41100,39850,11492756
2019-01-16,41450,41150,41450,40700,8491595
2019-01-17,41950,41700,42100,41450,11736903
2019-01-18,42300,42000,42400,41950,11029256
2019-01-21,42750,42700,42750,41900,11355701
2019-01-22,42150,42750,42850,41850,9964356
2019-01-23,42000,41350,42250,41350,11071079
2019-01-24,43050,43050,43100,42350,14747623
2019-01-25,44750,44300,44750,43750,22789395
2019-01-28,45050,45000,45500,44600,17998914
2019-01-29,45500,45050,45500,44350,16215017
2019-01-30,46400,44800,46400,44800,17505980
2019-01-31,46150,46650,47050,46150,21621145
2019-02-01,46350,46650,46950,46250,13832454
2019-02-07,46200,46800,47100,46200,15872001
2019-02-08,44800,45700,45700,44650,12689196
2019-02-11,45000,44500,45000,44250,11125044
2019-02-12,46050,44650,46250,44650,13184367
2019-02-13,46200,46400,46700,46000,11299738
2019-02-14,47500,46600,47500,46150,17259341
2019-02-15,46050,46750,46850,45650,10554643
2019-02-18,46200,46500,46850,45850,8183728
2019-02-19,45950,45850,46150,45450,6741395
2019-02-20,46900,46750,47100,46500,11506720
2019-02-21,46950,46500,47200,46200,8694009
2019-02-22,47150,46500,47150,46450,6895772
2019-02-25,47350,47400,47550,47050,7484716
2019-02-26,46750,47350,47450,46500,7985547
2019-02-27,46750,47000,47250,46750,8045211
2019-02-28,45100,46400,46500,45100,23569321
2019-03-04,44850,46000,46100,44800,12926539
2019-03-05,44250,44600,45100,44150,10612405
2019-03-06,44000,44000,44300,43700,10202544
2019-03-07,44450,43400,44950,43400,11049749
2019-03-08,43800,44450,44800,43800,7729069
2019-03-11,43650,44400,44450,43650,10717408
2019-03-12,44650,44300,44950,44150,11431977
2019-03-13,43850,44250,44450,43700,8108343
2019-03-14,43850,43700,44300,43550,18039161
2019-03-15,44200,43800,44250,43700,16814163
2019-03-18,43700,43950,44150,43450,8188876
2019-03-19,43900,43750,43900,43550,7609563
2019-03-20,44050,43800,44200,43100,9846242
2019-03-21,45850,44600,46250,44050,21138016
2019-03-22,46550,46850,47000,46250,12535911
2019-03-25,45500,45300,45650,44800,8699728
2019-03-26,45250,45500,45700,44900,9729811
2019-03-27,45350,44750,45600,44250,9568081
2019-03-28,44850,44950,45200,44300,6821306
2019-03-29,44650,44500,44900,44200,11491713
2019-04-01,45050,45200,45450,44850,7362129
2019-04-02,45750,45550,46100,45350,9480688
2019-04-03,46600,46750,46750,45800,12436570
2019-04-04,46950,46150,47100,46150,12650168
2019-04-05,46850,46950,47550,46600,8546339
2019-04-08,46650,47250,47250,46150,8507909
2019-04-09,46650,46700,46950,46200,6878761
2019-04-10,46700,46400,46700,46050,11883995
2019-04-11,46250,46700,46800,46150,13697399
2019-04-12,46850,46050,46900,46000,7668936
2019-04-15,47050,47150,47500,47000,8733019
2019-04-16,47250,47400,47400,46800,7730881
2019-04-17,47050,47300,47600,47000,5513658
2019-04-18,45600,47200,47250,45500,12808747
2019-04-19,45300,45750,46000,45250,8479710
2019-04-22,45350,45400,45900,45100,6006957
2019-04-23,45200,45050,45500,45000,6920566
2019-04-24,44750,45400,45650,44150,13299267
2019-04-25,44650,44250,45000,44100,10868965
2019-04-26,44850,44200,45000,43800,9739982
2019-04-29,46150,45150,46150,45100,8777517
2019-04-30,45850,46000,46300,45350,11121273
2019-05-02,45900,45500,46150,45400,8625126
2019-05-03,45300,45900,46050,45300,6562916
2019-05-07,44850,45250,45300,44400,12014907
2019-05-08,44250,44300,44850,44200,10398754
2019-05-09,42450,43900,44250,42450,23029718
2019-05-10,42900,42600,43450,42450,14579512
2019-05-13,42650,42500,43200,42350,7635079
2019-05-14,42650,41300,43100,41300,11563730
2019-05-15,42550,42700,43050,42550,7670185
2019-05-16,41550,42350,42400,41350,13687828
2019-05-17,41200,41950,42050,40850,13357951
2019-05-20,42000,41650,42100,41550,15752397
2019-05-21,43150,42600,43950,42350,18812133
2019-05-22,43500,43700,43800,42400,11033339
2019-05-23,43850,43900,44000,43250,12259006
2019-05-24,42700,43800,43800,42400,13966305
2019-05-27,42650,42500,43000,42350,8066669
2019-05-28,42550,42550,42950,42150,24506881
2019-05-29,41800,41850,42100,41300,14930618
2019-05-30,42550,42200,42700,42150,11766018
2019-05-31,42500,42600,42800,42150,11365999
2019-06-03,43800,42950,43900,42500,15466580
2019-06-04,43450,43400,43700,43000,9913497
2019-06-05,43900,44050,44200,43700,12464135
2019-06-07,44200,43600,44350,43450,11683682
2019-06-10,44800,44300,44850,44050,8792182
2019-06-11,44850,44800,45000,44550,6664872
2019-06-12,44600,44800,45050,44300,8607439
2019-06-13,43750,44200,44400,43400,16906541
2019-06-14,44000,43750,44150,43300,9322873
2019-06-17,43900,43750,44050,43400,11890424
2019-06-18,44350,43750,44500,43650,7994928
2019-06-19,45350,45450,45450,45000,10417690
2019-06-20,45500,44850,45500,44850,7147785
2019-06-21,45700,45750,45800,45200,9454913
2019-06-24,45500,45200,45800,45200,6085066
2019-06-25,45600,45200,45800,45200,7076774
2019-06-26,45700,45800,46000,45600,9226097
2019-06-27,46500,46000,46600,45750,12603534
2019-06-28,47000,47000,47000,46700,12949231
2019-07-01,46600,47350,47400,46250,11383522
2019-07-02,46250,46200,46900,45850,8463073
2019-07-03,45400,45750,46350,45200,9669368
2019-07-04,46000,45250,46200,45250,6365573
2019-07-05,45650,45950,45950,45250,7235395
2019-07-08,44400,44750,44800,44350,7823843
2019-07-09,45100,44850,45450,44700,7646421
2019-07-10,45550,45550,46150,45500,9253930
2019-07-11,46200,46350,46550,46150,10989751
2019-07-12,46300,46350,46400,45800,5245804
2019-07-15,46450,45950,46650,45750,4717226
2019-07-16,46850,46450,46850,46300,7407824
2019-07-17,46050,46150,46350,45950,5216602
2019-07-18,46100,46450,46450,45650,5143554
2019-07-19,46800,46650,46950,46600,8819393
2019-07-22,47200,46800,47300,46600,9009109
2019-07-23,47300,47350,47550,47050,9061381
2019-07-24,46400,47100,47150,46250,8756522
2019-07-25,47200,47150,47200,46600,8408838
2019-07-26,47150,46650,47150,46550,7873886
2019-07-29,46100,46800,47050,46000,6856846
2019-07-30,46550,46300,46850,46300,5551014
2019-07-31,45350,46200,46600,45000,12872916
2019-08-01,45200,44900,45500,44850,7811181
2019-08-02,44950,44550,45500,44300,12151374
2019-08-05,43950,44350,44600,43600,14214086
2019-08-06,43500,42500,43800,42500,15083824
2019-08-07,43200,43600,43900,43100,10002533
2019-08-08,42650,43250,43500,42650,16926881
2019-08-09,43150,43250,43350,43050,9685147
2019-08-12,43700,44000,44000,43550,8466169
2019-08-13,43000,43500,43500,42950,7276979
2019-08-14,43700,43900,44250,43500,8750135
2019-08-16,43900,43800,43900,43300,9528115
2019-08-19,43600,44350,44350,43500,6014218
2019-08-20,44450,43950,44600,43550,8434205
2019-08-21,44500,44350,44800,44150,6571717
2019-08-22,44050,44500,44700,43850,8061177
2019-08-23,43950,43800,44200,43650,5017381
2019-08-26,43600,43050,43800,42950,7954949
2019-08-27,44050,43650,44200,43600,16883932
2019-08-28,44150,44100,44400,43750,5758333
2019-08-29,43400,44200,44200,43050,10768862
2019-08-30,44000,43750,44300,43750,9899073
2019-09-02,43800,44850,44850,43650,7185537
2019-09-03,43250,43550,43650,43100,9774941
2019-09-04,44100,43250,44100,43150,12441837
2019-09-05,45700,44800,46100,44450,18297430
2019-09-06,46300,46500,46500,45850,9896562
2019-09-09,46900,46450,47000,46300,9434157
2019-09-10,47000,47100,47200,46550,9231792
2019-09-11,47150,47300,47400,46800,16141619
2019-09-16,47100,47000,47100,46400,15550926
2019-09-17,46900,47000,47100,46800,7006280
2019-09-18,47700,46900,47700,46800,10413027
2019-09-19,49150,48050,49200,47850,16461413
2019-09-20,49200,49400,49600,49100,15460210
2019-09-23,49300,49250,49300,49000,7568553
2019-09-24,49500,49050,49650,48850,7871955
2019-09-25,48900,49200,49350,48800,9187141
2019-09-26,49200,49000,49250,48900,8494756
2019-09-27,48400,48000,48700,48000,8048041
2019-09-30,49050,48050,49250,47900,9497119
2019-10-01,48850,48900,49100,48650,6206035
2019-10-02,47600,48350,48400,47600,8382463
2019-10-04,48000,47400,48650,47350,9331695
2019-10-07,47750,48350,48700,47650,7047273
2019-10-08,48900,47900,49000,47600,14239367
2019-10-10,48550,48200,49200,48000,18639855
2019-10-11,49150,49000,49450,48800,7783275
2019-10-14,50000,50000,50300,49850,11130635
2019-10-15,50100,49900,50200,49900,6058105
2019-10-16,50700,50700,50900,50400,9136282
2019-10-17,50500,50500,50600,50100,6701380
2019-10-18,49900,50300,50900,49650,8483106
2019-10-21,50300,49900,50400,49800,4406531
2019-10-22,51200,50800,51500,50700,10898729
2019-10-23,51200,51300,51500,50800,8663880
2019-10-24,50700,52500,52500,50500,21185785
2019-10-25,50900,50800,51200,50500,7879897
2019-10-28,51300,50700,51500,50700,6431522
2019-10-29,51100,51400,51700,50800,7581629
2019-10-30,50400,50700,50800,50200,8959435
2019-10-31,50400,51000,51400,50300,10304777
2019-11-01,51200,50600,51200,50400,8467846
2019-11-04,52300,51700,52300,51400,13012411
2019-11-05,52700,52400,52700,52100,10581034
2019-11-06,53300,52900,53500,52700,14361133
2019-11-07,52900,53400,53400,52400,9257116
2019-11-08,52100,53200,53300,52000,11603290
2019-11-11,51600,52200,52200,51400,8185952
2019-11-12,52600,51800,52600,51600,6576148
2019-11-13,52500,52500,52500,52000,6225196
2019-11-14,52800,51900,52800,51900,12010018
2019-11-15,53700,52900,53700,52600,9703360
2019-11-18,53500,53600,53800,53200,7746554
2019-11-19,53500,53200,53500,52700,8907177
2019-11-20,52000,53400,53400,52000,12560070
2019-11-21,51000,51600,52100,50600,14298646
2019-11-22,51600,51000,51600,50900,8478310
2019-11-25,51800,52200,52600,51700,9050625
2019-11-26,51800,51900,52900,51800,27372226
2019-11-27,52200,51800,52300,51600,7546261
2019-11-28,51300,51900,52100,51300,6833885
2019-11-29,50300,51200,51400,50200,11179334
2019-12-02,50400,50900,51300,50400,18877252
2019-12-03,49900,49800,50300,49500,12059812
2019-12-04,49450,49600,49850,49000,13246549
2019-12-05,49500,50200,50400,49500,10449715
2019-12-06,50400,50100,50900,49950,11414563
2019-12-09,51200,50900,51400,50700,8470627
2019-12-10,51500,51000,51600,50700,6882771
2019-12-11,51900,51500,52200,51400,11379521
2019-12-12,53300,53000,53300,52700,29178697
2019-12-13,54700,54500,54800,53900,18120261
2019-12-16,54700,54500,54900,54300,11512405
2019-12-17,56700,55800,56700,55400,19358433
2019-12-18,56300,56700,57200,56000,15558208
2019-12-19,56000,57000,57300,55500,14180520
2019-12-20,56000,56100,56500,55600,12095519
2019-12-23,55500,56100,56400,55100,9839252
2019-12-24,55000,55600,55700,54800,11868463
2019-12-26,55400,54700,55400,54400,9645034
2019-12-27,56500,55700,56900,55500,12313056
2019-12-30,55800,56200,56600,55700,8356767
2020-01-02,55200,55500,56000,55000,12993228
2020-01-03,55500,56000,56600,54900,15422255
2020-01-06,55500,54900,55600,54600,10278951
2020-01-07,55800,55700,56400,55600,10009778
2020-01-08,56800,56200,57400,55900,23501171
2020-01-09,58600,58400,58600,57400,24102579
2020-01-10,59500,58800,59700,58300,16000170
2020-01-13,60000,59600,60000,59100,11359139
2020-01-14,60000,60400,61000,59900,16906295
2020-01-15,59000,59500,59600,58900,14300928
2020-01-16,60700,59100,60700,59000,14381774
2020-01-17,61300,61900,62000,61000,16025661
2020-01-20,62400,62000,62800,61700,12528855
2020-01-21,61400,62000,62400,61200,11142693
2020-01-22,62300,60500,62600,60400,15339565
2020-01-23,60800,61800,61800,60700,14916555
2020-01-28,58800,59400,59400,58300,23664541
2020-01-29,59100,59100,59700,58800,16446102
2020-01-30,57200,58800,58800,56800,20821939
2020-01-31,56400,57800,58400,56400,19749457
2020-02-03,57200,55500,57400,55200,23995260
2020-02-04,58900,57100,59000,56800,21800192
2020-02-05,59500,60000,60200,58900,19278165
2020-02-06,61100,60100,61100,59700,14727159
2020-02-07,60400,61100,61200,59700,16402493
2020-02-10,59700,59200,59800,59100,13107121
2020-02-11,59900,59800,60700,59700,11071231
2020-02-12,60500,60300,60700,59700,12904207
2020-02-13,60700,61200,61600,60500,18449775
2020-02-14,61800,60900,61900,60200,13276067
2020-02-17,61500,61600,62000,61200,8740596
2020-02-18,59800,60800,60900,59700,16674266
2020-02-19,60200,59800,60400,59400,12951496
2020-02-20,60000,60700,61300,59600,14591924
2020-02-21,59200,58800,59800,58500,13777393
2020-02-24,56800,57400,58100,56800,25627537
2020-02-25,57900,56200,58000,56200,23885408
2020-02-26,56500,56000,57000,56000,25483102
2020-02-27,55900,56300,56900,55500,23209541
2020-02-28,54200,55000,55500,54200,30054227
2020-03-02,55000,54300,55500,53600,30403412
2020-03-03,55400,56700,56900,55100,30330295
2020-03-04,57400,54800,57600,54600,24765728
2020-03-05,57800,57600,58000,56700,21698990
2020-03-06,56500,56500,57200,56200,18716656
2020-03-09,54200,54700,55000,53600,30261485
2020-03-10,54600,53800,54900,53700,32106554
2020-03-11,52100,54300,54400,52000,45707281
2020-03-12,50800,51000,51900,49300,48149999
2020-03-13,49950,47450,51600,46850,59462933
2020-03-16,48900,50100,50900,48800,33339821
2020-03-17,47300,46900,49650,46700,51218151
2020-03-18,45600,47750,48350,45600,40152623
2020-03-19,42950,46400,46650,42300,56925513
2020-03-20,45400,44150,45500,43550,49730008
2020-03-23,42500,42600,43550,42400,41701626
2020-03-24,46950,43850,46950,43050,49801908
2020-03-25,48650,48950,49600,47150,52735922
2020-03-26,47800,49000,49300,47700,42185129
2020-03-27,48300,49600,49700,46850,39896178
2020-03-30,47850,47050,48350,46550,26797395
2020-03-31,47750,48000,48500,47150,30654261
2020-04-01,45800,47450,47900,45800,27259532
2020-04-02,46800,46200,46850,45350,21621076
2020-04-03,47000,47400,47600,46550,22784682
2020-04-06,48700,47500,48800,47250,23395726
2020-04-07,49600,49650,50200,49000,31524034
2020-04-08,48600,49600,49750,48600,25010314
2020-04-09,49100,49750,49800,48700,22628058
2020-04-10,49250,48950,49250,48650,17839111
2020-04-13,48300,48650,48900,48300,14431800
2020-04-14,49000,48800,49200,48300,14206216
2020-04-16,49000,49350,49350,48550,23349760
2020-04-17,51400,50800,52000,50300,32041675
2020-04-20,50100,51400,51400,50000,21866354
2020-04-21,49250,49400,49700,48700,27407543
2020-04-22,49850,48700,50000,48350,18613864
2020-04-23,49850,50200,50300,49500,18754442
2020-04-24,49350,49650,49750,49000,15618347
2020-04-27,49850,49350,50000,49100,14049471
2020-04-28,50100,49850,50100,49300,16095399
2020-04-29,50000,49900,50500,49600,15604533
2020-05-04,48500,48900,49100,48500,26083749
2020-05-06,49200,49000,49200,48500,18070225
2020-05-07,48800,49200,49300,48700,13884411
2020-05-08,48800,49100,49350,48800,15319700
2020-05-11,48400,48900,49250,48300,16357743
2020-05-12,47900,48400,48500,47550,23433590
2020-05-13,48550,47250,48550,47200,20223277
2020-05-14,48000,47750,48100,47650,19305974
2020-05-15,47850,48400,48450,47700,18463118
2020-05-18,48800,47950,49100,47600,20481981
2020-05-19,50300,50100,50500,49700,25168295
2020-05-20,50000,50000,50200,49800,14896899
2020-05-21,49950,50300,50400,49850,14949266
2020-05-22,48750,49600,49800,48600,19706284
2020-05-25,48850,48750,48900,48450,14337913
2020-05-26,49250,48700,49450,48600,15127490
2020-05-27,49900,48950,50000,48800,19548479
2020-05-28,50400,51100,51200,49900,31309318
2020-05-29,50700,50000,50700,49700,27596961
2020-06-01,51200,50800,51200,50600,16949183
2020-06-02,51400,51000,51500,50800,14247933
2020-06-03,54500,51800,55000,51700,49257814
2020-06-04,54600,55800,57000,54600,40220334
2020-06-05,55500,54400,55900,54000,22743629
2020-06-08,54900,56400,56500,54700,25634965
2020-06-09,55500,55800,56500,54400,23998831
2020-06-10,55400,55100,55900,54900,16742493
2020-06-11,54300,54500,55100,53200,33815123
2020-06-12,52300,52100,52800,51500,26976019
2020-06-15,49900,51400,52000,49900,28772921
2020-06-16,52100,51200,52100,50600,21808375
2020-06-17,52200,52100,52900,51300,26672595
2020-06-18,52300,52200,52300,51600,15982926
2020-06-19,52900,52600,52900,51600,18157985
2020-06-22,52000,52000,52600,51800,13801350
2020-06-23,51400,52500,52800,51100,18086152
2020-06-24,52900,51900,53900,51600,24519552
2020-06-25,51900,52100,53000,51900,18541624
2020-06-26,53300,52800,53900,52200,21575360
2020-06-29,52400,52500,53200,52000,17776925
2020-06-30,52800,53900,53900,52800,21157172
2020-07-01,52600,53400,53600,52400,16706143
2020-07-02,52900,52100,52900,52100,14142583
2020-07-03,53600,53000,53600,52700,11887868
2020-07-06,55000,54000,55000,53800,19856623
2020-07-07,53400,55800,55900,53400,30760032
2020-07-08,53000,53600,53900,52900,19664652
2020-07-09,52800,53200,53600,52800,17054850
2020-07-10,52700,53100,53200,52300,13714746
2020-07-13,53400,53300,53800,53100,12240188
2020-07-14,53800,53700,53800,53200,14269484
2020-07-15,54700,54400,55000,54300,24051450
2020-07-16,53800,54800,54800,53800,16779127
2020-07-17,54400,54200,54700,54100,10096174
2020-07-20,54200,54800,54800,54000,10507530
2020-07-21,55300,55200,55400,54800,18297260
2020-07-22,54700,55300,55500,54700,12885057
2020-07-23,54100,54700,54700,53800,16214932
2020-07-24,54200,54000,54400,53700,10994535
2020-07-27,55600,54300,55700,54300,21054421
2020-07-28,58600,57000,58800,56400,48431566
2020-07-29,59000,60300,60400,58600,36476611
2020-07-30,59000,59700,60100,59000,19285354
2020-07-31,57900,59500,59600,57700,21943345
2020-08-03,56800,57800,57900,56700,21158940
2020-08-04,57300,57200,58100,57000,19419694
2020-08-05,56900,57300,57500,56300,17739706
2020-08-06,58000,57100,58400,57100,21625874
2020-08-07,57500,57900,58400,57100,18751717
2020-08-10,57800,57600,58300,57500,17774291
2020-08-11,58200,58000,59500,57800,24907912
2020-08-12,59000,58200,59000,57700,18573934
2020-08-13,58700,59400,59600,58000,22089460
2020-08-14,58000,58000,58400,57700,15672548
2020-08-18,58400,58900,59900,58000,25307825
2020-08-19,57800,59000,59200,57800,16930719
2020-08-20,55400,57600,57600,55300,30386029
2020-08-21,55900,56200,56900,55800,21142288
2020-08-24,56100,55800,56600,55400,15055896
2020-08-25,56400,56400,56800,56100,14021705
2020-08-26,56400,56400,56500,55700,17651593
2020-08-27,55600,56300,56300,55600,16196568
2020-08-28,55400,56100,56300,55400,14619888
2020-08-31,54000,56000,56100,54000,32671367
2020-09-01,54200,54100,54800,54100,19363117
2020-09-02,54400,54600,55100,54100,16905723
2020-09-03,56400,55600,56700,55500,28384920
2020-09-04,55600,55200,55800,55100,22139109
2020-09-07,56500,56100,57300,55800,18685880
2020-09-08,58700,57400,58700,57200,31517520
2020-09-09,58400,58200,59300,57800,30597399
2020-09-10,59200,59900,60000,59100,29923293
2020-09-11,59000,59300,59400,58200,16017098
2020-09-14,60400,60200,60800,59900,20648281
2020-09-15,61000,60900,61000,60500,17877075
2020-09-16,61000,61100,61300,60600,17041444
2020-09-17,59500,60700,60800,59300,25108356
2020-09-18,59300,59800,59900,59100,18884571
2020-09-21,59200,59100,60000,59000,15140387
2020-09-22,58200,59100,59700,57800,20830381
2020-09-23,58600,58400,58800,57400,20111398
2020-09-24,57800,57700,58600,57600,17564020
2020-09-25,57900,57700,58200,57700,11444683
2020-09-28,58200,58300,58800,57900,12614080
2020-09-29,58200,58300,59000,58200,15503563
2020-10-05,58700,57500,59200,57500,20228289
2020-10-06,59000,59400,59900,58700,14463826
2020-10-07,59900,58700,59900,58500,14861838
2020-10-08,59700,60500,60700,59500,24589924
2020-10-12,60400,60000,60400,59900,16145837
2020-10-13,60900,61000,61400,60400,19247631
2020-10-14,60900,61000,61100,60500,16086716
2020-10-15,60000,60700,60800,59700,17756232
2020-10-16,59500,60000,60400,59000,16554190
2020-10-19,60000,59600,60200,59500,14474985
2020-10-20,60900,60300,60900,60100,19326115
2020-10-21,60900,61200,61500,60600,15703443
2020-10-22,60100,60300,60500,59800,14294095
2020-10-23,60200,60400,60400,59800,9322232
2020-10-26,60400,60400,61100,60100,13268226
2020-10-27,59800,60300,60300,59500,17260416
2020-10-28,59000,59400,59400,58800,14428882
2020-10-29,58100,58200,58500,57500,22636966
2020-10-30,56600,58000,58000,56600,26907844
2020-11-02,57400,56400,57500,56000,20489076
2020-11-03,58800,57900,58900,57600,14950919
2020-11-04,58500,58900,59000,57800,21718561
2020-11-05,60300,59000,60300,58800,20639475
2020-11-06,60100,60700,60800,59600,16910230
2020-11-09,60200,60700,60900,60100,15892961
2020-11-10,60200,60500,60500,59500,19073552
2020-11-11,61300,60700,61400,60400,25628510
2020-11-12,61000,61000,61400,60700,19800573
2020-11-13,63200,61300,63200,61000,31508829
2020-11-16,66300,64000,66700,63900,36354334
2020-11-17,65700,67000,67000,65600,30204089
2020-11-18,64800,65700,66200,64700,22963790
2020-11-19,64600,64100,64800,63900,16590290
2020-11-20,64700,63900,65200,63900,15068682
2020-11-23,67500,64800,67800,64700,27134398
2020-11-24,67700,67900,69500,67000,32158235
2020-11-25,66600,67900,68300,66500,32447065
2020-11-26,68000,66100,68000,66000,19023323
2020-11-27,68200,68000,68400,67600,14063434
2020-11-30,66700,68400,68600,66700,43811016
2020-12-01,67800,67100,68300,67100,22327173
2020-12-02,69500,68400,69900,68300,29703942
2020-12-03,69700,70100,70500,69300,23677989
2020-12-04,71500,70400,72100,70100,28130533
2020-12-07,72900,72400,73500,71900,28490496
2020-12-08,71700,72200,72900,71600,25000338
2020-12-09,73900,72100,73900,72000,24077996
2020-12-10,72900,72700,73800,72500,39882928
2020-12-11,73400,73500,73800,73100,18486672
2020-12-14,73800,73600,74500,73200,21510415
2020-12-15,73800,73800,74100,73300,20863671
2020-12-16,73800,74100,74500,73400,17512081
2020-12-17,73300,73400,73700,72600,24293214
2020-12-18,73000,73300,73700,73000,17613029
2020-12-21,73000,73100,73400,72000,20367355
2020-12-22,72300,72500,73200,72100,16304910
2020-12-23,73900,72400,74000,72300,19411326
2020-12-24,77800,74100,78800,74000,32502870
2020-12-28,78700,79000,80100,78200,40085044
2020-12-29,78300,78800,78900,77300,30339449
2020-12-30,81000,77400,81300,77300,29417421
2021-01-04,83000,81000,84400,80200,38655276
2021-01-05,83900,81600,83900,81600,35335669
2021-01-06,82200,83300,84500,82100,42089013
2021-01-07,82900,82800,84200,82700,32644642
2021-01-08,88800,83300,90000,83000,59013307
2021-01-11,91000,90000,96800,89500,90306177
2021-01-12,90600,90300,91400,87800,48682416
2021-01-13,89700,89800,91200,89100,36068848
2021-01-14,89700,88700,90000,88700,26393970
2021-01-15,88000,89800,91800,88000,33431809
2021-01-18,85000,86600,87300,84100,43227951
2021-01-19,87000,84500,88000,83600,39895044
2021-01-20,87200,89000,89000,86500,25211127
2021-01-21,88100,87500,88600,86500,25318011
2021-01-22,86800,89000,89700,86800,30861661
2021-01-25,89400,87000,89900,86300,27258534
2021-01-26,86700,88800,89200,86500,33178936
2021-01-27,85600,86600,87700,85600,26423070
2021-01-28,83700,83200,85600,83200,31859808
2021-01-29,82000,84500,85000,82000,39615978
2021-02-01,83000,81700,83400,81000,28046832
2021-02-02,84400,84100,86400,83700,26302077
2021-02-03,84600,84800,85400,83400,22112205
2021-02-04,82500,83500,83800,82100,24171688
2021-02-05,83500,83100,84000,82500,18036835
2021-02-08,83000,83800,84200,83000,15338765
2021-02-09,82700,84000,84800,82700,20898332
2021-02-10,81600,82600,82600,81600,23025766
2021-02-15,84200,83800,84500,83300,23529706
2021-02-16,84900,84500,86000,84200,20483100
2021-02-17,83200,83900,84200,83000,18307735
2021-02-18,82100,83200,83600,82100,21327683
2021-02-19,82600,82300,82800,81000,25880879
2021-02-22,82200,83800,84200,82200,25419886
2021-02-23,82000,81200,82900,81100,20587314
2021-02-24,82000,81800,83600,81300,26807651
2021-02-25,85300,84000,85400,83000,34155986
2021-02-26,82500,82800,83400,82000,38520800
2021-03-02,83600,85100,85300,83000,33498180
2021-03-03,84000,83500,84000,82800,19882132
2021-03-04,82400,82600,83200,82200,24348331
2021-03-05,82100,81100,82600,81100,20508971
2021-03-08,82000,82900,83000,81600,17641256
2021-03-09,81400,81400,81900,80600,25420764
2021-03-10,80900,82400,82500,80700,20038422
2021-03-11,82000,81000,82500,81000,23818297
2021-03-12,82800,83100,83500,82400,13530573
2021-03-15,81800,82800,82900,81800,13735798
2021-03-16,82800,82200,83000,82100,12293537
2021-03-17,82300,82800,82900,82000,11625146
2021-03-18,82900,82800,83800,82600,18585244
2021-03-19,81900,82100,82500,81800,15869700
2021-03-22,82000,82000,82300,81700,12670506
2021-03-23,81800,82600,82900,81800,13299907
2021-03-24,81000,81000,81600,80700,17926638
2021-03-25,81200,81000,82100,80800,14758826
2021-03-26,81500,81400,81600,81000,12845778
2021-03-29,81600,81700,81700,81000,14952134
2021-03-30,82200,81600,82300,81300,13121698
2021-03-31,81400,82400,82700,81400,17240518
2021-04-01,82900,82500,83000,82000,18676461
2021-04-02,84800,84000,85200,83900,22997538
2021-04-05,85400,85800,86000,84800,16255990
2021-04-06,86000,86200,86200,85100,19042023
2021-04-07,85600,86100,86200,85400,17885538
2021-04-08,84700,85700,85700,84100,19244259
2021-04-09,83600,84700,84900,83400,18193707
2021-04-12,83200,84100,84100,83100,12915282
2021-04-13,84000,83000,84500,82800,15238206
2021-04-14,84000,84000,84300,83400,13794652
2021-04-15,84100,83700,84500,83400,16377412
2021-04-16,83900,84700,84700,83600,15429522
2021-04-19,83300,83800,84000,83300,15287311
2021-04-20,83900,83300,84000,83100,15521965
2021-04-21,82600,83300,83500,82500,21636079
2021-04-22,82400,82900,83000,82400,13934746
2021-04-23,82800,81900,82900,81600,17805080
2021-04-26,83500,82900,83500,82600,15489938
2021-04-27,82900,83200,83300,82500,12941533
2021-04-28,82100,83200,83200,82100,15596759
2021-04-29,81700,82400,82500,81500,20000973
2021-04-30,81500,81900,82100,81500,18673197
2021-05-03,81700,81000,82400,81000,15710336
2021-05-04,82600,81900,82600,81800,12532550
2021-05-06,82300,81700,82300,81700,17047511
2021-05-07,81900,81800,82100,81500,14154882
2021-05-10,83200,82300,83500,81800,19385027
2021-05-11,81200,82500,82600,81100,28996680
2021-05-12,80000,80800,81200,79800,35812268
2021-05-13,78500,78900,79600,78400,31490096
2021-05-14,80100,79000,80300,78900,16450920
2021-05-17,79600,80800,80900,79200,17740855
2021-05-18,79600,79600,80000,79100,17494407
2021-05-20,79500,79400,79700,79100,16541828
2021-05-21,80100,80100,81500,79800,20961714
2021-05-24,79700,80100,80400,79500,13398666
2021-05-25,79900,80000,80400,79800,13628942
2021-05-26,79800,80400,80500,79700,11984359
2021-05-27,79600,80000,80000,79100,23198510
2021-05-28,80100,79800,80400,79400,12360199
2021-05-31,80500,80300,80600,79600,13321324
2021-06-01,80600,80500,81300,80100,14058401
2021-06-02,80800,80400,81400,80300,16414644
2021-06-03,82800,81300,83000,81100,29546007
2021-06-04,82200,82700,82700,81500,18112259
2021-06-07,81900,82700,82800,81600,16496197
2021-06-08,81900,82300,82600,81800,12781226
2021-06-09,81100,81500,82000,81100,14908823
2021-06-10,81000,81300,81400,80900,17586995
2021-06-11,81000,81200,81700,80700,14087962
2021-06-14,80500,80800,80900,80500,10550078
2021-06-15,80900,80900,81200,80600,10075685
2021-06-16,81800,81500,81900,81100,14999855
2021-06-17,80900,81100,81300,80700,14007385
2021-06-18,80500,81100,81100,80500,14916721
2021-06-21,79900,79700,80000,79600,16063340
2021-06-22,80000,80200,80300,79900,11773365
2021-06-23,80100,80500,80600,79900,13856548
2021-06-24,81200,80400,81400,80100,18771080
2021-06-25,81600,81500,81900,81200,13481405
2021-06-28,81900,81700,82000,81600,11578529
2021-06-29,81000,81900,82100,80800,15744317
2021-06-30,80700,81100,81400,80700,13288643
2021-07-01,80100,80500,80600,80000,13382882
2021-07-02,80000,80000,80400,79900,8753097
2021-07-05,80400,80100,80800,80000,8330969
2021-07-06,81200,80600,81200,80500,12131651
2021-07-07,80800,81200,81300,80300,15992202
2021-07-08,79900,81100,81200,79900,16660998
2021-07-09,79400,79600,79800,79000,22720577
2021-07-12,79700,79900,80000,79500,9768108
2021-07-13,79800,80000,80200,79800,9863450
2021-07-14,79500,79400,79600,79100,11575636
2021-07-15,80600,79800,80600,79500,13766279
2021-07-16,79800,80100,80100,79500,10859399
2021-07-19,79000,79100,79200,78800,13155414
2021-07-20,79000,78500,79000,78400,12456646
2021-07-21,78500,79000,79100,78500,12355296
2021-07-22,79700,79000,79800,78900,12618790
2021-07-23,79300,79700,79900,79200,9098910
2021-07-26,78800,79400,79500,78800,10040975
2021-07-27,78500,79200,79400,78500,11427693
2021-07-28,79200,78300,79200,78100,12743417
2021-07-29,79000,78800,79400,78800,14360453
2021-07-30,78500,78900,78900,78500,13823411
2021-08-02,79300,79200,79500,78700,11739124
2021-08-03,81400,79400,81400,79300,24339360
2021-08-04,82900,82200,83100,81800,25642368
2021-08-05,82100,83300,83300,82000,18485469
2021-08-06,81500,81900,82500,81300,13342623
2021-08-09,81500,81500,82300,80900,15522581
2021-08-10,80200,82300,82400,80100,20362639
2021-08-11,78500,79600,79800,78500,30241137
2021-08-12,77000,77100,78200,76900,42365223
2021-08-13,74400,75800,76000,74100,61270643
2021-08-17,74200,74000,75100,74000,30944847
2021-08-18,73900,73900,74600,73100,29192631
2021-08-19,73100,73500,74400,73100,22166298
2021-08-20,72700,73500,73900,72500,22364803
2021-08-23,73300,73300,74000,73000,19384648
2021-08-24,75600,73900,75700,73900,21016913
2021-08-25,75700,76200,76600,74900,22319664
2021-08-26,74600,76100,76200,74600,16671494
2021-08-27,74300,74300,75000,73800,15172748
2021-08-30,74600,75400,75500,74200,12686999
2021-08-31,76700,74900,76700,74300,24630370
2021-09-01,76800,76700,77100,75900,16114775
2021-09-02,76000,76800,76800,75700,15347486
2021-09-03,76600,76400,76700,76000,12096419
2021-09-06,77300,76800,77600,76600,12861180
2021-09-07,76100,77100,77100,75900,13239401
2021-09-08,76300,76000,76400,75600,11798147
2021-09-09,75300,76400,76600,75000,17600770
2021-09-10,75300,75300,75600,74800,10103212
2021-09-13,76300,75200,76300,75100,11397775
2021-09-14,76600,77100,77700,76600,18167057
2021-09-15,77000,77400,77400,76400,12829128
2021-09-16,76100,77300,77400,76100,13067622
2021-09-17,77200,76300,77200,75900,16289502
2021-09-23,77400,77500,77600,76800,17055590
2021-09-24,77300,77600,77700,77100,12247274
2021-09-27,77700,77300,77700,77000,11699798
2021-09-28,76300,77700,77800,76200,15406382
2021-09-29,74100,74800,75300,73800,23992458
2021-09-30,74100,74300,74800,73700,19919361
2021-10-01,73200,73900,74000,72900,15803395
2021-10-05,72200,73000,73000,71400,24013921
2021-10-06,71300,72600,72800,71200,18956962
2021-10-07,71600,71600,72100,71300,13683532
2021-10-08,71500,72300,72400,71500,14043287
2021-10-12,69000,70700,70900,68700,31001484
2021-10-13,68800,68700,69600,68300,24172015
2021-10-14,69400,69000,69800,68800,19520641
2021-10-15,70100,70200,71000,70000,18051612
2021-10-18,70200,70200,70300,69200,13486391
2021-10-19,70600,70800,71000,70400,9507991
2021-10-20,70300,70700,71000,70200,10151638
2021-10-21,70200,70300,70600,70000,10891094
2021-10-22,70400,70000,70700,70000,8395448
2021-10-25,70200,69900,70600,69500,10029621
2021-10-26,71100,70600,71500,70400,10528252
2021-10-27,70100,71000,71000,70000,10295316
2021-10-28,70700,69500,72200,69500,20644902
2021-10-29,69800,71200,71600,69700,17016151
2021-11-01,69900,70200,70600,69900,11503729
2021-11-02,71500,70800,72200,70700,16812570
2021-11-03,70400,71700,71700,70100,12770428
2021-11-04,70600,71200,71600,70500,11818987
2021-11-05,70200,71600,71600,70200,12667743
2021-11-08,70600,70400,70600,69800,11121981
2021-11-09,70500,70300,71000,70100,11159589
2021-11-10,70200,70300,70900,70200,9422009
2021-11-11,69900,69900,70000,69600,11489122
2021-11-12,70600,70200,70900,69900,10087450
2021-11-15,71400,71700,71900,70900,12420710
2021-11-16,71300,71500,72000,71300,10919239
2021-11-17,70700,71300,71600,70600,11027606
2021-11-18,70200,70700,71000,70200,10144957
2021-11-19,71200,70400,71400,70100,11954728
2021-11-22,74900,73300,75200,73000,27506623
2021-11-23,75300,76000,76000,74500,22029195
2021-11-24,74800,76000,76200,74100,15652305
2021-11-25,73700,75100,75100,73600,12559258
2021-11-26,72300,73500,74100,72000,13002242
2021-11-29,72300,71700,73000,71400,16682559
2021-11-30,71300,73200,73900,70500,30364841
2021-12-01,74400,72000,74800,71600,21954856
2021-12-02,75800,73900,75800,73800,23652940
2021-12-03,75600,75600,76000,74100,18330240
2021-12-06,76300,75100,76700,74900,16391250
2021-12-07,77400,76100,77700,75600,19232453
2021-12-08,77400,78300,78600,77100,21558340
2021-12-09,78200,77400,78200,77000,21604528
2021-12-10,76900,77400,77600,76800,9155219
2021-12-13,76800,77200,78300,76500,15038750
2021-12-14,77000,76500,77200,76200,10976660
2021-12-15,77600,76400,77600,76300,9584939
2021-12-16,77800,78500,78500,77400,11996128
2021-12-17,78000,76800,78000,76800,13108479
2021-12-20,77100,77600,77800,76800,11264375
2021-12-21,78100,77900,78300,77500,14245298
2021-12-22,79400,78900,79400,78800,17105892
2021-12-23,79900,79800,80000,79300,13577498
2021-12-24,80500,80200,80800,80200,12086380
2021-12-27,80200,80600,80600,79800,10783368
2021-12-28,80300,80200,80400,79700,18226325
2021-12-29,78800,80200,80200,78500,19794795
2021-12-30,78300,78900,79500,78100,14236700
2022-01-03,78600,79400,79800,78200,13502112
2022-01-04,78700,78800,79200,78300,12427416
2022-01-05,77400,78800,79000,76400,25470640
2022-01-06,76900,76700,77600,76600,12931954
2022-01-07,78300,78100,78400,77400,15163757
2022-01-10,78000,78100,78100,77100,9947422
2022-01-11,78900,78400,79000,78000,13221123
2022-01-12,78900,79500,79600,78600,11000502
2022-01-13,77900,79300,79300,77900,13889401
2022-01-14,77300,77700,78100,77100,10096725
2022-01-17,77500,77600,77800,76900,8785122
2022-01-18,77000,77600,77800,76600,9592788
2022-01-19,76300,76500,76900,76100,10598290
2022-01-20,76500,76200,76700,75900,9708168
2022-01-21,75600,75800,75800,74700,15774888
2022-01-24,75100,75400,75800,74700,13691134
2022-01-25,74000,74800,75000,73200,17766704
2022-01-26,73300,73900,74400,73100,12976730
2022-01-27,71300,73800,74000,71300,22274777
2022-01-28,73300,71300,73700,71200,21367447
2022-02-03,73300,74900,74900,73300,17744721
2022-02-04,74000,74300,74600,73400,12730034
2022-02-07,73000,73500,73600,72400,14240838
2022-02-08,73500,73800,74200,73000,11736666
2022-02-09,74700,74300,74700,74000,9699122
2022-02-10,75400,75600,75800,74700,17746033
2022-02-11,74900,75000,75500,74600,12205407
2022-02-14,73700,74400,74500,73100,13993255
2022-02-15,73700,74100,74200,73100,9320365
2022-02-16,74800,74600,74900,74200,10767386
2022-02-17,75000,75000,75600,74500,13605382
2022-02-18,74300,74600,74800,73700,10122226
2022-02-21,74200,73200,74300,72600,10489717
2022-02-22,73400,73000,73400,72800,11692469
2022-02-23,73000,73800,73800,72800,10397964
2022-02-24,71500,72300,72300,71300,15759283
2022-02-25,71900,72100,72600,71900,13168484
2022-02-28,72100,71100,72100,71000,17781783
2022-03-02,71700,72300,72400,71500,12481430
2022-03-03,72900,72300,73100,72200,13232638
2022-03-04,71500,72700,72700,71200,13409634
2022-03-07,70100,70000,70600,69900,18617138
2022-03-08,69500,68800,70000,68700,15828269
2022-03-10,71200,70800,71200,70500,21159248
2022-03-11,70000,70500,70700,69700,15787655
2022-03-14,70200,70000,70200,69600,9040993
2022-03-15,69500,69800,70100,69500,10258562
2022-03-16,70400,70200,70500,69700,10175750
2022-03-17,71200,71200,71800,70900,17646315
2022-03-18,70700,70600,70900,70200,14410038
2022-03-21,69900,70900,71000,69900,11169002
2022-03-22,70300,69900,70500,69900,9402666
2022-03-23,70500,70600,71200,70300,12398025
2022-03-24,69800,69600,70300,69600,37943357
2022-03-25,69800,70100,70200,69600,12986010
2022-03-28,69700,69500,69900,69200,12619289
2022-03-29,70200,70000,70300,69800,13686208
2022-03-30,69900,70300,70500,69800,12670187
2022-03-31,69600,69900,70200,69600,12510366
2022-04-01,69100,69500,69500,69000,15916846
2022-04-04,69300,68900,69300,68600,11107905
2022-04-05,69200,69400,69600,69100,8467248
2022-04-06,68500,68600,68800,68500,15517308
2022-04-07,68000,68500,68500,68000,20683327
2022-04-08,67800,68100,68300,67700,15453191
2022-04-11,67900,67800,68100,67400,12263735
2022-04-12,67000,67600,67700,67000,13924389
2022-04-13,68700,67300,69000,67200,17378619
2022-04-14,67500,68700,68700,67500,16409494
2022-04-15,66600,67200,67300,66500,13176415
2022-04-18,66700,66500,67100,66100,10119203
2022-04-19,67300,67100,68000,67000,12959434
2022-04-20,67400,67000,67400,66500,16693293
2022-04-21,67700,67600,68300,67500,12847448
2022-04-22,67000,67200,67300,66700,11791478
2022-04-25,66300,66500,66700,66300,11016474
2022-04-26,66100,66400,66700,66100,12946923
2022-04-27,65000,65400,65500,64900,18122084
2022-04-28,64800,65400,65500,64500,16895527
2022-04-29,67400,65100,67600,65000,26190390
2022-05-02,67300,66600,67600,66500,14106184
2022-05-03,67500,67400,68400,67300,14168875
2022-05-04,67900,68000,68400,67500,11505248
2022-05-06,66500,67000,67100,66500,14356156
2022-05-09,66100,66300,66900,66100,11858736
2022-05-10,65700,65900,66300,65300,17235605
2022-05-11,65700,65500,66300,65200,12330920
2022-05-12,64900,65200,65500,64900,16414188
2022-05-13,66500,65300,66700,65200,14551536
2022-05-16,66300,67100,67400,66100,11937555
2022-05-17,67600,66600,67900,66600,15680447
2022-05-18,68100,68300,68700,67600,16486319
2022-05-19,67500,66500,67600,66500,17073727
2022-05-20,68000,67800,68400,67700,12109671
2022-05-23,67900,68800,68800,67600,13684088
2022-05-24,66500,67500,67700,66500,15482576
2022-05-25,66400,66700,67100,65900,15150490
2022-05-26,65900,66300,67200,65500,15970890
2022-05-27,66500,66700,66900,66200,11405555
2022-05-30,67700,67500,67800,66900,14255484
2022-05-31,67400,67500,67500,66700,24365002
2022-06-02,66700,66600,67000,66400,14959443
2022-06-03,66800,67200,67300,66800,8222883
2022-06-07,65500,66200,66400,65400,19355755
2022-06-08,65300,65400,65700,65300,12483180
2022-06-09,65200,65100,65200,64500,25790725
2022-06-10,63800,64000,64400,63800,22193552
2022-06-13,62100,62400,62800,62100,22157816
2022-06-14,61900,61200,62200,61100,24606419
2022-06-15,60700,61300,61500,60200,26811224
2022-06-16,60900,61300,61800,60500,23394895
2022-06-17,59800,59400,59900,59400,29053450
2022-06-20,58700,59800,59900,58100,34111306
2022-06-21,58500,58700,59200,58200,25148109
2022-06-22,57600,59000,59100,57600,23334687
2022-06-23,57400,57700,58000,56800,28338608
2022-06-24,58400,57900,59100,57700,23256103
2022-06-27,58800,59000,59900,58300,18122236
2022-06-28,59400,59200,59500,58700,13540538
2022-06-29,58000,58500,58800,58000,14677138
2022-06-30,57000,57200,57600,57000,18915142
2022-07-01,56200,56900,57500,55900,24982097
2022-07-04,57100,56100,57400,55700,17807126
2022-07-05,57200,57600,58200,57200,14216539
2022-07-06,56400,57300,57300,56400,16820461
2022-07-07,58200,56400,58700,56300,21322833
2022-07-08,58700,58600,59300,58200,15339271
2022-07-11,58800,59300,59600,58700,13042624
2022-07-12,58100,58600,58700,58100,9336061
2022-07-13,58000,58300,58600,58000,10841315
2022-07-14,57500,57500,58200,57400,15067012
2022-07-15,60000,58400,60000,58100,18685583
2022-07-18,61900,60600,62000,60500,20832517
2022-07-19,60900,61400,61500,60200,15248261
2022-07-20,60500,61800,62100,60500,16782238
2022-07-21,61800,61100,61900,60700,12291374
2022-07-22,61300,61800,62200,61200,10261310
2022-07-25,61100,60900,61900,60800,9193681
2022-07-26,61700,60800,61900,60800,6597211
2022-07-27,61800,61300,61900,61200,7320997
2022-07-28,61900,62300,62600,61600,10745302
2022-07-29,61400,62400,62600,61300,15093120
2022-08-01,61300,61000,61700,60300,13154816
2022-08-02,61700,61200,61900,61000,13614895
2022-08-03,61300,61600,61600,61000,10053861
2022-08-04,61500,61700,61800,61200,9125439
2022-08-05,61500,61700,61900,61200,9567620
2022-08-08,60800,61400,61400,60600,11313150
2022-08-09,60000,60600,60700,59600,18251170
2022-08-10,59100,58900,59200,58600,18084349
2022-08-11,59900,59600,60000,59300,15141941
2022-08-12,60200,59500,60700,59400,10786658
2022-08-16,61000,60500,61600,60300,15036727
2022-08-17,60400,61100,61200,60300,9061518
2022-08-18,61500,60300,61900,60000,16372754
2022-08-19,60900,61400,61600,60600,6923679
2022-08-22,60000,60300,60400,59800,8259865
2022-08-23,59100,59000,59600,59000,9041629
2022-08-24,59000,59200,59500,59000,8888486
2022-08-25,59700,59200,59700,59000,5767902
2022-08-26,60000,60300,60900,59900,9499995
2022-08-29,58600,58700,58900,58600,9841329
2022-08-30,58800,58700,59000,58300,9690044
2022-08-31,59700,58200,59900,58200,14203512
2022-09-01,58400,58700,58900,58300,14905777
2022-09-02,57500,58300,58600,57500,15040310
2022-09-05,57100,57400,57800,56800,11425977
2022-09-06,57100,57200,57600,56900,7503086
2022-09-07,56000,56700,56700,55900,17384854
2022-09-08,55600,56200,56400,55600,18000016
2022-09-13,58100,57000,58500,56800,17166581
2022-09-14,56800,56200,57200,56100,12524961
2022-09-15,56000,57000,57100,56000,11664819
2022-09-16,56200,55600,56400,55500,13456503
2022-09-19,56400,56300,57000,56000,12278653
2022-09-20,55800,56400,57000,55800,14041465
2022-09-21,55300,55400,55500,55000,11863700
2022-09-22,54400,54600,54700,54300,12786510
2022-09-23,54500,54400,54900,54200,10555964
2022-09-26,53900,53700,54200,53600,15008449
2022-09-27,54200,53800,54200,53500,16631289
2022-09-28,52900,53900,54400,52500,19991129
2022-09-29,52600,53300,53700,52600,13882080
2022-09-30,53100,52300,53600,51800,22503249
2022-10-04,55200,55300,55400,54500,19148435
2022-10-05,56000,56900,57200,55400,22458970
2022-10-06,56300,56700,57300,56300,14944446
2022-10-07,56200,55900,56900,55200,16886813
2022-10-11,55400,54400,55700,54000,21437877
2022-10-12,55800,55700,57000,55200,18408910
2022-10-13,55200,55400,56100,55200,13784602
2022-10-14,56300,56200,56500,55800,12924326
2022-10-17,56600,55800,57000,55700,13641878
2022-10-18,56500,56700,57100,55800,14820702
2022-10-19,55800,56700,56900,55700,12660652
2022-10-20,55500,55200,56000,55100,17107653
2022-10-21,55900,55100,56300,55100,11456060
2022-10-24,57500,57000,57500,56700,16944503
2022-10-25,57700,57000,58600,57000,17405678
2022-10-26,59400,58000,59600,57700,20824967
2022-10-27,59500,59700,60100,58900,21756712
2022-10-28,57300,58900,59200,57200,20924937
2022-10-31,59400,58100,59900,58000,18999514
2022-11-01,60000,59900,60300,59500,17201647
2022-11-02,59600,59700,60000,59300,13202919
2022-11-03,59200,58600,59800,58100,17492162
2022-11-04,59400,59100,59500,58400,12445841
2022-11-07,60200,59700,60300,59400,12437246
2022-11-08,61800,60500,61900,60500,18273898
2022-11-09,62000,62000,62200,61300,14045592
2022-11-10,60400,61400,61500,60400,21087633
2022-11-11,62900,63100,63200,62300,20037163
2022-11-14,61900,62900,62900,61700,15973416
2022-11-15,62400,62200,62500,61600,12310986
2022-11-16,62700,62400,62700,61700,12909260
2022-11-17,61400,62000,62000,61300,13298296
2022-11-18,61800,61800,62400,61400,12236503
2022-11-21,61400,61400,61800,60800,9378097
2022-11-22,60600,60900,61200,60300,9411289
2022-11-23,61000,61200,61300,60700,8765050
2022-11-24,61400,61200,61700,60900,8125010
2022-11-25,61000,61400,61700,60800,6677933
2022-11-28,60100,60500,60500,59800,8589032
2022-11-29,60600,59900,60600,59800,7014160
2022-11-30,62200,60400,62200,60200,19768903
2022-12-01,62600,63100,63200,62300,16631445
2022-12-02,60400,62500,62500,60400,15331184
2022-12-05,60300,60900,61100,60000,13767787
2022-12-06,59200,59800,60100,59200,13888300
2022-12-07,58900,58800,59600,58500,12100662
2022-12-08,59200,58700,59200,58600,12986815
2022-12-09,60400,59300,60600,59300,10529632
2022-12-12,59500,59900,60000,59400,9036472
2022-12-13,59700,59600,60300,59400,9040873
2022-12-14,60500,59800,60600,59800,8207485
2022-12-15,59300,59800,60200,59300,8716039
2022-12-16,59500,58300,59500,58300,13033596
2022-12-19,59500,59500,59900,59100,7696187
2022-12-20,58600,59000,59100,58500,9284761
2022-12-21,58000,58700,59100,58000,10356971
2022-12-22,59100,58100,59100,58100,10720630
2022-12-23,58100,58200,58400,57700,9829407
2022-12-26,57900,58000,58100,57700,6756411
2022-12-27,58100,58000,58400,57900,10667027
2022-12-28,56600,57600,57600,56400,14665410
2022-12-29,55300,56000,56200,55300,11295935
