,회사명,기업공시코드,공시일,종류,총액(원),사채만기일,표면이자율(%),만기이자율(%),사채발행방법,공시코드
0,아이톡시,52770,2021-12-30,무기명식 이권부 무보증 전환사채,"1,500,000,000",2051년 12월 31일,3.0,7.0,사모,20211230000994
1,노터스,278650,2021-12-27,무기명식 이권부 무보증 사모 전환사채,"40,000,000,000",2025년 01월 13일,0.0,1.0,사모,20211227000669
2,노터스,278650,2021-12-27,무기명식 이권부 무보증 사모 전환사채,"54,600,000,000",2025년 01월 13일,0.0,1.0,사모,20211227000668
3,옵트론텍,82210,2021-12-24,무기명식 이권부 무보증 사모 전환사채,"1,600,000,000",2024년 12월 30일,0.00,0.00,사모,20211224000603
4,이원컴포텍,88290,2021-12-21,무기명식 이권부 무보증 사모 전환사채,"15,000,000,000",2025년 01월 25일,2,5,사모,20211221000754
5,이원컴포텍,88290,2021-12-21,무기명식 이권부 무보증 사모 전환사채,"11,000,000,000",2025년 01월 07일,2,5,사모,20211221000752
6,엔에스엔,31860,2021-12-21,무기명식 이권부 무보증 사모 전환사채,"1,530,150,000",2024년 12월 21일,2.0,3.0,사모,20211221000707
7,고바이오랩,348150,2021-12-21,무기명식 이권부 무보증 사모 전환사채,"2,350,000,000",2026년 12월 30일,0.0,0.0,사모,20211221000649
8,서진시스템,178320,2021-12-16, 기명식 이권부 무보증 사모 전환사채,"60,000,000,000",2052년 02월 04일,4.25,-,사모,20211216000639
9,서진시스템,178320,2021-12-16, 기명식 이권부 무보증 사모 전환사채,"110,000,000,000",2052년 02월 04일,4.25,-,사모,20211216000624
10,서진시스템,178320,2021-12-16, 무기명식 이권부 무보증 사모 전환사채,"18,000,000,000",2026년 12월 23일,2.5,2.5,사모,20211216000620
11,하이로닉,149980,2021-12-15,무기명식 이권부 무보증 사모 전환사채,"3,000,000,000",2024년 12월 17일,0.0,5.0,사모,20211215001471
12,플래스크,41590,2021-12-09,국내 무기명식 무보증 담보부 사모 전환사채,"7,300,000,000",2024년 12월 09일,0,3,사모,20211209000475
13,에프앤리퍼블릭,64090,2021-12-07,무기명식 무보증 국내 사모 전환사채,"15,000,000,000",2025년 03월 31일,2,4,사모,20211207000005
14,코오롱생명과학,102940,2021-12-02,무기명식 이권부 무보증 사모 전환사채,"25,000,000,000",2051년 12월 10일,0.0,4.0,사모,20211202000575
15,코오롱생명과학,102940,2021-12-02,무기명식 이권부 무보증 사모 전환사채,"15,000,000,000",2051년 12월 06일,0.0,3.5,사모,20211202000571
16,ES큐브,50120,2021-11-30,무기명식 이권부 무보증 사모 전환사채,"20,000,000,000",2023년 03월 31일,1.5,3.0,사모,20211130000846
17,엘아이에스,138690,2021-11-30,무기명식 이권 무보증 사모 전환사채,"15,000,000,000",2025년 01월 06일,1.5,4.5,사모,20211130000842
18,세토피아,222810,2021-11-30,무기명식 무보증 사모 전환 사채,"7,000,000,000",2025년 02월 11일,0,3,사모,20211130000841
19,광림,14200,2021-11-30,국내 무기명식 이권부 무보증 사모 전환사채,"20,000,000,000",2025년 02월 04일,0.00,3.00,사모,20211130000787
20,우수AMS,66590,2021-11-30,무기명식이권부 무보증 사모 전환사채,"5,000,000,000",2025년 04월 08일,2,3,사모,20211130000767
21,우수AMS,66590,2021-11-30,무기명식이권부 무보증 사모 전환사채,"5,000,000,000",2025년 04월 08일,2,3,사모,20211130000764
22,메디콕스,54180,2021-11-30,무기명식 이권부 무보증 사모 전환사채,"5,000,000,000",2025년 01월 28일,3,5,사모,20211130000749
23,인산가,277410,2021-11-30,무기명식 이권부 무보증 사모 전환사채,"12,000,000,000",2024년 12월 08일,0.0,0.5,사모,20211130000711
24,EV수성,84180,2021-11-30,무기명식 이권부 무보증 사모 전환사채,"7,000,000,000",2025년 02월 28일,2,2,사모,20211130000661
25,전진바이오팜,110020,2021-11-30,무기명식 이권부 무보증 사모 전환사채,"5,000,000,000",2024년 12월 27일,1,3,사모,20211130000670
26,라온시큐어,42510,2021-11-30,무기명식 무보증 사모 전환사채,"20,000,000,000",2024년 12월 20일,0.0,0.0,사모,20211130000624
27,아이오케이,78860,2021-11-30,무기명식 무이권부 무보증사모 전환사채,"500,000,000",2024.11.30,0.0,0.0,사모,20211130000600
28,SGA,49470,2021-11-30,무기명식 무보증 사모 전환사채,"4,000,000,000",2024년 12월 02일,0,0,사모,20211130000563
29,서남,294630,2021-11-30,무기명식 이권부 무보증 사모 전환사채,"5,000,000,000",2026년 12월 03일,0.0,0.0,사모,20211130000534
30,리노스,39980,2021-11-30,무기명식 이권부 무보증 사모 전환사채,"5,000,000,000",2026년 12월 02일,0.0,0.0,사모,20211130000497
31,이즈미디어,181340,2021-11-30,무기명식 이권부 사모 전환사채,"30,000,000,000",2025년 01월 24일,1,2,사모,20211130000387
32,블루베리 NFT,44480,2021-11-30,무기명식 이권부 무보증 사모 전환사채,"6,000,000,000",2024년 12월 10일,5,5,사모,20211130000490
33,경남제약,53950,2021-11-30,무기명식 이권부 무보증 사모 전환사채,"8,000,000,000",2024년 12월 10일,4.00,4.00,사모,20211130000459
34,투비소프트,79970,2021-11-30,무기명식 이권부 무보증 사모 전환사채,"10,000,000,000",2025년 02월 28일,2.0,4.0,사모,20211130000401
35,투비소프트,79970,2021-11-30,무기명식 이권부 무보증 사모 전환사채,"30,000,000,000",2024년 12월 08일,2.0,5.0,사모,20211130000391
36,티에스넥스젠,43220,2021-11-30,무기명식 무보증 사모 전환사채,"15,000,000,000",2024년 12월 17일,0.0,3.5,사모,20211130000367
37,뉴지랩파마,214870,2021-11-30,무기명식 이권부 무보증 사모 전환사채,"35,000,000,000",2025년 01월 25일,0.0,2.0,사모,20211130000361
38,와이팜,332570,2021-11-30,무기명식 이권부 무보증 사모 전환사채,"20,000,000,000",2026년 12월 23일,0.0,0.0,사모,20211130000291
39,팬스타엔터프라이즈,54300,2021-11-29,무기명식 이권부 무보증 사모 전환사채,"10,500,000,000",2024년 12월 01일,0.0,0.0,사모,20211129000724
40,율호,72770,2021-11-29,무기명식 이권부 무보증 사모 전환사채,"10,000,000,000",2025년 02월 22일,1,3,사모,20211129000689
41,비엘팜텍,65170,2021-11-29,무기명식 이권부 무보증 사모 전환사채,"6,000,000,000",2026년 12월 01일,1.0,2.0,사모,20211129000666
42,비엘,142760,2021-11-29,무기명식 이권부 무보증 사모 전환사채,"5,000,000,000",2026년 11월 30일,0.0,0.0,사모,20211129000663
43,미코바이오메드,214610,2021-11-29,무기명식 이권부 무보증 사모 전환사채,"20,000,000,000",2026년 12월 06일,0.0,0.0,사모,20211129000655
44,라이프시맨틱스,347700,2021-11-29,무기명식 무보증사모 전환사채,"14,500,000,000",2026년 12월 01일,0.0,0.0,사모,20211129000595
45,파라텍,33540,2021-11-29,무기명식 이권부 무보증 사모전환사채,"15,000,000,000",2025년 04월 05일,2,3,사모,20211129000600
46,우리기술,32820,2021-11-29,무기명식 무보증 이권부 사모 전환사채,"10,000,000,000",2025년 01월 28일,2.0,3.0,사모,20211129000610
47,디에이테크놀로지,196490,2021-11-29,무기명식 이권부 무보증 사모 전환사채,"7,500,000,000",2024년 11월 30일,1.0,4.0,사모,20211129000596
48,에이루트,96690,2021-11-29,무기명식 이권부 사모 전환사채,"10,000,000,000",2025.01.14,2,2,사모,20211129000606
49,휴림로봇,90710,2021-11-29,무기명식 이권부 무보증 사모전환사채,"10,000,000,000",2025년 04월 05일,3,5,사모,20211129000583
50,EDGC,245620,2021-11-29,무기명식 무보증 사모 전환사채,"10,000,000,000",2026년 12월 10일,0.0,0.0,사모,20211129000592
51,테라사이언스,73640,2021-11-29,무기명식 이권부 무보증 사모 전환사채,"8,000,000,000",2025년 03월 30일,2,4,사모,20211129000469
52,판타지오,32800,2021-11-29,무기명식 이권부 무보증 사모 전환사채,"9,000,000,000",2024년 11월 29일,1.0,2.0,사모,20211129000439
53,라이트론,69540,2021-11-29,무기명식 이권부 무보증 사모 전환사채,"15,000,000,000",2025.03.10,1.0,3.0,사모,20211129000429
54,인트로메딕,150840,2021-11-29,무기명식 이권부 무보증 사모 전환사채,"20,000,000,000",2025년 02월 10일,6.0,6.0,사모,20211129000402
55,누리플렉스,40160,2021-11-29,무기명식 이권부 무보증 사모 전환사채,"15,000,000,000",2026년 12월 01일,0.0,0.0,사모,20211129000383
56,세종메디칼,258830,2021-11-29,무기명식 이권부 무보증 사모 전환사채,"20,000,000,000",2025년 01월 12일,2.0,4.0,사모,20211129000334
57,국일제지,78130,2021-11-26,무기명식 무보증 사모 전환사채,"10,500,000,000",2024년 11월 30일,0.0,2.0,사모,20211126000553
58,지나인제약,78650,2021-11-26,무기명식 무보증 사모 전환사채,"1,500,000,000",2024년 11월 30일,0.0,0.0,사모,20211126000551
59,이루다,164060,2021-11-26,무기명식 이권부 무보증 사모 전환사채,"10,000,000,000",2026년 11월 30일,0,0,사모,20211126000499
60,오디텍,80520,2021-11-26,무기명식 이권부 무보증 사모 전환사채,"8,000,000,000",2026.11.30,0.0,0.0,사모,20211126000521
61,샘씨엔에스,252990,2021-11-26,무기명식 무보증 사모 전환사채,"55,000,000,000",2026년 11월 30일,0.0,0.0,사모,20211126000334
62,트루윈,105550,2021-11-26,무기명식 이권부 무보증 사모 전환사채,"5,000,000,000",2024.11.30,1.5,3.0,사모,20211126000237
63,신테카바이오,226330,2021-11-26,무기명식 이권부 무보증 사모 전환사채,"25,000,000,000",2026.11.30,0.0,2.0,사모,20211126000001
64,아이씨디,40910,2021-11-25,무기명식 이권부 무보증 사모 전환사채,"18,000,000,000",2026년 11월 25일,0.0,0.0,사모,20211125000673
65,나노씨엠에스,247660,2021-11-25,국내 무기명식 이권부 무보증 사모 전환사채,"17,000,000,000",2026년 11월 29일,0.0,0.0,사모,20211125000663
66,엑세스바이오,950130,2021-11-25,기명식 무이권부 무보증 사모전환사채,"30,000,000,000",2024년 12월 10일,3.0,3.0,사모,20211125000640
67,아이오케이,78860,2021-11-25,무기명식 이권부 무보증사모 전환사채,"20,000,000,000",2025.02.11,0.0,3.0,사모,20211125000602
68,비덴트,121800,2021-11-25,무기명식 이권부 무보증 사모 전환사채,"50,000,000,000",2025년 02월 25일,1,1,사모,20211125000584
69,알체라,347860,2021-11-25,무기명식 이권부 무보증 사모 전환사채,"23,000,000,000",2026년 11월 29일,0.0,0.0,사모,20211125000576
70,라이트론,69540,2021-11-25,무기명식 이권부 무보증 사모 전환사채,"3,000,000,000",2024.11.26,1.0,5.0,사모,20211125000524
71,라이트론,69540,2021-11-25,무기명식 이권부 무보증 사모 전환사채,"7,000,000,000",2024.11.26,1.0,5.0,사모,20211125000516
72,블루베리 NFT,44480,2021-11-24,무기명식 이권부 무보증 사모 전환사채,"5,000,000,000",2024년 11월 29일,5.00,5.00,사모,20211124000570
73,덕산네오룩스,213420,2021-11-24,무기명식 무보증 사모 전환사채,"20,000,000,000",2026년 11월 30일,0.0,1.0,사모,20211124000552
74,구영테크,53270,2021-11-24,무기명식 무보증 사모 전환사채,"10,000,000,000",2026년 11월 26일,0.0,0.0,사모,20211124000521
75,글로본,19660,2021-11-24,무기명식 무보증 사모 전환사채,"20,000,000,000",2024년 11월 30일,0.0,3.0,사모,20211124000519
76,진양제약,7370,2021-11-24,무기명식 무보증 사모 전환사채,"16,000,000,000",2026년 11월 26일,0,0,사모,20211124000237
77,와이오엠,66430,2021-11-23,무기명식 이권부 무보증 사모 전환사채,"3,000,000,000",2024년 11월 25일,0.0,3.0,사모,20211123000440
78,한송네오텍,226440,2021-11-23,무기명식 무보증 국내사모 전환사채,"10,000,000,000",2025년 05월 30일,2,3,사모,20211123000292
79,엔시트론,101400,2021-11-23,무기명식 이권부무보증 사모전환사채,"12,000,000,000",2025년 01월 28일,1.0,3.0,사모,20211123000317
80,서린바이오,38070,2021-11-22,무기명식 이권부 무보증 사모 전환사채,"30,000,000,000",2026년 11월 24일,0.0,0.0,사모,20211122000386
81,알파홀딩스,117670,2021-11-22,무기명식 이권부 무보증사모 전환사채,"10,000,000,000",2025년 05월 25일,2,3,사모,20211122000290
82,소프트센,32680,2021-11-19,무기명식 이권부 무보증 사모 전환사채,"8,000,000,000",2024년 11월 23일,1.0,2.5,사모,20211119000547
83,소프트센,32680,2021-11-19,무기명식 이권부 무보증 사모 전환사채,"6,000,000,000",2024년 11월 23일,1.0,2.5,사모,20211119000544
84,덕산테코피아,317330,2021-11-19,무기명식 무보증 사모 전환사채,"50,000,000,000",2025년 12월 15일,0,0,사모,20211119000247
85,CBI,13720,2021-11-19,무기명식 이권부 무보증 사모 전환사채,"10,000,000,000",2025년 01월 20일,0,0,사모,20211119000001
86,CBI,13720,2021-11-18,무기명식 이권부 무보증 사모 전환사채,"10,000,000,000",2025년 01월 20일,0,0,사모,20211118000450
87,EV수성,84180,2021-11-18,무기명식이권부 무보증 사모전환사채,"7,000,000,000",2025년 01월 28일,2,5,사모,20211118000396
88,초록뱀이앤엠,131100,2021-11-17,무기명식 무보증 사모 전환사채,"17,000,000,000",2024년 12월 30일,0,2,사모,20211117000467
89,삼강엠앤티,100090,2021-11-17,무기명식 이권부 무보증 사모 전환사채,"116,856,705,280",2027년 03월 31일,0.0,0.0,사모,20211117000131
90,삼강엠앤티,100090,2021-11-17,무기명식 이권부 무보증 사모 전환사채,"50,000,000,000",2027년 03월 31일,0.0,0.0,사모,20211117000132
91,SBW생명과학,151910,2021-11-16,무기명식 이권부무보증 사모 전환사채,"25,000,000,000",2026년 01월 20일,3.5,3.5,사모,20211116000461
92,프리시젼바이오,335810,2021-11-16,무기명식 무이권부 무보증사모전환사채,"15,000,000,000",2026년 11월 18일,0.00,0.00,사모,20211116000373
93,메지온,140410,2021-11-12,무기명식 이권부 무보증 후순위 전환사채,"20,000,000,000",2051년 11월 16일,0.00,0.00,사모,20211112000277
94,고바이오랩,348150,2021-11-10,무기명식 이권부 무보증 사모 전환사채,"11,000,000,000",2026년 11월 19일,0.0,0.0,사모,20211110000580
95,탑코미디어,134580,2021-11-09,무기명식  이권부 무보증 사모 전환사채,"20,000,000,000",2024년 12월 23일,0.0,4.0,사모,20211109000632
96,탑코미디어,134580,2021-11-09,무기명식  이권부 무보증 사모 전환사채,"8,700,000,000",2024년 12월 07일,0.0,4.0,사모,20211109000631
97,초록뱀미디어,47820,2021-11-09,무기명식 무보증 국내사모 전환사채,"30,000,000,000",2024년 12월 03일,0.0,2.0,사모,20211109000626
98,케스피온,79190,2021-11-09,무기명식 이권부 무보증 사모 전환사채,"8,000,000,000",2026년 11월 11일,1.0,2.0,사모,20211109000585
99,에프앤가이드,64850,2021-11-09,무기명식 이권부 무보증 사모 전환사채,"10,000,000,000",2026년 11월 11일,0,0,사모,20211109000346
100,신원종합개발,17000,2021-11-08,무기명식 이권부 무보증 사모 전환사채,"7,500,000,000",2024년 12월 23일,3.0,3.0,사모,20211108000527
101,신원종합개발,17000,2021-11-08,무기명식 이권부 무보증 사모 전환사채,"7,500,000,000",2024년 12월 23일,3.0,3.0,사모,20211108000526
102,한국테크놀로지,53590,2021-11-05,무기명식 이권부 무보증 사모 전환사채,"13,000,000,000",2024.11.10,5,5,사모,20211105000727
103,한국테크놀로지,53590,2021-11-05,무기명식 이권부 무보증 사모 전환사채,"4,000,000,000",2024.11.09,5,5,사모,20211105000697
104,노블엠앤비,106520,2021-11-05,무기명식 이권부 무보증 사모 전환사채,"500,000,000,000",2024년 11월 16일,2.5,6.0,사모,20211105000353
105,초록뱀컴퍼니,52300,2021-11-04,무기명식 무보증 국내사모 전환사채,"15,000,000,000",2024년 11월 16일,1.0,3.0,사모,20211104000705
106,코프라,126600,2021-11-04,기명식 이권부 무보증 사모 전환사채,"25,632,040,000",2024.12.22,1.00,2.00,사모,20211104000680
107,레인보우로보틱스,277810,2021-11-04,무기명식 무보증 사모 전환사채,"18,000,000,000",2026년 11월 12일,0.0,0.0,사모,20211104000644
108,우리기술,32820,2021-11-04,무기명식 무보증 이권부 사모 전환사채,"10,000,000,000",2024년 11월 15일,1.0,3.0,사모,20211104000313
109,초록뱀이앤엠,131100,2021-11-03,무기명식 무보증 사모 전환사채,"15,000,000,000",2025년 03월 03일,0,0,사모,20211103000635
110,버킷스튜디오,66410,2021-11-02,무기명식 이권부 무보증 사모 전환사채,"30,000,000,000",2025년 01월 28일,2,2,사모,20211102000439
111,한일진공,123840,2021-11-02,무기명식 이권부 무보증 사모 전환사채,"8,000,000,000",2021년 11월 04일,4.0,4.0,사모,20211102000421
112,씨엔플러스,115530,2021-10-29,무기명식 이권부 부모증 사모 영구전환사채,"1,500,000,000",2051.10.31,-,-,사모,20211029000863
113,광무,29480,2021-10-29,무기명식 이권부 무보증 사모 전환사채,"10,000,000,000",2025년 01월 20일,2,2,사모,20211029000840
114,광무,29480,2021-10-29,무기명식 이권부 무보증 사모 전환사채,"5,000,000,000",2024년 12월 15일,2,2,사모,20211029000838
115,광무,29480,2021-10-29,무기명식 이권부 무보증 사모 전환사채,"35,000,000,000",2024년 11월 26일,2,2,사모,20211029000836
116,플리토,300080,2021-10-29,무기명식 이권부 무보증 사모  전환사채,"10,000,000,000",2026년 11월 02일,0.00,0.00,사모,20211029000808
117,스튜디오산타클로스,204630,2021-10-29,무기명식 무보증 사모 전환사채,"6,000,000,000",2024년 11월 03일,2.0,5.0,사모,20211029000798
118,넥스턴바이오,89140,2021-10-29,무기명식 이권부 무보증 사모 전환사채,"10,000,000,000",2024.11.04,2.5,4.5,사모,20211029000709
119,크리스에프앤씨,110790,2021-10-29,무기명식 무보증 사모 전환사채,"20,000,000,000",2026년 11월 19일,0.0,0.0,사모,20211029000659
120,켐트로스,220260,2021-10-29,무기명식 무이권부 무보증 사모 전환사채,"20,000,000,000",2026년 11월 08일,0.0,0.0,사모,20211029000334
121,원바이오젠,307280,2021-10-29,무기명식 이권부 무보증 사모 전환사채,"8,000,000,000",2026년 11월 01일,0.0,0.0,사모,20211029000139
122,코렌텍,104540,2021-10-28,무기명식 무보증 사모 전환사채,"20,000,000,000",2026년 11월 10일,0.00,0.00,사모,20211028000317
123,휴온스글로벌,84110,2021-10-28,무기명식 무보증사모 전환사채,"50,000,000,000",2026년 11월 01일,0.0,0.0,사모,20211028000210
124,라온피플,300120,2021-10-27,무기명식 무보증 사모 전환사채,"30,000,000,000",2026년 10월 29일,0.0,0.0,사모,20211027000340
125,EDGC,245620,2021-10-27,무기명식 무보증 사모 전환사채,"30,000,000,000",2026년 10월 29일,0.0,0.0,사모,20211027000294
126,리더스 기술투자,19570,2021-10-26,무기명식 이권부 무보증 사모 전환사채,"20,000,000,000",2025년 10월 27일,0,0,사모,20211026000609
127,파마리서치,214450,2021-10-26,무기명식 이권부 무보증 사모 전환사채,"25,000,000,000",2026년 10월 28일,0.0,0.0,사모,20211026000439
128,대한광통신,10170,2021-10-26,무기명식 이권부 무보증 사모 전환사채,"12,500,000,000",2026년 10월 28일,0.0,0.0,사모,20211026000423
129,스맥,99440,2021-10-26,무기명식 이권부 무보증 사모 전환사채,"10,000,000,000",2024년 10월 28일,"0.0, ","0.0, ",사모,20211026000362
130,디지캡,197140,2021-10-25,무기명식 무보증 사모 전환사채,"14,000,000,000",2026.12.10,0.0,3.0,사모,20211025000460
131,지엔코,65060,2021-10-25,무기명식 이권부 무보증 사모 전환사채,"20,000,000,000",2025년 10월 27일,3.0,6.0,사모,20211025000413
132,하나기술,299030,2021-10-22,무기명식 이권부 무보증 사모 전환사채,"47,000,000,000",2026년 10월 26일,0.0,0.0,사모,20211022000455
133,리더스 기술투자,19570,2021-10-22,무기명식 이권부 무보증 사모 전환사채,"8,000,000,000",2024년 10월 26일,2,6,사모,20211022000410
134,한국파마,32300,2021-10-22,무기명식 무이권부 무보증 사모 전환사채,"50,000,000,000",2026년 10월 26일,0.0,0.0,사모,20211022000296
135,골드퍼시픽,38530,2021-10-19,무기명식 무보증 이권부 사모 전환사채,"20,000,000,000",2024년 11월 24일,0,2,사모,20211019000531
136,엑서지21,43090,2021-10-19,무기명식 이권부 무보증 사모 전환사채,"8,000,000,000",2024년 10월 21일,2.0,5.0,사모,20211019000446
137,캐스텍코리아,71850,2021-10-19,무기명식 이권부 무보증 사모 전환사채,"8,000,000,000",2026년 10월 21일,"0.0, ","2.0, ",사모,20211019000364
138,티에스아이,277880,2021-10-15,무기명식 이권부 무보증 사모 전환사채,"12,000,000,000",2026년 10월 19일,0.0,0.0,사모,20211015000387
139,글로벌텍스프리,204620,2021-10-14,무기명식 무보증 사모 전환사채,"12,200,000,000",2024년 10월 29일,0.0,2.0,사모,20211014000520
140,디바이스이엔지,187870,2021-10-13,무기명식 이권부 무보증 사모 전환사채,"10,000,000,000",2026년 10월 15일,0.0,0.0,사모,20211013000327
141,엘앤에프,66970,2021-10-13,무기명식 이권부 무보증 사모 전환사채,"99,999,967,452",2028년 11월 15일,0.0,0.0,사모,20211013000245
142,코스나인,82660,2021-10-12,무기명식 이권부 무보증사모 전환사채,"15,000,000,000",2024년 10월 20일,1,5,사모,20211012000701
143,대주전자재료,78600,2021-10-12,무기명식 이권부 무보증 사모 전환사채,"79,999,921,188",2028년 11월 15일,0,0,사모,20211012000522
144,아이윈,90150,2021-10-06,국내 무기명식 이권부 무보증 사모 전환사채,"12,000,000,000",2024년 10월 19일,1,5,사모,20211006000613
145,아이엘사이언스,307180,2021-10-06,무기명식 이권부 무보증 사모 전환사채,"10,000,000,000",2024년 08월 05일,2.0,5.0,사모,20211006000479
146,윈하이텍,192390,2021-10-01,무기명식 무보증 사모 전환사채,"7,000,000,000",2026.10.06,0.0,0.0,사모,20211001000344
147,제이웨이,58420,2021-09-30,무기명식 이권부 무보증 사모 전환사채,"1,284,000,000",2024년 09월 30일,1.0,3.0,사모,20210930000776
148,셀리버리,268600,2021-09-30,무기명 무보증 사모 전환사채,"19,500,000,000",2024년 10월 15일,0.0,3.0,사모,20210930000752
149,소니드,60230,2021-09-30,무기명식 이권부 무보증 사모 전환사채,"30,000,000,000",2024년 10월 08일,2.0,4.0,사모,20210930000598
150,인포마크,175140,2021-09-30,무기명식 이권부 무보증 사모 전환사채,"6,000,000,000",2024년 12월 19일,1,1,사모,20210930000261
151,애니플러스,310200,2021-09-27,무기명식 무보증 사모 전환사채,"25,000,000,000",2026년 09월 29일,0.0,0.0,사모,20210927000253
152,투비소프트,79970,2021-09-24,무기명식 이권부 무보증 사모 전환사채,"5,000,000,000",2024년 10월 05일,2.0,4.0,사모,20210924000241
153,셀리버리,268600,2021-09-23,무기명 무보증 사모 전환사채,"15,500,000,000",2024년 10월 01일,0.0,3.0,사모,20210923000409
154,드래곤플라이,30350,2021-09-17,무기명식 이권부 무보증 전환사채,"3,000,000,000",2024년 10월 05일,1.0,1.0,사모,20210917000735
155,HB솔루션,297890,2021-09-16,무기명식 무보증 사모 전환사채,"50,000,000,000",2026년 10월 15일,0.0,0.0,사모,20210916000325
156,나노브릭,286750,2021-09-15,무기명식 이권부 무보증 사모 전환사채,"12,000,000,000",2026년 09월 17일,0.0,0.0,사모,20210915000522
157,초록뱀이앤엠,131100,2021-09-15,무기명식 무보증 사모 전환사채,"17,000,000,000",2024년 09월 23일,0,2,사모,20210915000201
158,알체라,347860,2021-09-14,"무기명식 이권부 무보증 사모 전환사채, ","26,000,000,000",2026년 09월 17일,0.0,0.0,사모,20210914000546
159,알로이스,297570,2021-09-14,무기명식 무보증 사모 전환사채,"2,700,000,000",2026년 09월 15일,0.0,0.0,사모,20210914000132
160,메디프론,65650,2021-09-13,무기명식 이권부 무보증 사모 전환사채,"4,000,000,000",2024년 09월 15일,0.0,2.0,사모,20210913000478
161,엠벤처투자,19590,2021-09-13,무기명식 이권부 무보증 사모 전환사채,"7,500,000,000",2026년 09월 15일,4,4,사모,20210913000457
162,한일단조,24740,2021-09-13,무기명식 이권부 무보증 사모 전환사채,"10,000,000,000",2026년 09월 24일,"0.0, ","0.0, ",사모,20210913000442
163,HLB테라퓨틱스,115450,2021-09-13,무기명식 이권무 무보증 사모 전환사채,"45,000,000,000",2024년 10월 29일,0.0,3.0,사모,20210913000416
164,HLB테라퓨틱스,115450,2021-09-13,무기명식 이권부 무보증 사모 전환사채,"10,000,000,000",2024년 10월 29일,0.0,3.0,사모,20210913000382
165,시너지이노베이션,48870,2021-09-10,국내 무보증 사모 전환사채,"7,000,000,000",2025년 08월 13일,0,0,사모,20210910000506
166,웰크론한텍,76080,2021-09-10,무기명식 무보증사모 전환사채,"10,000,000,000",2026년 09월 14일,0.0,0.0,사모,20210910000277
167,인바이오,352940,2021-09-10,무기명식 이권부 무보증 사모 전환사채,"20,000,000,000",2026년 09월 14일,0.0,0.0,사모,20210910000236
168,아이티센,124500,2021-09-07,무기명식 이권부 무보증 사모 전환사채,"16,400,000,000",2026년 09월 15일,1.0,2.0,사모,20210907000392
169,우정바이오,215380,2021-09-07,무기명식 이권부 무보증 사모 전환사채,"11,000,000,000",2025년 09월 09일,0,0,사모,20210907000352
170,휴센텍,215090,2021-09-03,무기명식 이권부 무보증 사모 전환사채,"50,000,000,000",2024년 09월 07일,0,1.5,사모,20210903000568
171,손오공,66910,2021-09-03,국내 무기명식 이권부 무보증 사모 전환사채,"5,000,000,000",2024년 09월 07일,0.0,1.0,사모,20210903000277
172,파버나인,177830,2021-09-03,무기명식 이권부 무보증 사모 전환사채,"15,000,000,000",2026년 09월 13일,0.0,1.0,사모,20210903000243
173,마이크로디지탈,305090,2021-09-02,무기명식 이권부 무보증 사모 전환사채,"12,000,000,000",2026년 09월 17일,0.0,0.0,사모,20210902000001
174,오가닉티코스메틱,900300,2021-09-01,해외 기명식 무보증사모 전환사채,"15,137,200,000",2024년 09월 30일,0,5,사모,20210901000512
175,인트론바이오,48530,2021-08-31,무기명식 무보증 사모 전환사채,"40,000,000,000",2026년 09월 01일,0,0,사모,20210831000591
176,비엔지티,32790,2021-08-31,무기명식 이권부 무보증 사모전환사채,"4,000,000,000",2024년 08월 31일,0,2,사모,20210831000363
177,티움바이오,321550,2021-08-27,무기명식 무보증 사모 전환사채,"25,000,000,000",2026년 08월 31일,0.0,0.0,사모,20210827000538
178,코드네이처,78940,2021-08-27,무기명식 무보증 사모 전환사채,"10,000,000,000",2024년 12월 22일,1,2,사모,20210827000555
179,다믈멀티미디어,93640,2021-08-27,무기명식 무보증 사모 전환사채,"5,000,000,000",2024.10.20,0.0,1.0,사모,20210827000492
180,다믈멀티미디어,93640,2021-08-26,무기명식 무보증 사모 전환사채,"20,000,000,000",2024.10.20, 0.0, 1.0,사모,20210826000433
181,우정바이오,215380,2021-08-25,제6회 무기명식 이권부 무보증 사모 전환사채,"5,000,000,000",2025.08.27,0.0,1.0,사모,20210825000515
182,웰크론,65950,2021-08-25,무기명식 이권부 무보증 사모 전환사채,"15,000,000,000",2026년 08월 27일,0.0,0.0,사모,20210825000403
183,덴티스,261200,2021-08-25,무기명식 무보증 사모 전환사채,"20,000,000,000",2026년 08월 27일,0,0,사모,20210825000363
184,KX하이텍,52900,2021-08-24,무기명식 이권부 무보증 사모 전환사채,"16,000,000,000",2024년 08월 25일,1.0,2.0,사모,20210824000513
185,코퍼스코리아,322780,2021-08-20,무기명식 이권부 무보증 사모 전환사채,"30,000,000,000",2024년 08월 25일,0.0,0.0,사모,20210820000387
186,THE E&M,89230,2021-08-20,무기명식 이권부 무보증 사모 전환사채,"5,000,000,000",2024년 10월 28일,1.0,1.0,사모,20210820000409
187,바이오톡스텍,86040,2021-08-20,무기명식 이권부 무보증 사모 전환사채,"18,000,000,000",2026.08.24,0.0,0.0,사모,20210820000317
188,와이더플래닛,321820,2021-08-20,무기명식 무보증 사모 전환사채,"19,000,000,000",2026년 08월 25일,0.0,0.0,사모,20210820000259
189,뉴트리,270870,2021-08-19,무기명식 무보증 사모 전환사채,"10,000,000,000",2026년 02월 23일,0.0,0.0,사모,20210819000306
190,라파스,214260,2021-08-19,무기명식 무보증 사모 전환사채,"30,000,000,000",2026년 08월 23일,0,0,사모,20210819000275
191,이엔코퍼레이션,66980,2021-08-18,무기명식 이권부 무보증 사모 전환사채,"16,500,000,000",2026년 08월 19일,0.0,2.0,사모,20210818000505
192,THE E&M,89230,2021-08-18,무기명식 이권부 무보증 사모 전환사채,"5,000,000,000",2024년 08월 19일,0.0,0.0,사모,20210818000152
193,베노홀딩스,206400,2021-08-17,무기명 무보증 사모 전환사채,"5,000,000,000",2021년 09월 29일,1.0,2.0,사모,20210817002754
194,베노홀딩스,206400,2021-08-17,무기명 무보증 사모 전환사채,"15,000,000,000",2021년 09월 29일,1.0,2.0,사모,20210817002749
195,엘아이에스,138690,2021-08-12,무기명식 이권부 무보증 사모 전환사채,"15,000,000,000",2024년 09월 30일,1.5,4.5,사모,20210812000657
196,시너지이노베이션,48870,2021-08-12,국내 무보증 사모 전환사채,"15,000,000,000",2025년 08월 13일,0,0,사모,20210812000622
197,한국맥널티,222980,2021-08-12,무기명식 이권부 무보증 사모 전환사채,"10,000,000,000",2026년 08월 19일,0.0,0.0,사모,20210812000549
198,참존글로벌,158310,2021-08-11,무기명식 이권부무보증 사모 전환사채,"2,000,000,000",2024년 08월 11일,0,4,사모,20210811000540
199,디에이테크놀로지,196490,2021-08-11,무기명식 이권부 무보증 사모 전환사채,"5,000,000,000",2024년 08월 12일,1.0,4.0,사모,20210811000453
200,와이제이엠게임즈,193250,2021-08-11,무기명식 무보증 사모 전환사채,"7,500,000,000",2026년 08월 18일,-,-,사모,20210811000415
201,케이피에스,256940,2021-08-10,무기명식 무보증 사모 전환사채,"32,000,000,000",2026년 08월 13일,0,0,사모,20210810000495
202,한송네오텍,226440,2021-08-10,무기명식 이권부 무보증 사모 전환사채,"1,400,000,000",2024년 08월 11일,0,2,사모,20210810000464
203,오르비텍,46120,2021-08-06,무기명식 이권부 무보증 사모 전환사채,"5,000,000,000",2024년 08월 13일,1.0,3.0,사모,20210806000472
204,케이피티유,54410,2021-08-04,무기명식 이권부 무보증 사모 전환사채,"5,000,000,000",2024년 08월 06일,0.0,0.0,사모,20210804000394
205,파라다이스,34230,2021-08-04,무기명식 이권부 무보증 사모 전환사채,"200,000,000,000",2026년 08월 12일,0.0,0.0,사모,20210804000350
206,아이엘사이언스,307180,2021-08-03,무기명식 이권부 무보증 사모 전환사채,"5,000,000,000",2024년 08월 05일,0.0,2.0,사모,20210803000260
207,아이오케이,78860,2021-07-29,무기명식 무이권부 무보증사모 전환사채,"1,500,000,000",2024.07.29,0.0,0.0,사모,20210729000302
208,엠케이전자,33160,2021-07-29,무기명식 이권부 사모 선순위 전환사채,"30,000,000,000",2026년 08월 18일,1,3,사모,20210729000004
209,엠케이전자,33160,2021-07-29,무기명식 이권부 사모 후순위 전환사채,"5,000,000,000",2051년 08월 18일,1.5,-,사모,20210729000003
210,에스엘바이오닉스,214310,2021-07-28,무기명 이권부 무보증 사모 전환사채,"3,000,000,000",2024.08.02,5,5,사모,20210728000597
211,에스엘바이오닉스,214310,2021-07-28,무기명 이권부 무보증 사모 전환사채,"10,000,000,000",2024.08.02,5,5,사모,20210728000596
212,SGA솔루션즈,184230,2021-07-28,무기명식 이권부 무보증 사모 전환사채,"18,500,000,000",2024년 07월 30일,0,1.0,사모,20210728000524
213,뉴보텍,60260,2021-07-28,무기명식 이권부 무보증 사모 전환사채,"5,000,000,000",2026년 07월 30일,0.0,0.0,사모,20210728000504
214,대호특수강,21040,2021-07-28,무기명식 이권부 무보증 사모 전환사채,"11,000,000,000",2024년 07월 30일,0.0,2.0,사모,20210728000132
215,코아시아옵틱스,196450,2021-07-27,무기명식 이권부 무보증 사모 전환사채,"9,400,000,000",2023.07.27,1.0,2.0,사모,20210727000583
216,씨앤지하이테크,264660,2021-07-27,무기명식 무보증 사모전환사채,"20,000,000,000",2026.07.30,0.0,0.0,사모,20210727000299
217,스마트솔루션즈,136510,2021-07-26,무기명식 이권부 무보증 사모 전환사채,"20,000,000,000",2024.12.30,2,2,사모,20210726000467
218,스마트솔루션즈,136510,2021-07-26,무기명식 이권부 무보증 사모 전환사채,"20,000,000,000",2024.12.15,2,2,사모,20210726000465
219,스마트솔루션즈,136510,2021-07-26,무기명식 이권부 무보증 사모 전환사채,"20,000,000,000",2024.10.30,2,2,사모,20210726000460
220,스마트솔루션즈,136510,2021-07-26,무기명식 이권부 무보증 사모 전환사채,"20,000,000,000",2024.10.15,2,2,사모,20210726000457
221,에이트원,230980,2021-07-26,무기명식 이권부 무보증 사모 전환사채,"8,000,000,000",2024년 09월 30일,0,3,사모,20210726000452
222,에이트원,230980,2021-07-26,제8회 무기명식 이권부 무보증 사모 전환사채,"4,000,000,000",2024년 08월 18일,2,5,사모,20210726000451
223,에이트원,230980,2021-07-26,무기명식 이권부 무보증 사모 전환사채,"5,000,000,000",2024년 08월 18일,2,5,사모,20210726000450
224,에이스테크,88800,2021-07-26,무기명식 이권부 무보증 사모 전환사채,"25,000,000,000",2024년 07월 28일,0.0,0.0,사모,20210726000398
225,씨아이에스,222080,2021-07-26,무기명식 이권부 무보증 사모 전환사채,"45,000,000,000",2026년 07월 30일,0,0,사모,20210726000345
226,솔트룩스,304100,2021-07-26,무기명식 무보증 사모 전환사채,"10,000,000,000",2026년 07월 28일,0,0,사모,20210726000232
227,세종메디칼,258830,2021-07-26,무기명식 이권부 무보증 사모 전환사채,"10,000,000,000",2024년 09월 17일,2.0,2.0,사모,20210726000014
228,세종메디칼,258830,2021-07-26,무기명식 이권부 무보증 사모 전환사채,"10,000,000,000",2024년 09월 17일,2.0,2.0,사모,20210726000011
229,에코프로,86520,2021-07-23,무기명식 이권부 무보증 사모 전환사채,"150,000,000,000",2026년 07월 27일,0.0,0.0,사모,20210723000529
230,더블유에스아이,299170,2021-07-23,무기명식 이권부 무보증 사모 전환사채,"18,300,000,000",2026.07.27,0.0,0.0,사모,20210723000401
231,자안바이오,221610,2021-07-22,무기명식 이권부 무보증 사모 전환사채,"11,800,000,000",2024년 07월 22일,0.0,0.0,사모,20210722000524
232,네온테크,306620,2021-07-21,무기명식이권부무보증사모전환사채,"5,000,000,000",2024년 07월 23일,0.0,1.5,사모,20210721000485
233,아난티,25980,2021-07-21,무기명식 이권부 무보증 사모 전환사채,"30,000,000,000",2024년 07월 28일,0,1.0,사모,20210721000392
234,비덴트,121800,2021-07-20,무기명식 이권부 무보증 사모 전환사채,"50,000,000,000",2024년 08월 31일,1,1,사모,20210720000457
235,제이스텍,90470,2021-07-20,무기명식 이권부 무보증 사모 전환사채,"19,000,000,000",2026년 07월 23일,0.00,0.00,사모,20210720000385
236,아즈텍WB,32080,2021-07-20,무기명식 이권부 무보증 사모 전환사채,"10,000,000,000",2026년 07월 22일,0.0,0.0,사모,20210720000169
237,디케이티,290550,2021-07-20,무기명식 이권부 무보증 사모 전환사채,"30,000,000,000",2026년 07월 22일,0.0,0.0,사모,20210720000123
238,휴센텍,215090,2021-07-19,무기명식 이권부 무보증 사모 전환사채,"30,000,000,000",2024년 07월 23일,0,2,사모,20210719000457
239,판타지오,32800,2021-07-19,무기명식 이권부 무보증 사모 전환사채,"10,000,000,000",2024년 07월 21일,1.0,1.0,사모,20210719000396
240,아톤,158430,2021-07-19,무기명식 이권부 무보증 사모  전환사채,"10,000,000,000",2026년 07월 21일,0.00,0.00,사모,20210719000384
241,케이피에프,24880,2021-07-16,무기명식 이권부 무보증 사모 전환사채,"20,000,000,000",2026년 07월 20일,0.0,0.0,사모,20210716000242
242,엘앤케이바이오,156100,2021-07-16,무기명식 무보증 사모 전환사채,"20,000,000,000",2026년 07월 16일,0.0,0.0,사모,20210716000021
243,바이오스마트,38460,2021-07-14,무기명식 이권부 무보증 사모 전환사채,"20,000,000,000",2026년 07월 16일,0.00,0.00,사모,20210714000458
244,에프앤리퍼블릭,64090,2021-07-14,무기명식 무보증 이권부 사모 전환사채,"6,000,000,000",2024년 07월 21일,2.0,4.0,사모,20210714000453
245,네오티스,85910,2021-07-13,무기명식 이권부 무보증 사모 전환사채,"14,500,000,000",2026년 07월 14일,0.0,1.0,사모,20210713000461
246,HB테크놀러지,78150,2021-07-09,무기명식 무보증 사모 전환사채,"40,000,000,000",2026년 08월 13일,0.00,0.00,사모,20210709000538
247,탑엔지니어링,65130,2021-07-09,국내 무기명식 이권부 무보증 사모 전환사채,"10,000,000,000",2026년 07월 13일,0.0,0.0,사모,20210709000293
248,파워로직스,47310,2021-07-09,국내 무기명식 이권부 무보증 사모 전환사채,"15,000,000,000",2026년 07월 13일,0.0,0.0,사모,20210709000234
249,수젠텍,253840,2021-07-08,무기명 이권부 무보증 사모 전환사채,"20,000,000,000",2024년 07월 16일,0.0,0.0,사모,20210708000475
250,소니드,60230,2021-07-08,무기명식 이권부 무보증 사모 전환사채 ,"20,000,000,000",2024년 08월 20일,3.0,5.0,사모,20210708000388
251,셀바스헬스케어,208370,2021-07-08,무기명식 무보증 사모 전환사채,"6,000,000,000",2024년 07월 08일,0.0,1.5,사모,20210708000356
252,소프트캠프,258790,2021-07-08,무기명식 이권부 무보증 사모 전환사채,"10,000,000,000",2026년 07월 12일,0.0,0.0,사모,20210708000221
253,전진바이오팜,110020,2021-07-07,무기명식 이권부 무보증 사모 전환사채,"6,300,000,000",2024년 07월 09일,1,3,사모,20210707000470
254,이노시스,56090,2021-07-07,무기명식 무보증 사모 전환사채,"10,000,000,000",2026년 07월 09일,0.0,0.0,사모,20210707000419
255,더네이쳐홀딩스,298540,2021-07-07,무기명식 이권부 무보증 사모 전환사채,"50,000,000,000",2025년 07월 09일,0,0,사모,20210707000307
256,티앤알바이오팹,246710,2021-07-06,무기명식 이권부 사모 전환사채,"35,000,000,000",2026년 08월 06일,0.0,1.0,사모,20210706000571
257,엠에프엠코리아,323230,2021-07-06,무기명식 이권부 무보증 사모 전환사채,"6,500,000,000",2026년 07월 08일,0.0,0.0,사모,20210706000515
258,드림시큐리티,203650,2021-07-05,무기명식 사모 전환사채,"40,000,000,000",2024년 07월 07일,0.00,0.00,사모,20210705000434
259,뉴인텍,12340,2021-07-05,무기명식  무보증 사모 전환사채,"20,000,000,000",2026년 07월 08일,0.0,1.5 ,사모,20210705000261
260,클리노믹스,352770,2021-07-02,무기명식 이권부 무보증  무담보 사모 전환사채,"30,000,000,000",2026년 07월 07일,0,0,사모,20210702000201
261,이브이첨단소재,131400,2021-07-01,무기명식 이권부 무보증 사모 전환사채,"15,000,000,000",2024년 07월 05일,2.0,4.0,사모,20210701000599
262,피플바이오,304840,2021-07-01,무기명식 이권부 무보증 사모 전환사채,"10,000,000,000",2026년 08월 27일,0.0,0.0,사모,20210701000579
263,제테마,216080,2021-07-01,무기명 무보증 사모 전환사채,"70,000,000,000",2024년 07월 07일,0.0,0.0,사모,20210701000583
264,디에이테크놀로지,196490,2021-06-30,무기명식 이권부 무보증 사모 전환사채,"2,000,000,000",2024년 07월 05일,1.0,4.0,사모,20210630000817
265,디에이테크놀로지,196490,2021-06-30,무기명식 이권부 무보증 사모 전환사채,"10,000,000,000",2024년 07월 07일,1.0,5.0,사모,20210630000811
266,젬백스링크,64800,2021-06-30,국내 무기명식 무보증 사모 전환사채,"16,600,000,000",2024년 06월 30일,0.00,2.00,사모,20210630000736
267,젬백스링크,64800,2021-06-30,국내 무기명식 무보증 사모 전환사채,"5,000,000,000",2024년 06월 30일,0.00,2.00,사모,20210630000704
268,투비소프트,79970,2021-06-28,무기명식 무보증 전환사채,"3,000,000,000",2024년 08월 31일,2.0,3.0,사모,20210628000678
269,이수앱지스,86890,2021-06-28,무기명식 이권부 무보증 사모전환사채,"80,000,000,000",2026년 06월 30일,0.0,0.0,사모,20210628000653
270,에이치앤비디자인,227100,2021-06-28,무기명식 이권부 사모 전환사채,"10,000,000,000",2026.12.14,0,4,사모,20210628000504
271,머큐리,100590,2021-06-28,무기명식 이권부무보증 사모 전환사채,"15,000,000,000",2026년 06월 30일,0.0,0.0,사모,20210628000422
272,CS,65770,2021-06-28,무기명식 이권부 무보증 사모 전환사채,"7,000,000,000",2026년 06월 30일,0.0,0.0,사모,20210628000384
273,에스피시스템스,317830,2021-06-25,무기명식 이권부무보증 사모 전환사채,"10,000,000,000",2024년 06월 29일,1.0,1.0,사모,20210625000569
274,TS인베스트먼트,246690,2021-06-25,무기명식 이권부 무보증 사모 전환사채,"20,000,000,000",2026년 06월 29일,0.0,0.0,사모,20210625000507
275,나노,187790,2021-06-25,무기명식 이권부 무보증 사모 전환사채,"6,000,000,000",2024년 06월 29일,0.0,0.0,사모,20210625000467
276,엘아이에스,138690,2021-06-25,무기명식 이권부 무보증 사모 전환사채,"15,000,000,000",2024년 07월 23일,1.5,4.5,사모,20210625000293
277,엘아이에스,138690,2021-06-24,무기명식 이권부 무보증 사모 전환사채,"14,200,000,000",2024년 07월 23일,0,0,사모,20210624000503
278,인콘,83640,2021-06-23,무기명식 이권부 무보증 사모 전환사채,"11,000,000,000",2024년 07월 02일,1.0,1.0,사모,20210623000543
279,아미코젠,92040,2021-06-23,무기명식 무보증 사모 전환사채,"50,000,000,000",2026년 06월 29일,0,0,사모,20210623000509
280,육일씨엔에쓰,191410,2021-06-21,무기명식 이권부 무보증 사모 전환사채,"5,000,000,000",2024년 07월 30일,0.0,2.0,사모,20210621000514
281,피플바이오,304840,2021-06-21,무기명식 이권부 무보증 사모 전환사채,"25,000,000,000",2026년 06월 29일,0.0,0.0,사모,20210621000410
282,에이치앤비디자인,227100,2021-06-18,무기명식 이권부 사모 전환사채,"10,000,000,000",2026.12.14,0,4,사모,20210618000234
283,어스앤에어로스페이스,263540,2021-06-17,무기명식 이권부 무보증사모전환사채,"10,000,000,000",2024년 07월 20일,0.0,4.0,사모,20210617000479
284,어반리튬,73570,2021-06-17,국내 무기명식 이권부 무보증 사모 전환사채,"10,000,000,000",2024년 06월 21일,0.0,2.0,사모,20210617000436
285,어반리튬,73570,2021-06-17,무기명식 무보증 사모 전환사채,"5,000,000,000",2024년 06월 21일,0.0,2.0,사모,20210617000431
286,엔투텍,227950,2021-06-17,무기명식 무보증 사모 전환사채,"10,000,000,000",2024년 07월 30일,2.0,2.0,사모,20210617000415
287,엔투텍,227950,2021-06-17,무기명식 무보증 사모 전환사채,"10,000,000,000",2024년 07월 09일,2.0,2.0,사모,20210617000409
288,엑서지21,43090,2021-06-17,무기명식 이권부 무보증 사모전환사채,"7,500,000,000",2026년 08월 09일,3.0,3.0,사모,20210617000004
289,지엔원에너지,270520,2021-06-16,무기명식 이권부 무보증 사모 전환사채,"29,000,000,000",2026년 09월 14일,3,3,사모,20210616000540
290,에이비프로바이오,195990,2021-06-16,무기명식 이권부 무보증사모 전환사채,"15,000,000,000",2024년 06월 18일,2.0,2.0,사모,20210616000507
291,에스디생명공학,217480,2021-06-16,무기명식 이권부 무보증 사모 전환사채,"17,000,000,000",2026년 06월 18일,0.0,0.0,사모,20210616000440
292,파인테크닉스,106240,2021-06-16,무기명식 이권부 무보증 사모 전환사채,"25,000,000,000",2026년 06월 18일,0.0,0.0,사모,20210616000322
293,JTC,950170,2021-06-16,무기명식 이권부 무보증 사모 전환사채,"14,000,000,000",2026년 06월 29일,0.0,1.0,사모,20210616000007
294,THE E&M,89230,2021-06-14,무기명식 이권부 무보증 사모 전환사채,"5,000,000,000",2024년 06월 28일,1.0,1.0,사모,20210614000320
295,티로보틱스,117730,2021-06-10,무기명식 무보증 사모 전환사채,"5,000,000,000",2026년 06월 18일,0.0,0.0,사모,20210610000438
296,윈팩,97800,2021-06-09,무기명식 이권부 무보증 사모 전환사채,"5,000,000,000",2024년 06월 11일,0.0,0.0,사모,20210609000312
297,캐스텍코리아,71850,2021-06-08,무기명식 이권부 무보증 사모 전환사채,"10,000,000,000",2024.06.25,1,1,사모,20210608000486
298,엔케이맥스,182400,2021-06-08,무기명식 이권부 무보증 사모 전환사채,"14,400,000,000",2026년 06월 10일,0.0,1.0,사모,20210608000484
299,폴라리스우노,114630,2021-06-08,무기명식 이권부 무보증 사모 전환사채,"30,000,000,000",2025.06.10,1.0,1.0,사모,20210608000373
300,율호,72770,2021-06-08,무기명식 이권부 무보증 사모 전환사채,"10,000,000,000",2024년 10월 26일,1,3,사모,20210608000001
301,협진,138360,2021-06-07,무기명식 이권부 사모 전환사채,"11,000,000,000",2024.06.15,0.00,4.00,사모,20210607000440
302,까스텔바작,308100,2021-06-04,무기명식 이권부 무보증 사모 전환사채,"20,000,000,000",2026년 06월 08일,0.0,0.0,사모,20210604000475
303,제놀루션,225220,2021-06-04,무기명식 이권부 무보증 사모 전환사채,"5,000,000,000",2026년 06월 08일,1.0,1.0,사모,20210604000260
304,배럴,267790,2021-06-03,무기명식 무이권부 무보증 사모 전환사채,"10,000,000,000",2026년 06월 07일,0.00,2.00,사모,20210603000379
305,팬엔터테인먼트,68050,2021-06-03,무기명식 이권부무보증 사모 전환사채,"20,000,000,000",2026년 06월 07일,0.0,0.0,사모,20210603000229
306,가온미디어,78890,2021-06-02,무기명식 이권부 무보증 사모 전환사채,"10,500,000,000",2051년 06월 04일,0.0,0.0,사모,20210602000493
307,메디콕스,54180,2021-06-02,"무기명식 이권부 무보증 사모 전환사채, ","20,000,000,000",2024년 06월 04일,3,5,사모,20210602000491
308,바이온,32980,2021-06-02,무기명식 이권부 무보증 사모 전환사채,"8,000,000,000",2024년 06월 04일,1.0,3.0,사모,20210602000473
309,에코바이오,38870,2021-06-02,무기명식 이권부 무보증 사모 전환사채,"21,000,000,000",2026년 06월 04일,0.0,0.0,사모,20210602000422
310,시스웍,269620,2021-06-02,무기명식 이권부 무보증 사모 전환사채,"10,000,000,000",2024년 06월 02일,3.0,3.0,사모,20210602000063
311,제넨바이오,72520,2021-06-01,무기명식 이권부 무보증 사모 전환사채,"15,000,000,000",2024년 06월 04일,3.0,5.0,사모,20210601000612
312,솔루에타,154040,2021-05-31,무기명식 이권부 무보증사모 전환사채,"4,000,000,000 ",2024년 06월 01일,0 ,3 ,사모,20210531000955
313,솔루에타,154040,2021-05-31,무기명식 이권부 무보증사모 전환사채,"25,000,000,000",2024년 06월 01일,0 ,3 ,사모,20210531000953
314,스마트솔루션즈,136510,2021-05-31,무기명 이권부 무보증 사모 전환사채,"20,000,000,000",2024년 09월 30일,1,1,사모,20210531000928
315,젠큐릭스,229000,2021-05-31,기명식 무보증사모 전환사채,"18,000,000,000",2026.06.08,1.0,1.0,사모,20210531000925
316,스마트솔루션즈,136510,2021-05-31,무기명 이권부 무보증 사모 전환사채,"20,000,000,000",2024년 07월 30일,1,1,사모,20210531000915
317,티에스아이,277880,2021-05-31,무기명식 무보증 사모전환사채,"22,000,000,000",2026년 06월 08일,0,0,사모,20210531000574
318,버킷스튜디오,66410,2021-05-28,무기명식 이권부 무보증 사모 전환사채,"40,000,000,000",2024년 05월 28일,2,2,사모,20210528000328
319,디딤이앤에프,217620,2021-05-27,무기명식 이권부 사모 전환사채,"2,000,000,000",2024년 05월 31일,3.00,6.00,사모,20210527000326
320,제이스코홀딩스,23440,2021-05-26,무기명식 이권부 무보증 사모 전환사채,"38,000,000,000",2023년 05월 31일,4.5,4.5,사모,20210526000603
321,이즈미디어,181340,2021-05-26,무기명식 이권부 무보증 사모 전환사채,"13,500,000,000",2024년 06월 02일,1,5,사모,20210526000241
322,휴센텍,215090,2021-05-24,무기명식 이권부 무보증 사모 전환사채,"3,000,000,000",2024년 06월 01일,0,0,사모,20210524000571
323,대유에이피,290120,2021-05-24,무기명식 이권부 무보증 공모 전환사채,"30,000,000,000",2024년 06월 11일,1.0,3.0,공모,20210524000350
324,자안바이오,221610,2021-05-24,무기명식무이권부무보증사모전환사채,"2,500,000,000",2026년 06월 30일,0.0,6.0,사모,20210524000309
325,비츠로시스,54220,2021-05-24,무기명식 이권부 무보증 사모 전환사채,"1,000,000,000",2024년 05월 25일,3.0,5.0,사모,20210524000303
326,옵트론텍,82210,2021-05-20,무기명식 이권부 무보증 사모 전환사채,"16,000,000,000",2024년 05월 26일,0.0,0.0,사모,20210520000378
327,지나인제약,78650,2021-05-20,무기명식 무보증 사모 전환사채,"8,000,000,000",2024년 07월 02일,0.0,0.0,사모,20210520000085
328,싸이토젠,217330,2021-05-17,무기명식 무보증 사모 전환사채,"30,000,000,000",2024년 05월 20일,0.0,0.0,사모,20210517001996
329,이즈미디어,181340,2021-05-17,무기명식 이권부 사모 전환사채,"20,000,000,000",2024년 06월 08일,1,2,사모,20210517001647
330,KBI메탈,24840,2021-05-17,무기명식 이권부 무보증 사모 전환사채,"15,000,000,000",2026년 05월 25일,0.0,0.0,사모,20210517000823
331,셀루메드,49180,2021-05-17,무기명식 이권부 무보증 사모 전환사채,"5,000,000,000",2024년 05월 28일,2.0,5.0,사모,20210517000037
332,셀루메드,49180,2021-05-17,무기명식 이권부 무보증 사모 전환사채,"10,000,000,000",2024년 05월 28일,2.0,5.0,사모,20210517000029
333,쎄노텍,222420,2021-05-14,무기명식 이권무 무보증 사모 전환사채,"17,500,000,000",2026년 05월 18일,1.0,2.0,사모,20210514001418
334,에이티세미콘,89530,2021-05-14,무기명식 이권부 무보증 사모 전환사채,"2,000,000,000",2024년 05월 14일,4.0,6.0,사모,20210514001154
335,바이브컴퍼니,301300,2021-05-14,무기명식 이권부 무보증 사모 전환사채,"30,000,000,000",2026년 05월 18일,0.0,0.0,사모,20210514000607
336,자이글,234920,2021-05-14,기명식 사모 전환사채,"10,000,000,000",2022년 05월 16일,2.48,-,사모,20210514000266
337,큐렉소,60280,2021-05-13,무기명식 무보증사모 전환사채,"15,000,000,000",2026년 05월 20일,0.0,0.0,사모,20210513000552
338,비엠티,86670,2021-05-12,무기명식 이권부 사모 전환사채,"20,000,000,000",2026년 05월 28일,0.0,0.0,사모,20210512000650
339,라닉스,317120,2021-05-12,무기명식 무보증 사모 전환사채,"15,000,000,000",2024년 05월 14일,0.0,0.0,사모,20210512000608
340,엔에스엔,31860,2021-05-12,무기명식 이권부 무보증 사모 전환사채,"2,500,000,000",2024년 05월 12일,1.5,2.0,사모,20210512000589
341,폴라리스세원,234100,2021-05-12,무기명식 이권부 무보증 사모 전환사채,"20,000,000,000",2026년 05월 14일,0.0,0.0,사모,20210512000547
342,네오리진,94860,2021-05-11,무기명식 이권부 무보증 사모 전환사채,"5,000,000,000",2024년 05월 13일,4.00,7.00,사모,20210511000439
343,비보존 제약,82800,2021-05-10,무기명식 무보증 사모 전환사채,"10,000,000,000",2024년 07월 14일,2,4,사모,20210510000326
344,KBG,318000,2021-05-10,무기명식 이권부 무보증 사모 전환사채,"5,000,000,000",2026년 05월 12일,0.0,0.0,사모,20210510000190
345,에이티세미콘,89530,2021-05-07,무기명식 이권부 무보증 사모 전환사채,"20,000,000,000",2024년 05월 11일,6.0,6.0,사모,20210507000636
346,디딤이앤에프,217620,2021-05-06,무기명식 이권부 무보증사모 전환사채,"3,000,000,000",2024년 05월 07일,1.00,2.00,사모,20210506000508
347,파워넷,37030,2021-05-06,무기명식 무보증 사모 전환사채,"10,000,000,000",2026년 05월 07일,2.0,2.0,사모,20210506000497
348,에프엔씨엔터,173940,2021-05-06,무기명식 이권부 무보증 사모 전환사채,"7,000,000,000",2026년 05월 06일,0.0,2.0,사모,20210506000404
349,이브이첨단소재,131400,2021-05-06,무기명식 이권부 무보증 사모 전환사채,"15,000,000,000",2024년 05월 07일,2.0,4.0,사모,20210506000234
350,예스티,122640,2021-05-04,무기명식 이권부 무보증 사모 전환사채,"20,000,000,000",2026.05.14,0,0,사모,20210504000318
351,바이오로그디바이스,208710,2021-05-03,무기명식 이권부 무보증 사모 전환사채,"15,000,000,000",2024년 05월 06일,2,5,사모,20210503000683
352,모비스,250060,2021-05-03,무기명식 이권부 무보증 사모 전환사채,"11,000,000,000",2026년 05월 06일,0.0,0.0,사모,20210503000477
353,에스트래픽,234300,2021-05-03,무기명식 무보증 사모 전환사채,"20,000,000,000",2026년 05월 06일,0.0,0.0,사모,20210503000356
354,한국유니온제약,80720,2021-04-30,무기명식 이권부 무보증 사모 전환사채,"30,000,000,000",2025.05.04,0.0,2.0,사모,20210430000976
355,솔고바이오,43100,2021-04-29,무기명식 이권부 무보증 전환사채,"2,100,000,000",2024년 04월 29일,3,5,사모,20210429000241
356,세토피아,222810,2021-04-28,무기명식 무보증 사모 전환 사채,"8,000,000,000",2024년 07월 28일,0,3,사모,20210428000744
357,세토피아,222810,2021-04-28,무기명식 무보증 사모 전환 사채,"6,000,000,000",2024년 06월 28일,0,3,사모,20210428000738
358,세토피아,222810,2021-04-28,무기명식 무보증 사모 전환 사채,"6,000,000,000",2024년 06월 07일,0,3,사모,20210428000734
359,하이즈항공,221840,2021-04-28,무기명식 무이권부 무보증 사모 전환사채,"12,000,000,000",2024년 04월 30일,0.0,0.0,사모,20210428000706
360,솔고바이오,43100,2021-04-28,무기명식 이권부 무보증 전환사채,"3,000,000,000",2024년 04월 28일,3,5,사모,20210428000376
361,디와이디,219550,2021-04-27,무기명식 이권부 무보증 사모 전환사채,"40,000,000,000",2026년 04월 28일,5.5,5.5,사모,20210427000714
362,알파홀딩스,117670,2021-04-27,무기명식 이권부 무보증 사모 전환사채,"5,000,000,000",2024년 04월 28일,1,3,사모,20210427000545
363,베셀,177350,2021-04-27,무기명식 이권부 무보증 사모 전환사채,"4,500,000,000",2024.04.28,1.0,3.5,사모,20210427000438
364,베셀,177350,2021-04-27,무기명식 이권부 무보증 사모 전환사채,"6,000,000,000",2024.04.28,0.0,0.0,사모,20210427000435
365,티에스넥스젠,43220,2021-04-26,무기명식 이권부무보증 전환사채,"33,000,000,000",2024년 04월 30일,0.0,1.0,사모,20210426000598
366,테라사이언스,73640,2021-04-26,무기명식이권부 무보증 사모 전환사채,"18,000,000,000",2024년 04월 26일,0.0,2.0,사모,20210426000399
367,오가닉티코스메틱,900300,2021-04-23,해외 무기명식 무보증 사모 전환사채,"5,028,300,000",2024년 05월 14일,0.0,5.0,사모,20210423000634
368,이트론,96040,2021-04-23,무기명식 이권부 사모 전환사채,"30,000,000,000",2024년 05월 21일,1.5,3.0,사모,20210423000003
369,테크엘,64520,2021-04-22,무기명식 이권부 무보증 사모 전환사채,"13,000,000,000",2024년 04월 28일,2,5,사모,20210422000514
370,이화전기,24810,2021-04-22,무기명식 무보증 사모 전환사채,"20,000,000,000",2024년 05월 24일,1.5,3.0,사모,20210422000415
371,지노믹트리,228760,2021-04-22,무기명식 이권부 무보증 사모 전환사채,"50,000,000,000",2026년 04월 30일,0.0,0.0,사모,20210422000396
372,지나인제약,78650,2021-04-22,무기명식 무보증 사모 전환사채,"10,000,000,000",2024년 06월 03일,0.0,0.0,사모,20210422000393
373,지나인제약,78650,2021-04-22,무기명식 무보증 사모 전환사채,"10,000,000,000",2024년 06월 03일,0.0,0.0,사모,20210422000383
374,피에스엠씨,24850,2021-04-21,국내 무기명식 이권부 무보증 사모 전환사채,"20,000,000,000",2024년 04월 21일,1.0,3.0,사모,20210421000706
375,시티랩스,139050,2021-04-21,무기명식 이권부 무보증 사모 전환사채,"10,000,000,000",2024년 04월 30일,2,5,사모,20210421000513
376,KH 건설,226360,2021-04-21,무기명식 이권부 무보증 사모 전환사채,"10,000,000,000",2024년 04월 22일,1.0,1.0,사모,20210421000335
377,디케이앤디,263020,2021-04-20,무기명식 이권부 무보증 사모 전환사채,"20,000,000,000",2026년 04월 22일,0.0,0.0,사모,20210420000433
378,레이,228670,2021-04-20,무기명식 무보증사모 전환사채,"31,500,000,000",2026년 04월 22일,0.0,0.0,사모,20210420000212
379,넥스턴바이오,89140,2021-04-19,무기명식 이권부 무보증 사모 전환사채,"6,000,000,000",2024년 04월 20일,1.0,4.5,사모,20210419000660
380,넥스턴바이오,89140,2021-04-19,무기명식 이권부 무보증 사모 전환사채,"7,000,000,000",2024년 04월 20일,1.0,3.5,사모,20210419000643
381,에이티세미콘,89530,2021-04-19,무기명식 이권부 무보증 사모 전환사채,"2,000,000,000",2024년 04월 19일,4,6,사모,20210419000301
382,에이티세미콘,89530,2021-04-16,무기명식 이권부 무보증 사모 전환사채,"4,000,000,000",2024년 04월 19일,4,6,사모,20210416000757
383,아이엠,101390,2021-04-16,무기명식 이권부 무보증 사모 전환사채,"5,000,000,000",2024년 05월 31일,4.0,4.0,사모,20210416000701
384,바이오솔루션,86820,2021-04-16,무기명식 이권부 무보증 사모 전환사채,"80,000,000,000",2026년 07월 16일,3.0,3.0,사모,20210416000690
385,오성첨단소재,52420,2021-04-16,무기명식 무보증 사모 전환사채,"10,000,000,000",2024년 05월 07일,2,2,사모,20210416000406
386,THE E&M,89230,2021-04-16,무기명식 이권부 무보증 사모 전환사채,"4,000,000,000",2024년 04월 21일,0.0,0.0,사모,20210416000373
387,시스웍,269620,2021-04-14,무기명식 이권부 사모 전환사채,"20,000,000,000",2024.04.30,2.0,5.5,사모,20210414000671
388,삼보모터스,53700,2021-04-13,무기명식 이권부 무보증 사모 전환사채,"22,000,000,000",2026년 04월 15일,0.0,0.0,사모,20210413000492
389,러셀,217500,2021-04-12,무기명식 이권부 무보증 사모 전환사채,"10,000,000,000",2026년 04월 14일,0.00,0.00,사모,20210412000791
390,멜파스,96640,2021-04-12,무기명식 이권부 무보증 사모 전환사채,"3,000,000,000",2024년 04월 15일,5.0,8.0,사모,20210412000775
391,멜파스,96640,2021-04-12,무기명식 이권부 무보증 사모 전환사채,"2,000,000,000",2024년 04월 15일,5.0,8.0,사모,20210412000777
392,베노홀딩스,206400,2021-04-12,무기명 무보증 사모 전환사채," 7,500,000,000",2024.04.22,0.0,1.0,사모,20210412000766
393,넥스턴바이오,89140,2021-04-09,무기명식 이권부 무보증 사모 전환사채,"15,000,000,000",2025년 04월 19일,1,3,사모,20210409000948
394,한국비엔씨,256840,2021-04-09,무기명식 이권부 무보증 사모전환사채,"35,000,000,000",2026.04.13,0.0,0.0,사모,20210409000635
395,TS트릴리온,317240,2021-04-09,무기명식 이권부 무보증 사모 전환사채,"12,000,000,000",2026년 04월 12일,1.0,2.0,사모,20210409000245
396,EV수성,84180,2021-04-09,무기명식 무보증 사모 전환사채,"3,000,000,000",2024년 04월 06일,0.00,0.00,사모,20210409000001
397,에이스토리,241840,2021-04-07,무기명식 이권부 무보증 사모 전환사채,"33,000,000,000",2026년 04월 09일,0.0,0.0,사모,20210407000775
398,엔에스엔,31860,2021-04-06,무기명식 이권부 무보증 사모 전환사채,"4,500,000,000",2024년 04월 09일,2.0,5.5,사모,20210406000580
399,알에프세미,96610,2021-04-06,무기명식 이권부 무보증 사모 전환사채,"10,000,000,000",2026년 04월 08일,0.0,0.0,사모,20210406000340
400,에이트원,230980,2021-04-05,무기명식 무보증 이권부 사모 전환사채,"10,000,000,000",2024년 04월 16일,2.0,4.0,사모,20210405001109
401,엔에스엔,31860,2021-04-05,무기명식 무보증 이권부 사모 전환사채,"10,500,000,000",2024년 04월 30일,3,5,사모,20210405001020
402,휴메딕스,200670,2021-04-02,무기명식 이권부 무보증 사모 전환사채,"45,000,000,000",2026년 04월 06일,0.0,0.0,사모,20210402000720
403,골든센츄리,900280,2021-04-01,무기명식 이권부 무보증 사모 전환사채,"10,000,000,000",2024년 04월 15일,4.0,6.0,사모,20210401000912
404,이노테라피,246960,2021-04-01,무기명식 무보증 사모 전환사채,"7,500,000,000",2026년 04월 09일,0.0,0.0,사모,20210401000900
405,THE MIDONG,161570,2021-04-01,무기명식 이권부 무보증 사모 전환사채,"3,500,000,000",2024년 04월 09일,1,3.5,사모,20210401000370
406,엠투엔,33310,2021-04-01,무기명식 이권부 무보증 사모 전환사채,"30,000,000,000",2024년 04월 20일,0.0,6.0,사모,20210401000079
407,센코,347000,2021-03-31,무기명식 무보증 사모 전환사채,"12,500,000,000",2026년 04월 27일,0.0,1.0,사모,20210331003029
408,코미팜,41960,2021-03-31,무기명식 이권부 무보증 사모 전환사채,"10,000,000,000",2024년 04월 02일,0.0,0.0,사모,20210331002212
409,한빛소프트,47080,2021-03-31,무기명식 무보증 사모 전환사채,"13,000,000,000, ",2026년 04월 02일,0.0,0.0,사모,20210331002135
410,NEW,160550,2021-03-31,무기명식 이권부 무보증 사모 전환사채,"20,000,000,000",2026년 04월 08일,0,0,사모,20210331001828
411,디에스티,33430,2021-03-30,무기명식 무보증사모 전환사채,"1,700,000,000",2024년 03월 30일,6,6,사모,20210330000682
412,켐트로닉스,89010,2021-03-30,국내 무기명식 이권부 무보증 사모 전환사채,"25,000,000,000",2026.04.01,0.0,0.0,사모,20210330000484
413,엑서지21,43090,2021-03-29,무기명식 이권부 무보증 사모전환사채,"7,500,000,000",2026년 05월 31일,3.0,3.0,사모,20210329002099
414,비엘팜텍,65170,2021-03-29,무기명식 이권부 무보증 사모 전환사채,"10,400,000,000",2026년 03월 31일,0.0,1.0,사모,20210329001794
415,씨유메디칼,115480,2021-03-26,무기명식 이권부 무보증 사모 전환사채,"2,000,000,000",2024년 03월 29일,4.0,7.0,사모,20210326002241
416,카카오게임즈,293490,2021-03-26,무기명식 무이권부 무보증 사모 전환사채,"500,000,000,000",2026년 03월 31일,0.0,0.0,사모,20210326000461
417,디에스티,33430,2021-03-23,무기명식 무보증사모 전환사채,"1,550,000,000",2024.03.23,5,8,사모,20210323000654
418,스튜디오산타클로스,204630,2021-03-19,무기명식 무보증사모 전환사채,"6,000,000,000",2024년 03월 22일,5.0,6.0,사모,20210319001905
419,액션스퀘어,205500,2021-03-19,무기명식 이권부 무보증 무담보 사모 전환사채,"3,300,000,000",2026년 03월 29일,0.0,0.0,사모,20210319001820
420,버킷스튜디오,66410,2021-03-19,무기명식 무보증 사모 전환사채,"20,000,000,000",2024년 04월 02일,2,2,사모,20210319001455
421,엠에프엠코리아,323230,2021-03-18,무기명식 이권부 무보증 사모 전환사채,"6,000,000,000",2026년 03월 22일,0.0,0.0,사모,20210318001398
422,씨케이에이치,900120,2021-03-18,해외 기명식 무보증 사모 전환사채," 679,080,000 ",2024년 03월 18일,0,5,사모,20210318001362
423,피씨엘,241820,2021-03-18,무기명식 이권부 사모 전환사채,"10,000,000,000",2026년 03월 19일,0.0,0.0,사모,20210318000956
424,피씨엘,241820,2021-03-18,무기명식 이권부 사모 전환사채,"27,500,000,000",2026년 03월 19일,0.0,0.0,사모,20210318000795
425,셀리드,299660,2021-03-17,무기명식 무보증 사모 전환사채,"19,000,000,000",2026년 03월 19일,0.0,0.0,사모,20210317001157
426,CNT85,56730,2021-03-17,무기명식 무보증 이권부사모 전환사채,"5,300,000,000",2024년 03월 18일,2.0,5.0,사모,20210317000701
427,아난티,25980,2021-03-15,무기명식 이권부 무보증 사모 전환사채,"60,000,000,000",2024년 03월 22일,0,1.5,사모,20210315001494
428,비디아이,148140,2021-03-15,무기명식 이권부 무보증 사모 전환사채,"30,000,000,000",2024년 04월 29일,3.0,5.0,사모,20210315000322
429,비디아이,148140,2021-03-15,무기명식 이권부 무보증 사모 전환사채,"20,000,000,000",2024년 04월 15일,3.0,5.0,사모,20210315000314
430,미래생명자원,218150,2021-03-12,무기명식 이권부 사모 전환사채,"15,000,000,000",2026년 03월 16일,0.0,0.0,사모,20210312000695
431,뉴지랩파마,214870,2021-03-12,무기명식 이권부 무보증 사모 전환사채,"9,230,000,000",2024년 03월 22일,0,2,사모,20210312000317
432,KH 전자,111870,2021-03-12,무기명식 이권부 무보증 사모 전환사채,"15,000,000,000",2024년 03월 12일,2.0,5.0,사모,20210312000276
433,인트로메딕,150840,2021-03-11,무기명식 이권부 무보증 사모 전환사채,"12,000,000,000",2024년 04월 12일,5.5,5.5,사모,20210311001406
434,애니플러스,310200,2021-03-10,무기명식 무보증 사모 전환사채,"12,000,000,000",2026년 03월 12일,0.0,0.0,사모,20210310001177
435,노랑풍선,104620,2021-03-10,무기명식 이권부 무보증 사모 전환사채,"10,000,000,000",2026년 03월 12일,0.0,0.0,사모,20210310000730
436,엔바이오니아,317870,2021-03-10,무기명식 이권부 무보증 사모 전환사채,"5,000,000,000",2026년 04월 07일,0.0,0.0,사모,20210310000568
437,KH 전자,111870,2021-03-09,무기명식 이권부 무보증 사모 전환사채,"6,000,000,000",2024년 03월 10일,2.0,2.0,사모,20210309001176
438,브이원텍,251630,2021-03-09,무기명식 이권부 무보증 사모 전환사채,"15,000,000,000",2026년 03월 12일,0.0,0.0,사모,20210309001058
439,네오셈,253590,2021-03-09,무기명식 이권부 사모 전환사채,"22,000,000,000",2026년 03월 11일,0.0,0.0,사모,20210309000591
440,재영솔루텍,49630,2021-03-08,국내 기명식 이권부 무보증 사모 전환사채,"22,000,000,000",2026.03.12,2,4,사모,20210308000697
441,안트로젠,65660,2021-03-05,전환사채,"16,000,000,000",2024년 03월 08일,0,0,사모,20210305000954
442,자안바이오,221610,2021-03-02,무기명식 이권부 무보증 사모 전환사채,"9,500,000,000",2026년 03월 05일,4.5,4.5,사모,20210302000858
443,에이티세미콘,89530,2021-02-26,무기명식 이권부 무보증 사모 전환사채,"10,000,000,000",2024년 03월 03일,4.0,6.0,사모,20210226001591
444,시노펙스,25320,2021-02-26,국내 무기명식 이권부 무보증 사모 전환사채,"15,000,000,000",2026년 03월 03일,0.0,0.0,사모,20210226000626
445,SGA솔루션즈,184230,2021-02-24,무기명식 이권부 무보증 사모 전환사채,"2,500,000,000",2024년 03월 02일,0,3.0,사모,20210224000845
446,삼천당제약,250,2021-02-24,무기명식 무보증 사모 전환사채,"30,000,000,000",2024년 02월 26일,0.0,0.0,사모,20210224000541
447,켄코아에어로스페이스,274090,2021-02-23,무기명식 이권부 무보증 사모 전환사채,"30,000,000,000",2026년 02월 25일,0.0,0.0,사모,20210223000850
448,엠벤처투자,19590,2021-02-23,무기명식 이권부 무보증 사모 전환사채,"1,500,000,000",2026년 02월 25일,4,4,사모,20210223000350
449,도이치모터스,67990,2021-02-23,무기명식 무보증 사모 전환사채,"30,000,000,000",2026년 02월 26일,0.0,1.0,사모,20210223000176
450,지더블유바이텍,36180,2021-02-19,무기명식 이권부 무보증 사모 전환사채,"9,290,000,000",2023년 03월 05일,0,5,사모,20210219000905
451,에이치엔티,176440,2021-02-19,무기명식 이권부 담보부 전환사채,"10,000,000,000",2023년 12월 16일,2.0,3.0,사모,20210219000451
452,코스온,69110,2021-02-18,무기명식 이권부 무보증 사모 전환사채,"10,000,000,000",2024년 04월 01일,0.0,1.0,사모,20210218000701
453,코스온,69110,2021-02-18,무기명식 이권부 무보증 사모 전환사채,"10,000,000,000",2024년 04월 01일,2.0,2.0,사모,20210218000696
454,코스온,69110,2021-02-18,무기명식 이권부 무보증 사모 전환사채,"4,102,100,000",2024년 02월 23일,0.0,1.0,사모,20210218000690
455,엔시트론,101400,2021-02-18,무기명식 이권부무보증 사모전환사채,"2,000,000,000",2024년 02월 22일,2.0,2.0,사모,20210218000670
456,엔시트론,101400,2021-02-18,무기명식 이권부무보증 사모전환사채,"13,000,000,000",2024년 02월 22일,2.0,2.0,사모,20210218000603
457,아이오케이,78860,2021-02-17,무기명식 무이권부 무보증사모 전환사채,"1,000,000,000",2024.02.17,0.0,0.0,사모,20210217000659
458,KH 전자,111870,2021-02-17,무기명식 이권부 무보증 사모 전환사채,"10,000,000,000",2024년 02월 25일,3.5,5.0,사모,20210217000487
459,KH 건설,226360,2021-02-17,무기명식 이권부 무보증 사모 전환사채,"25,000,000,000",2024년 02월 25일,3.5,5.0,사모,20210217000464
460,장원테크,174880,2021-02-17,무기명식 이권부 무보증 사모 전환사채,"25,000,000,000",2024년 02월 25일,3.5,5.0,사모,20210217000391
461,서진시스템,178320,2021-02-17,무기명식 무보증 이권부 전환사채,"40,000,000,000",2026년 03월 25일,2.5,2.5,사모,20210217000360
462,서진시스템,178320,2021-02-17,무기명식 무보증 이권부 전환사채,"70,000,000,000",2026년 03월 22일,2.5,2.5,사모,20210217000356
463,비엘,142760,2021-02-16,무기명식 이권부 무보증 사모 전환사채,"13,000,000,000",2026년 02월 18일,0.0,0.0,사모,20210216000901
464,이엔드디,101360,2021-02-15,무기명식 이권부 무보증 사모 전환사채,"30,000,000,000",2026년 02월 17일,0.1,0.1,사모,20210215000461
465,HLB제약,47920,2021-02-10,무기명식 무보증 사모 전환사채,"13,200,000,000",2024년 03월 12일,0,0,사모,20210210000976
466,휴림네트웍스,192410,2021-02-10,무기명식 이권부 무보증 사모 전환사채,"18,000,000,000",2024.04.30,0,3,사모,20210210000003
467,휴림네트웍스,192410,2021-02-10,무기명식 이권부 무보증 사모 전환사채,"3,000,000,000",2024.04.20,0,3,사모,20210210000002
468,휴림네트웍스,192410,2021-02-10,무기명식 이권부 무보증 사모 전환사채,"8,000,000,000",2024.02.17,0,3,사모,20210210000001
469,유네코,64510,2021-02-09,무기명식 무보증 이권부 사모 전환사채,"2,000,000,000",2025년 02월 16일,1.5,3.0,사모,20210209001253
470,SBW생명과학,151910,2021-02-09,무기명식 이권부 무보증사모 전환사채,"30,000,000,000",2026년 04월 05일,4.0,6.0,사모,20210209001185
471,세토피아,222810,2021-02-09,무기명식 무보증 사모 전환사채,"7,000,000,000",2024년 02월 09일,0.0,0.0,사모,20210209001083
472,엘앤에프,66970,2021-02-09,무기명식 무보증 사모 전환사채,"9,000,000,000",2026년 02월 17일,0.0,0.0,사모,20210209000976
473,파워넷,37030,2021-02-08,무기명식 무보증 사모 전환사채,"10,000,000,000",2026년 02월 09일,0.0,0.0,사모,20210208001155
474,엔시트론,101400,2021-02-04,무기명식 이권부 무보증 사모전환사채,"1,242,000,000",2026년 02월 04일,0.0,1.0,사모,20210204000988
475,오성첨단소재,52420,2021-02-04,무기명식 무보증 사모 전환사채,"10,000,000,000",2024년 03월 19일,2,2,사모,20210204000822
476,스튜디오산타클로스,204630,2021-02-01,무보증사모 전환사채,"4,500,000,000",2024년 02월 02일,4.0,7.0,사모,20210201001092
477,디에이테크놀로지,196490,2021-02-01,무기명식 이권부 무보증 사모 전환사채,"9,000,000,000",2024년 02월 09일,1.0,4.0,사모,20210201001008
478,알파홀딩스,117670,2021-01-29,무기명식 이권부 무보증 사모 전환사채,"3,000,000,000",2024년 02월 01일,1,3,사모,20210129000509
479,본느,226340,2021-01-29,무기명식 이권부 무보증 사모 전환사채,"12,000,000,000",2026년 02월 18일,0.0,0.0,사모,20210129000487
480,아이큐어,175250,2021-01-29,무기명식 이권부 무보증 사모 전환사채,"50,000,000,000",2026년 02월 02일,0,0,사모,20210129000235
481,GV,45890,2021-01-28,무기명식 무보증 사모 전환사채,"10,000,000,000",2024년 02월 16일,3.0,3.0,사모,20210128000009
482,레드로버,60300,2021-01-26,무기명식 무보증 무담보 사모 전환사채,"2,500,000,000",2026년 01월 27일,2,3.5,사모,20210126000702
483,노블엠앤비,106520,2021-01-26,무기명식 무이권부 무보증 사모 전환사채,"38,000,000,000",2024년 01월 26일,0,0,사모,20210126000554
484,트루윈,105550,2021-01-22,무기명식이권부무보증 사모 전환사채,"7,000,000,000",2024.01.26,0.0,3.0,사모,20210122000653
485,이원컴포텍,88290,2021-01-22,무기명식 이권부 담보부 사모 전환사채,"10,000,000,000",2024년 01월 28일,2,5,사모,20210122000658
486,스튜디오산타클로스,204630,2021-01-21,무기명식 이권부 무보증 사모 전환사채,"17,000,000,000",2024년 01월 22일,4.0,4.0,사모,20210121000490
487,헬릭스미스,84990,2021-01-20,무기명식 무보증 사모 전환사채,"20,000,000,000",2026년 01월 22일,0,0,사모,20210120000668
488,엠에프엠코리아,323230,2021-01-20,무기명식 이권부 무보증 사모 전환사채,"5,000,000,000",2026년 01월 22일,0.0,0.0,사모,20210120000427
489,나인테크,267320,2021-01-19,무기명식 이권부 무보증 사모 전환사채,"17,000,000,000",2026년 01월 27일,0.0,0.0,사모,20210119000346
490,이오플로우,294090,2021-01-19,무기명식 이권부 무보증 사모 전환사채,"35,000,000,000",2026년 01월 21일,0.0,0.0,사모,20210119000298
491,미코,59090,2021-01-18,무기명식 무보증 사모 전환사채,"12,500,000,000",2027년 01월 25일,0.0,0.0,사모,20210118000643
492,KH 건설,226360,2021-01-18,무기명식 이권부 무보증 사모 전환사채,"5,000,000,000",2024년 01월 19일,2.0,3.0,사모,20210118000466
493,케이피엠테크,42040,2021-01-18,"국내 무기명식 이권부 무보증 사모 전환사채, ","10,000,000,000",2024년 01월 18일,4.0,4.0,사모,20210118000427
494,SG,255220,2021-01-15,무기명식 무보증 사모 전환사채,"16,500,000,000",2026년 01월 19일,0.0,1.0,사모,20210115000631
495,EV수성,84180,2021-01-14,무기명식 이권부 무보증 무담보 사모 전환사채,"5,000,000,000",2024년 04월 09일,2,2,사모,20210114000430
496,솔루에타,154040,2021-01-14,무기명식 이권부 무보증사모 전환사채,"10,000,000,000",2025년 01월 18일,0.0,2.0,사모,20210114000420
497,솔루에타,154040,2021-01-14,무기명식 이권부 무보증사모 전환사채,"8,000,000,000",2025년 01월 18일,0.0,2.0,사모,20210114000386
498,쎄트렉아이,99320,2021-01-13,기명식 무보증 사모 전환사채,"50,000,000,000",2024년 01월 15일,0,0,사모,20210113000005
499,텔레칩스,54450,2021-01-12,무기명식 이권부 사모 전환사채,"20,000,000,000",2026년 01월 14일,0.0,0.0,사모,20210112000305
500,세토피아,222810,2021-01-08,무기명식 이권부 무보증 사모 전환사채,"4,000,000,000",2024년 01월 11일,0.0,3.0,사모,20210108000336
501,동일철강,23790,2021-01-08,무기명식 이권부무보증 사모 전환사채,"7,000,000,000",2025년 01월 12일,2.0,3.0,사모,20210108000214
502,글로본,19660,2021-01-06,무기명식 이권부 무보증 사모 전환사채,"2,996,250,000",2024년 01월 06일,0,0,사모,20210106000477
503,조광ILI,44060,2021-01-06,무기명 이권부 무보증 사모 전환사채,"30,000,000,000",2024년 01월 12일,1.0,1.0,사모,20210106000281
504,아나패스,123860,2021-01-05,무기명식 이권부 무보증 사모 전환사채,"2,000,000,000",2026년 01월 07일,0.0,0.0,사모,20210105000641
505,오르비텍,46120,2021-01-05,무기명식 이권부 무보증 사모 전환사채,"10,000,000,000",2024년 03월 29일,1.0,3.0,사모,20210105000573
506,케어랩스,263700,2021-01-05,무기명식 무보증 사모 전환사채,"20,000,000,000",2024년 01월 07일,0.00,1.00,사모,20210105000431
507,CBI,13720,2021-01-04,무기명식 이권부 무보증 사모 전환사채,"10,000,000,000",2024년 02월 26일,2.0,3.0,사모,20210104000628
508,테라사이언스,73640,2021-01-04,무기명식 이권부 무보증 사모 전환사채,"10,000,000,000",2024년 01월 08일,2.0,5.0,사모,20210104000491
