,회사명,기업공시코드,공시일,종류,총액,사채만기일,표면이자율,만기이자율,사채발행방법,공시코드
0,연이비앤티,90740,2020-12-29,무기명식 이권부무보증 사모 전환사채,"10,000,000,000",2024년 04월 09일,0,3,사모,20201229000894
1,연이비앤티,90740,2020-12-29,무기명식 이권부무보증 사모 전환사채,"10,000,000,000",2024년 04월 02일,0,3,사모,20201229000889
2,HLB테라퓨틱스,115450,2020-12-29,무기명식 이권부 무보증 사모 전환사채,"45,000,000,000",2026년 02월 05일,0.0,3.0,사모,20201229000674
3,HLB테라퓨틱스,115450,2020-12-29,무기명식 이권부 무보증 사모 전환사채,"10,000,000,000",2026년 02월 01일,0.0,3.0,사모,20201229000472
4,휴림로봇,90710,2020-12-28,무기명식 이권부 담보부 사모전환사채,"4,000,000,000",2023년 12월 28일,3,5,사모,20201228000974
5,휴림로봇,90710,2020-12-28,무기명식 이권부 담보부 사모전환사채,"10,000,000,000",2023년 12월 28일,3,5,사모,20201228000966
6,녹원씨엔아이,65560,2020-12-28,무기명식 이권부 무보증 사모 전환사채,"7,000,000,000",2023년 12월 29일,2,4,사모,20201228000396
7,녹원씨엔아이,65560,2020-12-24,무기명식 이권부 무보증 사모 전환사채,"5,000,000,000",2023년 12월 28일,2,5,사모,20201224000664
8,리더스 기술투자,19570,2020-12-24,무기명식 이권부 무보증 사모 전환사채,"2,000,000,000",2023년 12월 24일,4.0,6.0,사모,20201224000501
9,애머릿지,900100,2020-12-24,무기명식 무보증 이권부 사모 전환사채,"1,000,000,000",2023년 12월 24일,0.0,5.0,사모,20201224000384
10,디모아,16670,2020-12-24,무기명식 이권부 무보증 사모 전환사채,"804,000,000",2023년 12월 24일,2,3,사모,20201224000363
11,메드팩토,235980,2020-12-23,무기명식 무보증 사모 전환사채,"70,000,000,000",2024년 01월 15일,0.0,1.0,사모,20201223000841
12,나이벡,138610,2020-12-23,무기명 이권부 무보증 사모 전환사채,"10,000,000,000",2025년 12월 28일,0.0,0.0,사모,20201223000749
13,스카이문스테크놀로지,33790,2020-12-23,무기명식 이권부 무보증 사모 전환사채,"1,300,000,000",2022년 12월 23일,-,4,사모,20201223000448
14,소프트센,32680,2020-12-21,무기명식 무보증 사모 전환사채,"6,000,000,000",2025년 12월 23일,0,1,사모,20201221000735
15,우리넷,115440,2020-12-21,무기명식 무이권부 무보증 사모 전환사채,"20,000,000,000",2025년 12월 22일,0.0,0.0,사모,20201221000659
16,아시아종묘,154030,2020-12-21,무기명식 무보증 사모 전환사채,"5,000,000,000",2024년 12월 23일,0.0,0.0,사모,20201221000361
17,디모아,16670,2020-12-17,무기명식 이권부 무보증 사모 전환사채,"10,000,000,000",2023년 12월 17일,2,3,사모,20201217000363
18,골드앤에스,35290,2020-12-17,무기명 무보증 전환사채,"5,000,000,000",2025년 12월 15일,0.0,3.0,사모,20201217000199
19,지나인제약,78650,2020-12-16,무기명식 이권부 무보증 사모 전환사채,"6,000,000,000",2025년 12월 18일,0.0,0.0,사모,20201216001381
20,카스,16920,2020-12-16,무기명식 무보증 사모 전환사채,"10,000,000,000",2025년 12월 18일,0.0,0.0,사모,20201216001167
21,로보티즈,108490,2020-12-15,무기명식 무이권부 무보증 사모 전환사채,"11,000,000,000",2025.12.17,0.0,0.0,사모,20201215001278
22,노블엠앤비,106520,2020-12-15,무기명식 무이권부 무보증 사모 전환사채,"20,000,000,000",2024년 01월 29일,0,0,사모,20201215000678
23,한스바이오메드,42520,2020-12-15,무기명식 이권부 무보증 사모 전환사채,"20,000,000,000",2023년 12월 18일,0.0,2.6,사모,20201215000538
24,연이비앤티,90740,2020-12-14,무기명식 이권부무보증 사모 전환사채,"10,000,000,000",2024년 03월 31일,0,3,사모,20201214001167
25,연이비앤티,90740,2020-12-14,무기명식 이권부무보증 사모 전환사채,"10,000,000,000",2024년 02월 26일,0,3,사모,20201214001163
26,연이비앤티,90740,2020-12-14,무기명식 이권부무보증 사모 전환사채,"10,000,000,000",2024년 01월 29일,0,3,사모,20201214001092
27,광림,14200,2020-12-14,국내 무기명식 이권부 무보증 사모 전환사채,"8,000,000,000",2023년 12월 16일,3.0,3.0,사모,20201214001078
28,바른손,18700,2020-12-14,무기명식 무보증 사모 전환사채,"5,000,000,000",2023년 12월 15일,0,4,사모,20201214000586
29,제넥신,95700,2020-12-11,기명식 무보증 사모 전환사채,"20,000,000,000",2025년 12월 17일,0,0,사모,20201211000776
30,엠벤처투자,19590,2020-12-11,무기명식 이권부 무보증 무담보 사모 전환사채,"2,000,000,000",2025.12.15,4,4,사모,20201211000379
31,KD,44180,2020-12-11,무기명식이권부 무보증사모 전환사채,"3,000,000,000",2020.12.11,12.0,12.0,사모,20201211000376
32,트루윈,105550,2020-12-09,무기명식 이권부무보증 사모 전환사채,"12,000,000,000",2023.12.10,3.0,3.0,사모,20201209000571
33,옵트론텍,82210,2020-12-09,무기명식 이권부 무보증 사모 전환사채,"12,000,000,000",2023년 12월 11일,0.0,0.0,사모,20201209000562
34,이엔코퍼레이션,66980,2020-12-09,무기명식 무보증 사모 전환사채,"15,000,000,000",2026년 02월 08일,0.0,2.0,사모,20201209000462
35,알파홀딩스,117670,2020-12-08,무기명식 이권부 무보증 사모 전환사채,"6,000,000,000",2023년 12월 24일,1,3,사모,20201208000321
36,에스티팜,237690,2020-12-07,무기명식 무보증 사모 전환사채 ,"110,000,000,000",2025년 12월 11일,0,0,사모,20201207000531
37,아이윈,90150,2020-12-04,국내 무기명식 무보증 사모 전환사채,"10,000,000,000",2023년 12월 08일,0,4,사모,20201204000757
38,장원테크,174880,2020-12-03,무기명식 이권부 무보증 사모 전환사채,"3,000,000,000",2023년 12월 04일,2.0,3.0,사모,20201203000284
39,비츠로셀,82920,2020-12-03,"무기명식 무이권부 무보증 사모 전환사채, ","10,000,000,000",2025년 12월 04일,0.0,1.0,사모,20201203000291
40,비츠로셀,82920,2020-12-03,"무기명식 무이권부 무보증 사모 전환사채, ","10,000,000,000",2025년 12월 04일,0.0,0.0,사모,20201203000255
41,CBI,13720,2020-12-02,무기명식 이권부 무보증 사모 전환사채,"5,000,000,000",2024년 03월 31일,2.0,3.0,사모,20201202000536
42,CBI,13720,2020-12-02,무기명식 이권부 무보증 사모 전환사채,"5,000,000,000",2024년 02월 26일,2.0,3.0,사모,20201202000535
43,장원테크,174880,2020-12-02,무기명식 이권부 무보증 사모 전환사채,"5,000,000,000",2023년 12월 15일,2.0,4.0,사모,20201202000327
44,THE E&M,89230,2020-11-27,무기명식 이권부 무보증 사모 전환사채,"7,000,000,000",2024년 01월 11일,0.0,2.0,사모,20201127000628
45,THE E&M,89230,2020-11-27,무기명식 이권부 무보증 사모 전환사채,"5,000,000,000",2023년 12월 28일,0.0,2.0,사모,20201127000620
46,시스웍,269620,2020-11-27,무기명식 이권부 무보증 사모 전환사채,"5,000,000,000",2023년 11월 30일,1.0,5.5,사모,20201127000552
47,엔케이맥스,182400,2020-11-26,무기명식 이권부 무보증 사모 전환사채,"23,200,000,000",2025년 11월 30일,0.0,1.0,사모,20201126000658
48,뉴보텍,60260,2020-11-25,무기명식 이권부 무보증 사모 전환사채,"10,000,000,000",2025년 11월 27일,0.0,0.0,사모,20201125000502
49,비덴트,121800,2020-11-24,무기명식 이권부 무보증 사모 전환사채 ,"50,000,000,000",2024년 01월 29일,1,1,사모,20201124000521
50,자연과환경,43910,2020-11-24,무기명식 이권부 무보증 공모 전환사채,"11,000,000,000",2023년 12월 14일,2.0,4.0,공모,20201124000347
51,지엘팜텍,204840,2020-11-23,기명식 이권부 무보증 사모전환사채,"4,500,000,000",2025년 11월 29일,2.0,4.0,사모,20201123000523
52,삼강엠앤티,100090,2020-11-20,무기명식 이권부 무보증 사모 전환사채,"34,000,000,000",2024년 11월 25일,0.0,0.0,사모,20201120000543
53,모바일어플라이언스,87260,2020-11-20,무기명식 무보증 사모 전환사채,"20,000,000,000",2025년 11월 24일,0.0,0.0,사모,20201120000415
54,올릭스,226950,2020-11-19,무기명식 무보증 사모 전환사채,"29,050,000,000",2025년 11월 27일,0.0,1.0,사모,20201119000239
55,에스넷,38680,2020-11-18,무기명식 무보증 이권부 사모 전환사채,"20,000,000,000",2023년 11월 20일,0.0,0.0,사모,20201118000235
56,KH 건설,226360,2020-11-16,무기명식 이권부 무보증 사모 전환사채,"5,000,000,000",2023년 11월 17일,3.5,5.0,사모,20201116001905
57,엑세스바이오,950130,2020-11-16,기명식무이권부사모전환사채,"11,132,000,000",2022년 11월 18일,0.00,2.00,사모,20201116000017
58,파크시스템스,140860,2020-11-13,무기명식 이권부 무보증 사모 전환사채,"20,000,000,000",2025년 11월 20일,0,0,사모,20201113001358
59,엔투텍,227950,2020-11-13,무기명식 무보증 사모 전환사채,"5,000,000,000",2023년 12월 11일,2.0,2.0,사모,20201113001135
60,유네코,64510,2020-11-12,무기명식 무보증 이권부 사모 전환사채,"12,000,000,000",2023년 11월 13일,1.0,6.0,사모,20201112000297
61,우리기술,32820,2020-11-11,무기명식 무보증 이권부 사모 전환사채 ,"10,000,000,000",2023년 11월 13일,3.0,5.0,사모,20201111000492
62,스튜디오산타클로스,204630,2020-11-11,무기명식 이권부 무보증 사모 전환사채,"6,700,000,000",2023년 12월 11일,0.0,3.0,사모,20201111000396
63,휴온스,243070,2020-11-11,무기명식 이권부 무보증 사모 전환사채,"50,000,000,000",2025년 11월 13일,0,0,사모,20201111000128
64,드래곤플라이,30350,2020-11-10,무기명식 이권부 무보증 사모 전환사채,"10,000,000,000",2024년 01월 29일,1.0,1.0,사모,20201110000008
65,한국팩키지,37230,2020-11-09,무기명식 무보증 사모 전환사채,"6,000,000,000",2025년 11월 13일,1.0,3.8,사모,20201109000543
66,녹원씨엔아이,65560,2020-11-09,무기명식 이권부 무보증 사모 전환사채,"15,000,000,000",2023년 11월 25일,2,4,사모,20201109000512
67,비덴트,121800,2020-11-06,무기명식 이권부 무보증 사모 전환사채 ,"10,000,000,000",2023년 12월 22일,0,1,사모,20201106000636
68,비덴트,121800,2020-11-06,무기명식 이권부 무보증 사모 전환사채 ,"30,000,000,000",2023년 12월 22일,1,1,사모,20201106000631
69,엔투텍,227950,2020-11-06,무기명식 무보증 사모 전환사채,"5,000,000,000",2023년 12월 04일,2.0,2.0,사모,20201106000364
70,메이슨캐피탈,21880,2020-11-06,무기명식 이권부 무보증 담보부 사모 전환사채,"10,000,000,000",2025년 11월 13일,6.0,6.0,사모,20201106000335
71,넥스트아이,137940,2020-11-05,무기명식 이권부 무보증 사모 전환사채,"5,000,000,000",2023년 11월 10일,1,6,사모,20201105000496
72,디케이락,105740,2020-11-05,무기명 무보증 사모 전환사채,"20,000,000,000",2023년 11월 13일,0.0,0.0,사모,20201105000407
73,엔지켐생명과학,183490,2020-11-04,무기명식 이권부 무보증 사모 전환사채,"50,000,000,000",2025년 11월 06일,0.0,0.0,사모,20201104000401
74,아이엘사이언스,307180,2020-11-04,무기명식 이권부 무보증 사모 전환사채,"6,000,000,000",2023년 11월 05일,0.0,2.0,사모,20201104000385
75,아이텍,119830,2020-11-04,무기명식 무보증 무담보 사모 전환사채,"20,000,000,000",2023년 11월 13일,1,1,사모,20201104000168
76,코스나인,82660,2020-11-03,무기명식 이권부 무보증사모 전환사채,"4,000,000,000",2023년 11월 30일,0.0,4.0,사모,20201103000512
77,EV수성,84180,2020-11-03,무기명식 이권부 무보증 무담보 사모 전환사채,"5,000,000,000",2024년 01월 20일,2,2,사모,20201103000508
78,텔콘RF제약,200230,2020-11-03,무기명식 이권부 무보증 사모 전환사채,"14,360,000,000",2023년 11월 03일,3.0,5.0,사모,20201103000365
79,텔콘RF제약,200230,2020-11-03,무기명식 이권부 무보증 사모 전환사채,"22,000,000,000",2023년 11월 03일,3.0,5.0,사모,20201103000360
80,텔콘RF제약,200230,2020-11-03,무기명식 이권부 무보증 사모 전환사채,"4,290,000,000",2023년 11월 03일,3.0,5.0,사모,20201103000354
81,한일진공,123840,2020-11-03,무기명식 이권부 무보증 사모 전환사채,"5,000,000,000",2023년 11월 03일,3.0,5.0,사모,20201103000336
82,코렌텍,104540,2020-11-03,무기명식 무보증 사모 전환사채,"15,000,000,000",2025년 12월 04일,0.00,0.00,사모,20201103000361
83,라이온켐텍,171120,2020-11-02,무기명식 무보증 이권부 사모 전환사채,"20,000,000,000",2023년 11월 04일,0.0,0.0,사모,20201102000229
84,아주IB투자,27360,2020-10-30,무기명식 이권부 무보증 사모 전환사채,"5,000,000,000",2023년 11월 05일,0.0,3.0,사모,20201030000601
85,엠벤처투자,19590,2020-10-30,무기명식 무보증 담보부 사모 전환사채,"4,000,000,000",2025년 11월 03일,5,5,사모,20201030000446
86,코스온,69110,2020-10-29,무기명식 이권부 무보증 사모 전환사채,"11,480,950,000",2025년 11월 12일,0.0,0.0,사모,20201029000656
87,EV수성,84180,2020-10-29,무기명식 무보증 공모 전환사채,"999,990,000",2021년 11월 16일,-,-,공모,20201029000633
88,글로본,19660,2020-10-29,무기명식 이권부 무보증 사모 전환사채,"13,000,000,000",2023년 11월 30일,1,4,사모,20201029000420
89,케어랩스,263700,2020-10-29,무기명식 이권부 무보증  사모 전환사채,"20,000,000,000",2024년 03월 15일,1.00,1.00,사모,20201029000005
90,한국맥널티,222980,2020-10-28,무기명식 이권부 무보증 사모 전환사채,"5,000,000,000",2025년 11월 02일,0.0,0.0,사모,20201028000683
91,시티랩스,139050,2020-10-28,무기명식 이권부 무보증 사모 전환사채,"20,000,000,000",2024년 03월 12일,1,4,사모,20201028000596
92,에스디생명공학,217480,2020-10-28,무기명식 이권부 무보증 사모 전환사채,"21,000,000,000",2025년 10월 30일,0.0,0.0,사모,20201028000476
93,버킷스튜디오,66410,2020-10-27,무기명식 무보증 사모 전환사채,"20,000,000,000",2023년 12월 04일,2,2,사모,20201027000552
94,오스템임플란트,48260,2020-10-27,무기명식 무보증 사모 전환사채,"50,000,000,000",2025년 10월 29일,0.0,0.0,사모,20201027000395
95,CNT85,56730,2020-10-23,무기명식 무보증 이권부사모 전환사채,"20,000,000,000",2023년 10월 23일,2.0,5.0,사모,20201023000616
96,CNT85,56730,2020-10-23,무기명식 무보증 이권부사모 전환사채 (담보有),"5,000,000,000",2023년 10월 23일,2.0,5.0,사모,20201023000615
97,CNT85,56730,2020-10-23,무기명식 무보증 이권부사모 전환사채 (담보有),"5,000,000,000",2023년 10월 23일,2.0,5.0,사모,20201023000614
98,지더블유바이텍,36180,2020-10-23,무기명식 이권부 무보증 사모 전환사채,"3,400,000,000",2022년 10월 23일,0,5,사모,20201023000348
99,우리기술,32820,2020-10-22,무기명식 무보증 이권부 사모 전환사채,"5,000,000,000",2023년 10월 23일,2.0,5.0,사모,20201022000492
100,이브이첨단소재,131400,2020-10-22,무기명식 이권부 담보부 사모 전환사채,"10,000,000,000",2023년 10월 29일,1.0,1.0,사모,20201022000473
101,에이비프로바이오,195990,2020-10-22,무기명식 무보증 사모 전환사채,"10,000,000,000",2023년 11월 26일,2.0,2.0,사모,20201022000461
102,리더스 기술투자,19570,2020-10-21,무기명식 이권부 무보증 사모 전환사채,"2,000,000,000",2023년 10월 23일,2.0,4.0,사모,20201021000407
103,상보,27580,2020-10-21,무기명식 이권부 무보증 사모 전환사채,"6,500,000,000",2023년 10월 29일,1,4,사모,20201021000276
104,현우산업,92300,2020-10-21,무기명식 이권부 무보증 사모 전환사채,"10,000,000,000",2024년 10월 22일,0.0,1.0,사모,20201021000182
105,한국테크놀로지,53590,2020-10-16,무기명식 이권부 무보증 사모 전환사채,"7,000,000,000",2023.11.16,0,5,사모,20201016000598
106,에이티세미콘,89530,2020-10-15,무기명식 이권부 무보증 사모 전환사채,"6,000,000,000",2023년 10월 16일,2.0,2.0,사모,20201015000564
107,한송네오텍,226440,2020-10-15,무기명식 이권부 무보증 사모 전환사채,"10,000,000,000",2023.03.30,1,3,사모,20201015000464
108,KH 건설,226360,2020-10-14,무기명식 이권부 무보증 사모 전환사채,"10,000,000,000",2023년 10월 21일,2.0,3.0,사모,20201014000302
109,대유,290380,2020-10-13,무기명 이권부 무보증 사모 전환사채,"10,000,000,000",2023년 10월 23일,1.5,1.5,사모,20201013000540
110,피에이치씨,57880,2020-10-13,무기명식 이권부 무보증 사모 전환사채,"5,000,000,000",2023년 10월 23일,1.0,1.0,사모,20201013000538
111,오스테오닉,226400,2020-10-13,무기명식 무보증 사모 전환사채,"12,000,000,000",2025년 10월 15일,0,1,사모,20201013000330
112,씨아이에스,222080,2020-10-13,기명식 무보증 사모 전환사채,"30,000,000,000",2025년 10월 15일,2,2,사모,20201013000206
113,위세아이텍,65370,2020-10-12,무기명식 무보증 사모 전환사채,"12,000,000,000",2025년 10월 14일,0.0,1.0,사모,20201012000382
114,녹원씨엔아이,65560,2020-10-08,무기명식 이권부 무보증 사모 전환사채,"10,000,000,000",2023년 10월 13일,2,5,사모,20201008000795
115,아이톡시,52770,2020-10-06,무기명식 이권부 무보증 사모 전환사채,"600,000,000",2023년 10월 06일,0.0,5.0,사모,20201006000635
116,초록뱀컴퍼니,52300,2020-10-05,무기명식 무보증 국내사모 전환사채,"5,000,000,000",2023년 10월 08일,1.0,1.0,사모,20201005000626
117,지어소프트,51160,2020-09-29,무기명식 무보증 사모 전환사채,"10,000,000,000",2025.10.08,-,-,사모,20200929000488
118,맥스로텍,141070,2020-09-29,무기명식 무보증 사모 전환사채,"5,000,000,000",2023.10.28,3,3,사모,20200929000438
119,레드로버,60300,2020-09-28,무기명식 무보증 무담보 사모 전환사채,"1,954,000,000",2023년 09월 29일,0,4,사모,20200928000808
120,텔콘RF제약,200230,2020-09-28,무기명식 이권부 무보증 사모 전환사채,"30,000,000,000",2030년 10월 16일,2.1,2.1,사모,20200928000600
121,RF머트리얼즈,327260,2020-09-28,무기명식 이권부 무보증 사모 전환사채,"5,000,000,000",2024.04.05,0.0,0.0,사모,20200928000493
122,뉴지랩파마,214870,2020-09-28,무기명식 이권부 무보증 사모 전환사채,"35,000,000,000",2023년 10월 20일,0,2,사모,20200928000467
123,바이넥스,53030,2020-09-28,무기명식 무보증 사모 전환사채,"38,000,000,000",2025년 10월 06일,0.0,0.0,사모,20200928000176
124,에이치앤비디자인,227100,2020-09-25,무기명식 이권부 무보증 사모 전환사채,"3,000,000,000",2023년 09월 28일,5,5,사모,20200925000700
125,디모아,16670,2020-09-24,무기명식 이권부 무보증 사모 전환사채,"10,000,000,000",2023년 09월 24일,1.5,1.5,사모,20200924000528
126,상아프론테크,89980,2020-09-24,무기명식 이권부 무보증 무담보 사모 전환사채,"20,000,000,000",2025년 09월 28일,-,-,사모,20200924000162
127,상아프론테크,89980,2020-09-24,무기명식 이권부 무보증 무담보 사모 전환사채,"10,000,000,000",2023년 05월 28일,-,-,사모,20200924000160
128,EDGC,245620,2020-09-23,무기명식 이권부 무보증 공모 전환사채,"60,000,000,000",2023.10.19,0.0,1.0,공모,20200923000224
129,파인디앤씨,49120,2020-09-22,무기명식 이권부 무보증 사모 전환사채,"7,500,000,000",2025년 09월 24일,0.0,3.0,사모,20200922000467
130,맥스로텍,141070,2020-09-22,무기명식 무보증 사모 전환사채,"4,242,000,000",2023년 10월 07일,0,0,사모,20200922000261
131,메디콕스,54180,2020-09-21,무기명식 이권부 무보증 사모 전환사채,"5,000,000,000",2023년 10월 20일,0,0,사모,20200921000430
132,ITX-AI,99520,2020-09-21,무기명식 이권부 무보증 사모 전환사채,"10,500,000,000",2023년 10월 27일,2.0,4.0,사모,20200921000411
133,케일럼,258610,2020-09-18,무기명식 이권부 무보증 사모전환사채,"10,000,000,000",2023년 10월 30일,1.0,3.0,사모,20200918000610
134,현대바이오,48410,2020-09-18,무기명식 이권부 무보증 사모 전환사채,"32,000,000,000",2024년 09월 22일,0.0,1.0,사모,20200918000443
135,삼보산업,9620,2020-09-17,무기명식 이권부 무보증 사모 전환사채,"5,000,000,000",2023.09.21,0.00,0.00,사모,20200917000468
136,엘아이에스,138690,2020-09-17,무기명식 이권부 무보증 사모 전환사채,"6,000,000,000",2023년 09월 18일,2.0,4.5,사모,20200917000379
137,파워넷,37030,2020-09-16,무기명식 이권부 무보증 사모 전환사채,"5,000,000,000",2025년 09월 18일,0.0,0.0,사모,20200916000368
138,씨에스베어링,297090,2020-09-16,무기명식 이권부 무보증 사모 전환사채,"10,000,000,000",2025.09.18,0.00,0.00,사모,20200916000328
139,리더스 기술투자,19570,2020-09-14,무기명식 이권부 무보증 사모 전환사채,"5,000,000,000",2023년 09월 14일,2.0,4.0,사모,20200914000463
140,초록뱀미디어,47820,2020-09-09,무기명식 무보증 국내사모 전환사채,"12,300,000,000",2023년 09월 18일,1.0,1.0,사모,20200909000400
141,골드퍼시픽,38530,2020-09-08,무기명식 무보증 이권부 사모 전환사채,"10,000,000,000",2023년 09월 17일,1,1,사모,20200908000438
142,싸이토젠,217330,2020-09-04,무기명식 이권부 무보증 전환사채,"10,000,000,000",2025년 09월 25일,0,0,사모,20200904000460
143,코스온,69110,2020-09-03,무기명식 이권부 무보증 사모 전환사채,"10,000,000,000",2024년 09월 04일,0.0,1.0,사모,20200903000404
144,파인텍,131760,2020-09-02,무기명식 이권부 무보증 사모 전환사채,"5,000,000,000",2023년 09월 04일,0.0,3.0,사모,20200902000170
145,휴맥스,115160,2020-09-02,국내 무기명식 이권부 무보증 사모 전환사채,"4,000,000,000",2025년 09월 03일,0.0,0.0,사모,20200902000003
146,KX,122450,2020-09-02,무기명식 이권부무보증 사모 전환사채,"20,000,000,000",2023.11.01,0.0,1.0,사모,20200902000001
147,에이티세미콘,89530,2020-09-01,무기명식 이권부 무보증 사모 전환사채,"10,000,000,000",2024년 10월 07일,3.0,5.0,사모,20200901000023
148,HLB제약,47920,2020-08-31,무기명식 무보증 사모 전환사채,"10,000,000,000",2023년 10월 30일,1,1,사모,20200831000707
149,HLB제약,47920,2020-08-31,무기명식 무보증 사모 전환사채,"10,000,000,000",2023년 10월 30일,1,1,사모,20200831000701
150,CJ 바이오사이언스,311690,2020-08-31,무기명식 무보증 사모 전환사채,"30,000,000,000",2025년 09월 02일,0.0,2.0,사모,20200831000485
151,우수AMS,66590,2020-08-31,무기명식 이권부 무보증 사모 전환사채,"20,000,000,000",2023년 11월 30일,2,3,사모,20200831000374
152,조광ILI,44060,2020-08-27,무기명 이권부 무보증 사모 전환사채,"10,000,000,000",2023.08.28,1.0,1.0,사모,20200827000407
153,넥스트아이,137940,2020-08-25,무기명식 이권부 사모 전환사채,"15,000,000,000",2023년 10월 06일,1.0,3.5,사모,20200825000479
154,메디프론,65650,2020-08-25,국내 무기명식 무보증 사모 전환사채,"20,000,000,000",2025년 09월 01일,0,0,사모,20200825000354
155,엠플러스,259630,2020-08-24,무기명식 무보증 사모 전환사채,"10,000,000,000",2025년 08월 25일,0.0,0.0,사모,20200824000271
156,네이처셀,7390,2020-08-24,무기명식 이권부 무보증 사모 전환사채,"10,000,000,000",2023년 08월 26일,1,1,사모,20200824000218
157,유니슨,18000,2020-08-24,무기명식 이권부 무보증 사모 전환사채 ,"30,000,000,000",2025년 08월 24일,3.0,7.0,사모,20200824000001
158,케이피엠테크,42040,2020-08-21,"국내 무기명식 이권부 무보증 사모 전환사채, ","6,300,000,000",2023년 08월 24일,4.0,4.0,사모,20200821000456
159,제노포커스,187420,2020-08-21,무기명식 무보증 사모 전환사채,"10,000,000,000",2025년 08월 24일,0.0,3.0,사모,20200821000236
160,시스웍,269620,2020-08-20,무기명식 이권부 무보증 사모 전환사채,"10,000,000,000",2023년 10월 16일,1.0,1.0,사모,20200820000006
161,시스웍,269620,2020-08-20,무기명식 이권부 무보증 사모 전환사채,"5,000,000,000",2023년 10월 07일,1.0,1.0,사모,20200820000004
162,에이스테크,88800,2020-08-19,무기명식 이권부 무보증 사모 전환사채,"25,000,000,000",2023년 08월 21일,0.0,2.0,사모,20200819000320
163,코스나인,82660,2020-08-14,무기명식무보증 사모전환사채,"2,000,000,000",2023년 08월 18일,5.0,7.0,사모,20200814001530
164,광무,29480,2020-08-14,무기명식 이권부 무보증 사모 전환사채,"15,000,000,000",2023년 09월 29일,4,4,사모,20200814001009
165,광무,29480,2020-08-14,무기명식 이권부 무보증 사모 전환사채,"10,000,000,000",2023년 09월 28일,4,4,사모,20200814000971
166,유테크,178780,2020-08-13,무기명식 이권부 무보증 사모 전환사채,"5,000,000,000",2023년 10월 30일,1,4,사모,20200813000894
167,코원플레이,56000,2020-08-12,무기명식 이권부 무보증사모 전환사채,"1,500,000,000",2025년 08월 13일,4.0,4.0,사모,20200812000604
168,KH 전자,111870,2020-08-12,무기명식 이권부 무보증 사모 전환사채,"12,000,000,000",2023년 08월 12일,1,1,사모,20200812000328
169,리메드,302550,2020-08-11,무기명식 이권부 무보증 사모 전환사채 ,"30,000,000,000",2035년 08월 14일,0.0,0.0,사모,20200811000425
170,EG,37370,2020-08-11,무기명식 이권부 무보증 사모 전환사채,"10,000,000,000",2025년 08월 13일,0.0,0.0,사모,20200811000242
171,KH 건설,226360,2020-08-07,무기명식 이권부 무보증 사모 전환사채,"3,000,000,000",2023년 08월 10일,1.0,1.0,사모,20200807000424
172,KH 건설,226360,2020-08-07,무기명식 이권부 무보증 사모 전환사채,"7,000,000,000",2023년 08월 10일,5,8,사모,20200807000404
173,코스온,69110,2020-08-07,무기명식 이권부 무보증 사모 전환사채,"11,000,000,000",2024년 08월 07일,0.0,1.0,사모,20200807000224
174,셀리버리,268600,2020-08-07,무기명 무보증 사모 전환사채,"23,000,000,000",2023년 08월 19일,1.0,3.0,사모,20200807000001
175,큐로컴,40350,2020-08-06,무기명식이권부 무보증 사모전환사채,"3,000,000,000",2023년 08월 06일,0.0,1.0,사모,20200806000240
176,메디콕스,54180,2020-08-05,무기명식 이권부 무보증 사모 전환사채,"7,100,000,000",2023년 08월 28일,0,0,사모,20200805000423
177,모트렉스,118990,2020-08-04,무기명식 무보증 사모 전환사채,"8,000,000,000",2025년 08월 06일,1.0,2.0,사모,20200804000448
178,EV수성,84180,2020-08-04,제14회차 무기명 이권부 무담보 무보증 사모 전환사채,"1,000,000,000",2023년 08월 12일,3.0,6.0,사모,20200804000453
179,베셀,177350,2020-08-04,무기명식 무보증 사모 전환사채,"2,000,000,000",2023년 08월 06일,0.0,0.0,사모,20200804000416
180,케일럼,258610,2020-08-03,무기명식 이권부 무보증 사모전환사채,"20,000,000,000",2023년 09월 25일,1.0,3.0,사모,20200803000580
181,프로스테믹스,203690,2020-08-03,무기명식 이권부 무보증 사모 전환사채,"20,000,000,000",2025년 08월 04일,0.0,0.0,사모,20200803000004
182,시너지이노베이션,48870,2020-07-31,국내 무보증 사모 전환사채,"12,000,000,000",2024년 08월 03일,0,0,사모,20200731000754
183,초록뱀이앤엠,131100,2020-07-30,무기명식 무보증 사모 전환사채,"5,000,000,000",2023년 09월 15일,0.0,4.0,사모,20200730000557
184,기가레인,49080,2020-07-30,기가레인 무기명식 사모 전환사채,"7,000,000,000",2023.08.07,1,4,사모,20200730000572
185,RFHIC,218410,2020-07-30,무기명식 이권부 사모 전환사채,"30,000,000,000",2024년 08월 03일,0.0,0.0,사모,20200730000292
186,앤씨앤,92600,2020-07-29,무기명식 이권부 무보증 사모 전환사채,"17,500,000,000",2025년 07월 31일,0.0,0.0,사모,20200729000275
187,코센,9730,2020-07-24,무기명식 이권부 무보증 사모전환사채,"8,033,625,000",2030년 07월 24일,3.0,3.0,사모,20200724000697
188,베노홀딩스,206400,2020-07-24,무기명 무보증 사모 전환사채," 5,500,000,000",2023.09.22,0.0,1.0,사모,20200724000681
189,SDN,99220,2020-07-24,무기명식 이권부 무보증 사모 전환사채,"8,000,000,000",2025년 07월 28일,0,1,사모,20200724000581
190,디알텍,214680,2020-07-21,무기명식 이권부 무보증 사모 전환사채,"20,000,000,000",2025년 07월 23일,0.0,0.0,사모,20200721000445
191,위즈코프,38620,2020-07-20,무기명식 이권부 무보증 사모 전환사채,"3,400,000,000",2025년 07월 22일,2.0,2.0,사모,20200720000373
192,SBW생명과학,151910,2020-07-13,무기명식 이권부 무보증 사모 전환사채,"3,000,000,000",2023년 07월 14일,2.0,2.0,사모,20200713000348
193,해성옵틱스,76610,2020-07-10,무기명식 이권부 무보증 사모 전환사채,"20,000,000,000",2025.09.07,2.0,3.0,사모,20200710000005
194,해성옵틱스,76610,2020-07-09,무기명식 이권부 무보증 사모 전환사채,"10,000,000,000",2025.08.07,2.0,3.0,사모,20200709000492
195,해성옵틱스,76610,2020-07-09,무기명식 이권부 무보증 사모 전환사채,"10,000,000,000",2025.07.31,2.0,3.0,사모,20200709000491
196,인콘,83640,2020-07-09,무기명식 이권부 무보증 사모 전환사채,"3,000,000,000",2023년 07월 10일,2.0,2.0,사모,20200709000369
197,코스나인,82660,2020-07-09,무기명식무보증 사모전환사채,"2,000,000,000",2023년 07월 10일,4.0,4.0,사모,20200709000317
198,휴먼엔,32860,2020-07-08,무기명식 이권부 무보증 사모 전환사채,"10,000,000,000",2023.10.15,2,3,사모,20200708000435
199,SGA솔루션즈,184230,2020-07-08,무기명식 이권부 무보증 사모 전환사채,"3,000,000,000",2023년 07월 10일,2.0,3.0,사모,20200708000410
200,CBI,13720,2020-07-08,무기명식 이권부 무보증 사모 전환사채,"4,000,000,000",2023년 07월 09일,0.0,1.6,사모,20200708000373
201,아이텍,119830,2020-07-07,무기명식 무보증 무담보 사모 전환사채,"11,500,000,000",2023년 07월 15일,1,1,사모,20200707000001
202,SG,255220,2020-07-01,무기명식 이권부 무보증 사모 전환사채,"14,000,000,000",2025년 07월 09일,0,1,사모,20200701000253
203,엔투텍,227950,2020-06-29,무기명식 무보증 사모 전환사채,"10,000,000,000",2023년 07월 15일,2.0,2.0,사모,20200629000495
204,장원테크,174880,2020-06-29,무기명식 이권부 무보증 사모 전환사채,"5,000,000,000",2023년 06월 29일,1.0,1.0,사모,20200629000266
205,RF머트리얼즈,327260,2020-06-29,무기명식 이권부 무보증 사모 전환사채,"6,000,000,000",2024년 01월 01일,0.0,0.0,사모,20200629000212
206,플래스크,41590,2020-06-26,국내 무기명식 무보증 사모전환사채,"2,800,000,000",2023년 06월 29일,0.0,3.0,사모,20200626000696
207,플래스크,41590,2020-06-26,국내 무기명식 무보증 담보부 사모 전환사채,"10,000,000,000",2023년 06월 29일,0.0,3.0,사모,20200626000659
208,카이노스메드,284620,2020-06-26,무기명식 무보증 사모 전환사채,"20,000,000,000",2025.06.30,0,1,사모,20200626000660
209,코아스템켐온,166480,2020-06-25,무기명식 무보증 사모 전환사채,"41,000,000,000",2024년 06월 26일,0.0,0.0,사모,20200625000449
210,엠에스오토텍,123040,2020-06-25,무기명식 이권부 무보증 사모 전환사채,"23,000,000,000",2025년 06월 29일,2.0,3.0,사모,20200625000437
211,이엔코퍼레이션,66980,2020-06-23,무기명식 무보증 사모 전환사채,"5,000,000,000",2025년 06월 30일,0.0,0.0,사모,20200623000314
212,이엔코퍼레이션,66980,2020-06-23,무기명식 무보증 사모 전환사채,"5,000,000,000",2025년 06월 30일,0.0,0.0,사모,20200623000303
213,유테크,178780,2020-06-22,무기명식 이권부 무보증 사모 전환사채,"6,000,000,000",2023년 08월 28일,1,4,사모,20200622000512
214,네온테크,306620,2020-06-19,무기명식이권부무보증사모전환사채,"3,000,000,000",2023년 06월 22일,-,3,사모,20200619000471
215,아이즈비전,31310,2020-06-18,무기명식 무보증 사모 전환사채,"10,000,000,000",2025년 06월 19일,0.0,0.0,사모,20200618000480
216,차바이오텍,85660,2020-06-17,무기명식 이권부 무보증 사모 전환사채,"25,000,000,000",2025년 06월 19일,0,0,사모,20200617000478
217,에이치앤비디자인,227100,2020-06-17,무기명식 이권부 무보증 사모 전환사채,"4,000,000,000",2025년 06월 17일,1,1,사모,20200617000001
218,엠투엔,33310,2020-06-16,무기명식 이권부 무보증 사모 전환사채,"3,000,000,000",2023년 06월 18일,0.0,6.0,사모,20200616000605
219,엠투엔,33310,2020-06-16,무기명식 이권부 무보증 사모 전환사채,"10,000,000,000",2023년 06월 18일,0.0,6.0,사모,20200616000603
220,자안바이오,221610,2020-06-16,무기명식 이권부 무보증 담보부 사모 전환사채,"13,000,000,000",2023년 06월 18일,7.0,7.0,사모,20200616000493
221,전진바이오팜,110020,2020-06-16,무기명식 이권부 무보증 사모 전환사채,"3,500,000,000",2023년 06월 18일,1,5,사모,20200616000475
222,그린플러스,186230,2020-06-15,기명식 무보증 사모 전환사채,"10,000,000,000",2025년 06월 22일,-,-,사모,20200615000229
223,인콘,83640,2020-06-12,무기명식 이권부 무보증 사모 전환사채 ,"5,000,000,000",2023년 06월 26일,2.90,2.90,사모,20200612000465
224,우리기술,32820,2020-06-12,무기명식 이권부 무보증 사모 전환사채,"2,100,000,000",2023년 06월 12일,2.0,4.0,사모,20200612000239
225,휴맥스,115160,2020-06-11,국내 무기명식 이권부 무보증 사모 전환사채,"12,000,000,000",2025년 06월 15일,0.0,0.0,사모,20200611000355
226,엠벤처투자,19590,2020-06-08,무기명식 무보증 무담보 사모 전환사채,"4,600,000,000",2025년 06월 10일,5,5,사모,20200608000194
227,텔콘RF제약,200230,2020-06-04,무기명식 이권부 무보증 사모 전환사채,"18,000,000,000",2023년 06월 08일,3.0,5.0,사모,20200604000389
228,경남제약,53950,2020-06-04,무기명식 이권부 무보증 사모 전환사채,"14,500,000,000",2023년 06월 10일,4.0,4.0,사모,20200604000384
229,자안바이오,221610,2020-06-04,무기명식 이권부 무보증 담보부 사모 전환사채,"7,000,000,000",2023년 06월 05일,7.0,7.0,사모,20200604000138
230,큐캐피탈,16600,2020-06-03,무기명식 이권부 무보증 사모 전환사채,"9,000,000,000",2023년 06월 08일,3.0,6.0,사모,20200603000497
231,지스마트글로벌,114570,2020-06-03,무기명식 이권부 무보증 사모 전환사채,"12,100,000,000",2023년 06월 03일,2.0,7.0,사모,20200603000406
232,아우딘퓨쳐스,227610,2020-06-02,무기명식 이권부 무보증 사모 전환사채,"8,500,000,000",2025년 06월 04일,0.0,1.0,사모,20200602000287
233,로스웰,900260,2020-06-01,무기명식 무보증 사모 전환사채,"14,851,200,000 ",2023년 06월 30일,0,2.0,사모,20200601000206
234,SDN,99220,2020-05-29,무기명식 이권부 무보증 사모 전환사채,"10,000,000,000",2024년 06월 02일,0,1,사모,20200529000637
235,미코,59090,2020-05-29,무기명식 무보증 사모 전환사채,"20,000,000,000",2026.06.12,0.0,0.0,사모,20200529000593
236,한일진공,123840,2020-05-28,무기명식 이권부 무보증 사모 전환사채,"1,000,000,000",2023년 05월 29일,2.0,3.0,사모,20200528000435
237,엑스큐어,70300,2020-05-27,무기명식 이권부 무보증 사모 전환사채,"3,000,000,000",2023년 05월 29일,0.0,3.0,사모,20200527000645
238,내츄럴엔도텍,168330,2020-05-27,무기명식 무보증 사모 전환사채,"4,000,000,000",2023년 07월 10일,0,3,사모,20200527000237
239,시티랩스,139050,2020-05-26,무기명식 이권부 무보증 사모 전환사채,"2,000,000,000",2023년 05월 29일,4,4,사모,20200526000474
240,상지카일룸,42940,2020-05-26,무기명식 이권부 무보증 사모 전환사채,"9,000,000,000",2023년 05월 27일,3.0,6.0,사모,20200526000387
241,엔케이맥스,182400,2020-05-25,무기명식 이권부 무보증 사모 전환사채,"20,000,000,000",2025년 05월 27일,0.0,1.0,사모,20200525000589
242,에이스테크,88800,2020-05-22,무기명식 이권부 무보증 사모 전환사채,"35,000,000,000",2023년 05월 26일,0.0,0.0,사모,20200522000537
243,서진시스템,178320,2020-05-22,무기명식 무보증 이권부 전환사채,"20,000,000,000",2025.06.01,2.5,2.5,사모,20200522000358
244,메디톡스,86900,2020-05-21,무기명식 무보증 사모 전환사채,"30,000,000,000",2023년 05월 29일,0.0,3.0,사모,20200521000526
245,SGA솔루션즈,184230,2020-05-20,무기명식 이권부 무보증 사모 전환사채,"3,800,000,000",2023년 05월 22일,3.0,3.0,사모,20200520000483
246,와이제이엠게임즈,193250,2020-05-20,무기명식 무보증 사모 전환사채,"2,000,000,000",2025년 05월 28일,-,2.5,사모,20200520000486
247,에이티세미콘,89530,2020-05-20,무기명식 이권부 무보증 사모 전환사채,"5,000,000,000",2023년 06월 19일,7.0,8.0,사모,20200520000400
248,스튜디오산타클로스,204630,2020-05-19,무보증사모 전환사채,"10,000,000,000",2023년 07월 01일,3.0,3.0,사모,20200519000504
249,유성티엔에스,24800,2020-05-19,무기명식 이권부 무보증 사모 전환사채,"14,000,000,000",2023년 05월 26일,3.5,3.5,사모,20200519000441
250,KH 전자,111870,2020-05-19,무기명식 이권부 무보증 사모 전환사채,"4,000,000,000",2023년 05월 21일,5,5,사모,20200519000421
251,이브이첨단소재,131400,2020-05-18,무기명식 이권부 무보증 사모 전환사채,"10,000,000,000",2023년 06월 23일,1.0,3.0,사모,20200518000397
252,젬백스링크,64800,2020-05-18,국내 무기명식 무보증 사모 전환사채,"5,600,000,000",2023년 05월 18일,0.00,2.00,사모,20200518000280
253,장원테크,174880,2020-05-18,무기명식 이권부 무보증 사모 전환사채,"5,000,000,000",2023년 05월 18일,1.0,1.0,사모,20200518000166
254,메이슨캐피탈,21880,2020-05-14,무기명식 이권부 무보증 사모 전환사채,"5,000,000,000",2023년 06월 22일,3.0,5.0,사모,20200514000961
255,이엠앤아이,83470,2020-05-14,무기명식 이권부 무보증 사모 전환사채,"5,150,000,000",2023년 05월 13일,0,5,사모,20200514000008
256,조광ILI,44060,2020-05-13,무기명 이권부 무보증 사모 전환사채,"2,000,000,000",2023년 05월 14일,0.0,3.0,사모,20200513000594
257,쏠리드,50890,2020-05-13,무기명식 이권부 무보증 사모 전환사채,"10,000,000,000",2022년 05월 20일,0.0,0.0,사모,20200513000339
258,제넨바이오,72520,2020-05-12,무기명식 이권부 무보증 사모 전환사채,"3,500,000,000",2023년 05월 21일,2,5,사모,20200512000481
259,솔루에타,154040,2020-05-12,무기명식 이권부 무보증 사모 전환사채,"5,600,000,000",2024년 05월 14일,0.0,1.0,사모,20200512000471
260,솔루에타,154040,2020-05-12,무기명식 이권부 무보증 사모 전환사채,"3,000,000,000",2024년 05월 14일,0.0,1.0,사모,20200512000454
261,테라사이언스,73640,2020-05-11,무기명식 이권부 무보증 사모 전환사채,"8,000,000,000",2023년 06월 24일,0.0,3.0,사모,20200511000532
262,테라사이언스,73640,2020-05-11,무기명식 이권부 무보증 사모 전환사채,"5,500,000,000",2023년 05월 25일,0.0,3.0,사모,20200511000503
263,광림,14200,2020-05-11,무기명식 이권부 무보증 사모 전환사채,"10,000,000,000",2023년 05월 11일,1,2,사모,20200511000274
264,네온테크,306620,2020-05-08,무기명식이권부무보증사모전환사채,"5,000,000,000",2023년 05월 13일,-,3,사모,20200508000673
265,판타지오,32800,2020-05-08,무기명식 무보증 전환사채,"20,000,000,000",2023년 08월 04일,2.0,4.0,사모,20200508000003
266,에스에이치엔엘,50320,2020-05-07,무기명식무보증 사모 전환사채,"5,500,000,000",2023년 05월 29일,5.46,5.46,사모,20200507000675
267,웨이브일렉트로,95270,2020-05-07,무기명식 이권부 무보증 사모 전환사채,"8,000,000,000",2023년 05월 08일,4,6,사모,20200507000624
268,지엘팜텍,204840,2020-05-07,기명식 이권부 무보증 사모전환사채,"3,100,000,000",2025년 05월 12일,0,4.5,사모,20200507000535
269,와이제이엠게임즈,193250,2020-05-06,무기명식 무보증 사모 전환사채,"2,200,000,000",2025년 05월 21일,-,2.5,사모,20200506000676
270,비보존 제약,82800,2020-05-06,무기명식 무보증 사모 전환사채,"10,000,000,000",2023년 06월 29일,2.1,4.1,사모,20200506000638
271,비보존 제약,82800,2020-05-06,무기명식 무보증 사모 전환사채,"10,000,000,000",2023년 06월 29일,2,4,사모,20200506000630
272,비보존 제약,82800,2020-05-06,무기명식 무보증 사모 전환사채,"10,000,000,000",2023년 06월 29일,1.9,3.9,사모,20200506000620
273,유아이디,69330,2020-05-06,무기명식 이권부 무보증 사모 전환사채,"1,530,000,000",2023년 05월 08일,5.0,5.0,사모,20200506000462
274,에스맥,97780,2020-05-06,무기명식 무보증 사모 전환사채,"6,000,000,000",2023년 05월 29일,2,4,사모,20200506000264
275,에스맥,97780,2020-05-06,무기명식 무보증 사모 전환사채,"6,000,000,000",2023년 05월 22일,2,4,사모,20200506000259
276,비디아이,148140,2020-04-29,무기명식 이권부 무보증 사모 전환사채,"14,000,000,000",2022년 06월 29일,3.0,3.0,사모,20200429001146
277,인콘,83640,2020-04-28,무기명식 이권부 무보증 사모 전환사채 ,"2,000,000,000",2023년 04월 28일,1.00,3.00,사모,20200428000754
278,엔케이맥스,182400,2020-04-28,무기명식 이권부 무보증 사모 전환사채,"10,000,000,000",2025년 05월 04일,0.0,1.0,사모,20200428000692
279,HLB제약,47920,2020-04-27,무기명식 이권부 무보증 사모 전환사채,"20,000,000,000",2023년 06월 29일,1,1,사모,20200427000303
280,오가닉티코스메틱,900300,2020-04-24,해외 무기명식 무보증 사모 전환사채,"24,704,000,000",2023년 05월 14일,1,-,사모,20200424000721
281,유틸렉스,263050,2020-04-24,무기명식 이권부 무보증 사모 전환사채,"29,000,000,000",2025년 05월 04일,0.0,0.0,사모,20200424000672
282,삼영엠텍,54540,2020-04-24,무기명식 이권부 무보증 사모 전환사채,"5,000,000,000",2023년 04월 29일,-,2.0,사모,20200424000703
283,안트로젠,65660,2020-04-23,전환사채,"12,000,000,000",2023.04.24,0.0,0.0,사모,20200423000682
284,피에이치씨,57880,2020-04-23,무기명식 이권부 무보증 사모 전환사채,"3,000,000,000",2023.06.05,3.5,3.5,사모,20200423000624
285,신라젠,215600,2020-04-23,무기명식 무보증 사모 전환사채,"10,000,000,000",2025년 04월 24일,0.0,3.0,사모,20200423000320
286,신라젠,215600,2020-04-23,무기명식 무보증 사모 전환사채,"5,000,000,000",2025년 04월 24일,0.0,1.0,사모,20200423000299
287,신라젠,215600,2020-04-23,무기명식 무보증 사모 전환사채,"5,000,000,000",2025년 04월 24일,0,0,사모,20200423000298
288,자안바이오,221610,2020-04-23,무기명식 이권부 무보증 전환사채 ,"10,000,000,000",2023년 04월 23일,3.0,3.0,사모,20200423000209
289,이화전기,24810,2020-04-23,무기명식 무보증 사모 전환사채,"5,000,000,000",2023년 04월 23일,4,5,사모,20200423000199
290,하이소닉,106080,2020-04-22,무기명식 이권부 무보증 사모 전환사채,"3,000,000,000",2023년 04월 22일,-,2.0,사모,20200422000336
291,지티지웰니스,219750,2020-04-20,무보증 사모 전환사채,"10,000,000,000",2023년 09월 27일,2.0,2.0,사모,20200420000699
292,지티지웰니스,219750,2020-04-20,무보증 사모 전환사채,"10,000,000,000",2023년 08월 11일,2.0,2.0,사모,20200420000697
293,지티지웰니스,219750,2020-04-20,무보증 사모 전환사채,"10,000,000,000",2023년 06월 11일,2.0,2.0,사모,20200420000695
294,엘아이에스,138690,2020-04-20,무기명식 이권부 무보증 사모 전환사채,"3,000,000,000",2023년 04월 21일,2.0,4.5,사모,20200420000627
295,메디프론,65650,2020-04-20,무기명식 무보증 사모 전환사채,"5,600,000,000",2024년 05월 12일,0.0,2.0,사모,20200420000646
296,디아크,78590,2020-04-20,무기명식 이권부 사모 전환사채,"27,382,500,000",2050.04.20,0,0,사모,20200420000613
297,디아크,78590,2020-04-20,무기명식 이권부 사모 전환사채,"76,062,500,000",2050.04.20,0,0,사모,20200420000612
298,멕아이씨에스,58110,2020-04-20,무기명 이권부 .무보증 사모 전환사채,"3,651,000,000",2023.04.24,0.0,1.0,사모,20200420000583
299,아이윈플러스,123010,2020-04-17,무기명식 이권부 무보증 사모 전환사채,"10,000,000,000",2023년 07월 31일,3,3,사모,20200417000002
300,바른손이앤에이,35620,2020-04-16,무기명식 이권부 무보증 사모 전환사채,"5,000,000,000",2025년 04월 21일,0,2,사모,20200416000624
301,에스코넥,96630,2020-04-16,무기명식 이권부 무보증 사모 전환사채,"18,500,000,000",2025년 04월 21일,0.0,0.0,사모,20200416000292
302,GV,45890,2020-04-14,무기명식 무보증 사모 전환사채,"4,499,910,000",2023년 04월 14일,0.0,0.0,사모,20200414000653
303,텔레필드,91440,2020-04-10,무기명식 이권부 무보증 사모 전환사채,"5,000,000,000",2025년 04월 14일,0.0,0.0,사모,20200410000618
304,아이톡시,52770,2020-04-10,무기명식 이권부 무보증 전환사채,"3,300,000,000",2050.04.13,0.0,5.0,사모,20200410000440
305,율호,72770,2020-04-09,무기명식 이권부 무보증 사모 전환사채,"10,000,000,000",2023년 05월 12일,3,5,사모,20200409001068
306,율호,72770,2020-04-09,무기명식 이권부 무보증 사모 전환사채,"10,000,000,000",2023년 05월 12일,3,5,사모,20200409001038
307,율호,72770,2020-04-09,무기명식 이권부 무보증 사모 전환사채,"20,000,000,000",2023년 05월 12일,3,5,사모,20200409001029
308,FSN,214270,2020-04-09,무기명식 이권부 무보증 사모 전환사채,"10,000,000,000",2023년 04월 10일,2.0,4.0,사모,20200409000530
309,제이웨이,58420,2020-04-07,무기명식 이권부 담보부 사모 전환사채,"2,500,000,000",2023년 04월 29일,3.1,3.1,사모,20200407000927
310,제넨바이오,72520,2020-04-07,무기명식 이권부 무보증 사모 전환사채,"5,000,000,000",2023년 04월 29일,2,5,사모,20200407000877
311,제넨바이오,72520,2020-04-07,무기명식 이권부 무보증 사모 전환사채,"10,000,000,000",2023년 04월 29일,2,5,사모,20200407000861
312,하이소닉,106080,2020-04-07,무기명식 이권부 무보증 사모 전환사채,"2,000,000,000",2023년 04월 07일,-,2.0,사모,20200407000602
313,중앙디앤엠,51980,2020-04-03,무기명식 이권부 무보증 사모 전환사채,"15,000,000,000",2023년 04월 29일,5.0,5.0,사모,20200403001158
314,상지카일룸,42940,2020-04-03,무기명식 이권부 무보증 사모 전환사채,"20,000,000,000",2023년 05월 20일,3.0,6.0,사모,20200403001069
315,에스에이치엔엘,50320,2020-04-01,무기명식무보증 사모 전환사채,"4,000,000,000",2023년 04월 01일,0,2.0,사모,20200401001082
316,케이엔제이,272110,2020-04-01,기명식 무보증 사모 전환사채,"3,000,000,000",2025.04.03,0,1,사모,20200401000569
317,시티랩스,139050,2020-03-31,기명식 이권부 담보부 사모 전환사채,"9,500,000,000",2023년 03월 31일,4.0,4.0,사모,20200331001197
318,플래스크,41590,2020-03-30,국내 무기명식 무보증 사모 전환사채,"8,400,000,000",2023년 03월 30일,0.0,3.0,사모,20200330003773
319,유아이디,69330,2020-03-30,무기명식 이권부 무보증 사모 전환사채,"900,000,000",2023년 04월 01일,5.0,5.0,사모,20200330003440
320,케이피에스,256940,2020-03-30,무기명식 무보증 사모 전환사채,"25,000,000,000",2025년 04월 13일,0,0,사모,20200330002801
321,노블엠앤비,106520,2020-03-27,무기명식 이권부 담보권 사모 전환사채,"5,000,000,000",2022년 03월 27일,3.0,3.0,사모,20200327002345
322,앤디포스,238090,2020-03-25,무기명식 이권부 무보증 사모 전환사채,"13,000,000,000",2023년 04월 03일,1.0,2.0,사모,20200325001903
323,코센,9730,2020-03-25,무기명식 이권부 담보부 사모 전환사채,"8,848,200,000",2023년 03월 24일,0.0,4.0,사모,20200325000001
324,엔투텍,227950,2020-03-24,무기명식 사모 전환사채,"1,000,000,000",2023년 04월 24일,1.0,2.1,사모,20200324002251
325,엔투텍,227950,2020-03-24,무기명식 사모 전환사채,"1,000,000,000",2023년 04월 24일,1.0,2.0,사모,20200324002249
326,엔투텍,227950,2020-03-24,무기명식 사모 전환사채,"8,000,000,000",2023년 04월 24일,1.0,1.9,사모,20200324002248
327,엔투텍,227950,2020-03-24,무기명식 사모 전환사채,"10,000,000,000",2023년 04월 24일,1.0,1.8,사모,20200324002246
328,골드퍼시픽,38530,2020-03-24,무기명식 무보증 이권부 사모 전환사채,"10,000,000,000",2023년 04월 17일,0,4,사모,20200324002250
329,KX하이텍,52900,2020-03-24,무기명식 이권부 무보증 사모 전환사채,"3,500,000,000",2023년 06월 30일,1.0,2.0,사모,20200324002245
330,세토피아,222810,2020-03-24,무기명식 이권부 담보부 사모 전환사채,"5,300,000,000",2023년 03월 25일,4.0,5.0,사모,20200324002216
331,케이엔제이,272110,2020-03-23,무기명식 무보증 사모 전환사채,"5,000,000,000",2025년 03월 25일,0,1,사모,20200323001878
332,EV수성,84180,2020-03-23,무기명식 이권부 담보부 사모 전환 사채,"3,000,000,000",2023년 03월 23일,2.0,2.0,사모,20200323001562
333,코원플레이,56000,2020-03-19,무기명식 이권부 무보증사모 전환사채,"20,000,000,000",2023.04.18,6,6,사모,20200319001855
334,ITX-AI,99520,2020-03-18,무기명식 이권부 무보증 사모 전환사채,"10,000,000,000",2023년 06월 01일,2.0,4.0,사모,20200318001611
335,ITX-AI,99520,2020-03-18,무기명식 이권부 무보증 사모 전환사채,"10,000,000,000",2023년 07월 01일,2.0,4.0,사모,20200318001682
336,맥스로텍,141070,2020-03-18,국내 무기명식 이권부 무보증 사모 전환사채,"20,000,000,000",2023년 04월 17일,8.0,8.0,사모,20200318000746
337,어스앤에어로스페이스,263540,2020-03-17,무기명식 이권부 무보증사모전환사채,"6,000,000,000",2023년 03월 16일,0.0,4.0,사모,20200317001581
338,투비소프트,79970,2020-03-17,무기명식 무보증 전환사채,"10,000,000,000",2023.05.18,1,3,사모,20200317001362
339,에이트원,230980,2020-03-16,무기명식 무보증 사모 전환사채 ,"10,000,000,000",2023년 04월 29일,2.0,4.0,사모,20200316001663
340,코원플레이,56000,2020-03-13,무기명식 이권부 무보증사모 전환사채,"10,000,000,000",2023.05.08,0.0,3.0,사모,20200313002631
341,코원플레이,56000,2020-03-13,무기명식 이권부 무보증사모 전환사채,"10,000,000,000",2023.05.08,0.0,3.0,사모,20200313002632
342,서진시스템,178320,2020-03-13,기명식 이권부 무보증 사모 전환사채,"60,000,000,000",2025.04.02,2.5,2.5,사모,20200313002134
343,서진시스템,178320,2020-03-13,기명식 이권부 무보증 사모 전환사채,"30,000,000,000",2025.03.31,2.5,2.5,사모,20200313002129
344,세토피아,222810,2020-03-13,무기명식 이권부 무보증 사모 전환사채,"500,000,000",2023년 03월 13일,3.0,4.0,사모,20200313001303
345,기가레인,49080,2020-03-13,기가레인 무기명식 사모 전환사채,"9,000,000,000",2023.03.20,1,4,사모,20200313000799
346,씨유메디칼,115480,2020-03-10,무기명식 이권부 무보증 사모 전환사채,"6,000,000,000",2023년 03월 17일,2.0,5.0,사모,20200310001002
347,엔브이에이치코리아,67570,2020-03-09,무기명식 이권부 무보증 사모 전환사채,"11,500,000,000",2025년 03월 11일,0.0,1.0,사모,20200309001294
348,SG,255220,2020-03-09,무기명식 무보증 사모 전환사채,"10,500,000,000",2025년 03월 11일,0,1,사모,20200309001173
349,골든센츄리,900280,2020-03-09,무기명식 이권부 무보증 사모 전환사채,"5,000,000,000",2023년 03월 30일,4.0,6.0,사모,20200309000821
350,폴라리스오피스,41020,2020-03-09,무기명식 이권부 무보증 사모 전환사채,"10,000,000,000",2023년 08월 06일,3,3,사모,20200309000581
351,테라셈,182690,2020-03-06,무기명식 이권부 무보증 사모전환사채,"18,000,000,000",2023년 06월 30일,0.0,4.0,사모,20200306001314
352,테라셈,182690,2020-03-06,무기명식 이권부 무보증 사모전환사채,"5,000,000,000",2023년 06월 15일,0.0,4.0,사모,20200306001311
353,엘앤씨바이오,290650,2020-03-06,무기명식 무보증 사모 전환사채,"10,000,000,000",2023년 03월 16일,0.00,0.0,사모,20200306001038
354,디아크,78590,2020-03-06,무기명식 이권부 무보증 사모 전환사채,"20,000,000,000",2023.12.31,0,3,사모,20200306000732
355,디아크,78590,2020-03-06,무기명식 이권부 사모 전환사채,"48,012,000,000",2050.03.14,0,0,사모,20200306000726
356,애머릿지,900100,2020-03-05,무기명식 무보증 이권부 사모 전환사채,"24,046,611,240",2023년 03월 05일,0.0,0.0,사모,20200305000223
357,UCI,38340,2020-03-03,무기명식 무보증 사모 전환사채,"20,000,000,000",2023년 03월 03일,0,2,사모,20200303000986
358,엔에스엔,31860,2020-03-03,무기명식 무보증 이권부 사모 전환사채,"10,000,000,000",2023년 04월 03일,3,5,사모,20200303000980
359,엔에스엔,31860,2020-03-03,무기명식 무보증 이권부 사모 전환사채,"10,000,000,000",2023년 04월 03일,3,5,사모,20200303000975
360,트루윈,105550,2020-03-03,무기명식 이권부 무보증 사모 전환사채,"7,000,000,000",2023.03.03,1.0,3.0,사모,20200303000903
361,인트로메딕,150840,2020-03-03,무기명식 이권부 무보증 사모 전환사채,"6,000,000,000",2023년 04월 03일,5.5,5.5,사모,20200303000839
362,휴림로봇,90710,2020-02-28,무기명식 이권부 무보증 사모전환사채,"9,000,000,000",2023년 02월 28일,6,6,사모,20200228001467
363,서울제약,18680,2020-02-28,무기명식 이권부 무보증 사모 전환사채,"15,000,000,000",2025.03.27,0.0,2.0,사모,20200228000557
364,이엠네트웍스,87730,2020-02-27,무기명식 이권부 무보증 사모 전환사채,"1,600,000,000",2023년 03월 02일,0,5,사모,20200227000771
365,코센,9730,2020-02-27,무기명식 이권부 담보부 사모 전환사채,"11,827,500,000",2023년 02월 26일,0.0,4.0,사모,20200227000001
366,아리온,58220,2020-02-26,무기명식 이권부 무보증 사모 전환사채,"3,600,000,000",2023년 02월 26일,-,-,사모,20200226000756
367,세동,53060,2020-02-26,무기명식 이권부 무보증 사모 전환사채,"1,000,000,000",2025년 03월 03일,2.0,5.0,사모,20200226000757
368,현진소재,53660,2020-02-25,무기명식 이권부 무보증 사모전환사채,3000000000,2023년 02월 27일,0,0,사모,20200225000911
369,이엠앤아이,83470,2020-02-24,무기명식 이권부 무보증 사모 전환사채,"500,000,000",2023년 02월 21일,0,3,사모,20200224000007
370,바이오로그디바이스,208710,2020-02-21,무기명식 무보증 사모 전환사채,"18,000,000,000",2025년 02월 28일,1.0,2.0,사모,20200221001054
371,디아크,78590,2020-02-21,무기명식 이권부 무보증 사모 전환사채,"30,000,000,000",2023.02.21,2.5,5.5,사모,20200221001013
372,아리온,58220,2020-02-21,무기명식 이권부 무보증 사모 전환사채,"3,499,000,000",2023년 02월 21일,-,-,사모,20200221000683
373,휴림로봇,90710,2020-02-20,무기명식 이권부 무보증 사모전환사채,"2,000,000,000",2023년 02월 28일,1,4,사모,20200220001052
374,대한그린파워,60900,2020-02-20,무기명식 이권부 무보증 사모 전환사채,"10,000,000,000",2023년 03월 21일,1,5,사모,20200220000844
375,헬릭스미스,84990,2020-02-19,무기명식 무보증 사모 전환사채 ,"80,000,000,000",2023년 02월 21일,0,0,사모,20200219000646
376,본느,226340,2020-02-19,무기명식 이권부 무보증 사모 전환사채,"15,000,000,000",2025년 02월 27일,0.0,0.0,사모,20200219000533
377,세경하이테크,148150,2020-02-19,무기명식 이권부 무보증 사모 전환사채,"20,000,000,000",2025년 02월 21일,0.0,0.0,사모,20200219000506
378,코스나인,82660,2020-02-19,무기명식 담보부 사모 전환사채,"20,000,000,000",2023년 02월 28일,2.0,5.0,사모,20200219000194
379,이엠네트웍스,87730,2020-02-18,무기명식 이권부 무보증 사모 전환사채,"1,076,540,000",2023년 02월 21일,1,5,사모,20200218000421
380,퓨전,195440,2020-02-18,무기명식 이권부 무보증 사모 전환사채,"5,000,000,000",2023.06.30,4.0,4.0,사모,20200218000390
381,필옵틱스,161580,2020-02-13,무기명식 이권부 무보증 사모 전환사채,"25,000,000,000",2025년 02월 17일,0.0,1.0,사모,20200213001068
382,에이팸,73070,2020-02-12,무기명식 이권부 무보증 담보부 사모 전환사채,"5,392,060,000",2025년 02월 18일,1,5,사모,20200212001011
383,케이피에스,256940,2020-02-10,무기명식 무보증 사모 전환사채,"3,000,000,000",2023.04.10,0,0,사모,20200210001279
384,지유온,111820,2020-02-06,무기명식 이권부 무보증 사모전환사채,"6,600,000,000",2023년 02월 10일,0,1,사모,20200206000941
385,에스엘바이오닉스,214310,2020-02-03,무기명 이권부 무보증 사모 전환사채,"10,000,000,000",2023.02.28,4,4,사모,20200203000695
386,파버나인,177830,2020-01-31,무기명식 이권부 무보증 전환사채,"4,700,000,000",2022년 02월 03일,1.0,4.0,사모,20200131000584
387,대한그린파워,60900,2020-01-28,무기명식 이권부 무보증 사모 전환사채,"30,000,000,000",2023년 04월 29일,6,8,사모,20200128000606
388,FSN,214270,2020-01-23,무기명식 이권부 무보증 사모 전환사채,"10,000,000,000",2023년 01월 30일,1.0,3.0,사모,20200123000197
389,지티지웰니스,219750,2020-01-20,무기명식 이권부 무보증 사모 전환사채,"5,000,000,000",2023년 01월 22일,0.0,0.0,사모,20200120000552
390,팍스넷,38160,2020-01-20,무기명식 이권부 담보부 사모 전환사채,"10,000,000,000",2023년 01월 21일,2.0,4.0,사모,20200120000001
391,THE E&M,89230,2020-01-17,무기명식 이권부 무보증 사모 전환사채,"4,360,000,000",2023년 01월 17일,2.0,3.0,사모,20200117000461
392,큐로홀딩스,51780,2020-01-17,무기명식 이권부 무보증 사모 전환사채,"3,500,000,000",2023년 01월 21일,0.0,1.0,사모,20200117000335
393,삼영이엔씨,65570,2020-01-17,무기명식 이권부 무보증 사모 전환사채,"10,000,000,000",2024년 01월 21일,0.0,2.0,사모,20200117000203
394,클라우드에어,36170,2020-01-15,무기명식 이권부 무보증 사모 전환사채,"15,000,000,000",2023년 04월 01일,4.0,4.0,사모,20200115000549
395,중앙디앤엠,51980,2020-01-15,무기명식 이권부 무보증 사모 전환사채,"10,000,000,000",2023년 03월 31일,2.0,5.0,사모,20200115000458
396,이엠네트웍스,87730,2020-01-14,무기명식 이권부 무보증 사모 전환사채,"15,500,000,000",2023년 01월 15일,0,5,사모,20200114000386
397,ISC,95340,2020-01-13,무기명식 이권부 무보증 사모 전환사채,"30,000,000,000",2025년 01월 15일,0.0,0.0,사모,20200113000328
398,우진비앤지,18620,2020-01-10,무기명 이권부 무보증 사모 전환사채,"3,000,000,000",2024년 01월 15일,0.0,2.0,사모,20200110000475
399,SGA솔루션즈,184230,2020-01-09,무기명식 이권무 사모 전환사채,"2,000,000,000",2023년 01월 13일,3.0,3.0,사모,20200109000465
400,제넨바이오,72520,2020-01-07,무기명식 이권부무보증 사모 전환사채,"7,000,000,000",2023.01.07,-,3,사모,20200107000385
401,에이아이비트,39230,2020-01-06,무기명식 이권부 무보증 사모 전환사채,"30,000,000,000",2023년 01월 13일,0.0,0.0,사모,20200106000592
402,비엘팜텍,65170,2020-01-03,무기명식 무보증 사모 전환사채 ,"6,500,000,000",2025년 01월 07일,0,3,사모,20200103000476
403,EV수성,84180,2020-01-03,무기명식 이권부 담보부 사모 전환사채,"4,500,000,000",2023년 01월 22일,5.0,11,사모,20200103000395
