,Dart코드,회사명,기업공시코드
0,00149293,신한은행,A000010
1,00119195,동화약품,A000020
2,00254045,우리은행,A000030
3,00112378,KR모터스,A000040
4,00101628,경방,A000050
5,00117744,메리츠화재,A000060
6,00126937,삼양홀딩스,A000070
7,00150244,하이트진로,A000080
8,00145109,유한양행,A000100
9,00148504,한국스탠다드차타드은행,A000110
10,00113410,CJ대한통운,A000120
11,00148993,하이트진로홀딩스,A000140
12,00117212,두산,A000150
13,00133335,성창기업지주,A000180
14,00109693,DL,A000210
15,00144818,유유제약,A000220
16,00146083,일동홀딩스,A000230
17,00160047,한국앤컴퍼니,A000240
18,00128546,삼천당제약,A000250
19,00106641,기아,A000270
20,00126089,대유플러스,A000300
21,00113508,노루홀딩스,A000320
22,00129411,삼환기업,A000360
23,00135917,한화손해보험,A000370
24,00110963,대아건설,A000380
25,00129387,삼화페인트공업,A000390
26,00113562,롯데손해보험,A000400
27,00120377,로케트전기,A000420
28,00111847,대원강업,A000430
29,00149770,중앙에너비스,A000440
30,00104971,그린손해보험,A000470
31,00148984,조선내화,A000480
32,00109286,대동,A000490
33,00104768,가온전선,A000500
34,00128032,삼일제약,A000520
35,00103176,흥국화재,A000540
36,00149026,CS홀딩스,A000590
37,00148744,제일화재해상보험,A000610
38,00116824,동아쏘시오홀딩스,A000640
39,00151395,천일고속,A000650
40,00164779,SK하이닉스,A000660
41,00141307,영풍,A000670
42,00104698,LS네트웍스,A000680
43,00163691,유수홀딩스,A000700
44,00164478,현대건설,A000720
45,00145686,이화산업,A000760
46,00134060,씨앤상선,A000790
47,00101257,경남기업,A000800
48,00139214,삼성화재해상보험,A000810
49,00126229,삼성물산,A000830
50,00166519,화천기공,A000850
51,00100939,강남제비스코,A000860
52,00160588,한화,A000880
53,00123541,보해양조,A000890
54,00144252,유니온,A000910
55,00147222,전방,A000950
56,00159573,한국주철관공업,A000970
57,00160843,DB하이텍,A000990
58,00135999,신라섬유,A001000
59,00134723,페이퍼코리아,A001020
60,00148540,CJ,A001040
61,00149947,JW중외제약,A001060
62,00112970,대한방직,A001070
63,00120872,만호제강,A001080
64,00120076,LX인터내셔널,A001120
65,00113243,대한제분,A001130
66,00104519,국보,A001140
67,00131434,서통,A001150
68,00112068,마이크로닉스,A001190
69,00131054,유진증권,A001200
70,00106395,금호전기,A001210
71,00114792,동국제강,A001230
72,00138190,GS글로벌,A001250
73,00107066,남광토건,A001260
74,00123772,부국증권,A001270
75,00163178,우리증권,A001280
76,00112059,상상인증권,A001290
77,00148328,제일모직,A001300
78,00155498,풍림산업,A001310
79,00122472,백광산업,A001340
80,00126414,삼성제약,A001360
81,00152914,FnC코오롱,A001370
82,00152039,SG글로벌,A001380
83,00101220,KG케미칼,A001390
84,00154055,태원물산,A001420
85,00106669,세아베스틸지주,A001430
86,00113207,대한전선,A001440
87,00164973,현대해상,A001450
88,00122579,BYC,A001460
89,00125974,삼부토건,A001470
90,00151447,천지산업,A001490
91,00137997,현대차증권,A001500
92,00131850,SK증권,A001510
93,00117337,동양,A001520
94,00118345,디아이동일,A001530
95,00139205,안국약품,A001540
96,00148948,조비,A001550
97,00148461,제일연마,A001560
98,00106119,금양,A001570
99,00135670,신광기업,A001580
100,00146719,일화모직공업,A001590
101,00173397,서광건설산업,A001600
102,00114765,케이비아이동국실업,A001620
103,00149354,종근당홀딩스,A001630
104,00101275,경남모직,A001670
105,00121941,대상,A001680
106,00136721,신영증권,A001720
107,00131780,SK네트웍스,A001740
108,00162416,한양증권,A001750
109,00137809,SHD,A001770
110,00117027,알루코,A001780
111,00113234,대한제당,A001790
112,00117577,오리온홀딩스,A001800
113,00121507,무림SP,A001810
114,00129350,삼화콘덴서공업,A001820
115,00138491,동부일렉트로닉스,A001830
116,00145668,이화공영,A001840
117,00128971,DL건설,A001880
118,00141282,에이치디씨영창,A001890
119,00159740,KISCO홀딩스,A001940
120,00107923,남한제지,A001950
121,00173661,에스지신성건설,A001970
122,00113696,대호,A001980
123,00159005,생고뱅코리아홀딩스,A002000
124,00152862,코오롱,A002020
125,00138701,아세아,A002030
126,00107677,비비안,A002070
127,00101433,경농,A002100
128,00102751,고려산업,A002140
129,00114552,도화엔지니어링,A002150
130,00127042,삼양통상,A002170
131,00158112,한국수출포장공업,A002200
132,00116268,동성제약,A002210
133,00163196,한일철강,A002220
134,00155638,피에스텍,A002230
135,00103006,고려제강,A002240
136,00105244,알보젠코리아,A002250
137,00120508,롯데푸드,A002270
138,00127936,삼일기업공사,A002290
139,00159412,한국제지,A002300
140,00138729,아세아제지,A002310
141,00163512,한진,A002320
142,00173874,넥센타이어,A002350
143,00136457,SH에너지화학,A002360
144,00105271,케이씨씨,A002380
145,00161046,한독,A002390
146,00122694,범양건영,A002410
147,00133618,세기상사,A002420
148,00127857,삼익악기,A002450
149,00174527,화성산업,A002460
150,00122728,범양사,A002480
151,00122922,벽산건설,A002530
152,00103325,고제,A002540
153,00120216,KB손해보험,A002550
154,00149345,조흥,A002600
155,00148443,제일파마홀딩스,A002620
156,00141626,오리엔트바이오,A002630
157,00115472,미주제강,A002670
158,00140566,한탑,A002680
159,00118451,동일제강,A002690
160,00173698,신일전자,A002700
161,00117300,TCC스틸,A002710
162,00104722,국제약품,A002720
163,00123107,보락,A002760
164,00150828,진흥기업,A002780
165,00154462,아모레퍼시픽그룹,A002790
166,00136448,신신제약,A002800
167,00127167,삼영무역,A002810
168,00132211,SUN&L,A002820
169,00121932,미원상사,A002840
170,00141334,영풍산업,A002850
171,00130897,하나은행,A002860
172,00137368,신풍,A002870
173,00149804,대유에이텍,A002880
174,00117230,TYM,A002900
175,00174004,유성기업,A002920
176,00125406,삼도물산,A002930
177,00115852,두산건설,A002950
178,00158149,한국쉘석유,A002960
179,00106313,금호건설,A002990
180,00123718,부광약품,A003000
181,00165343,혜인,A003010
182,00107446,남양,A003020
183,00124197,세아제강지주,A003030
184,00163044,한일약품공업,A003040
185,00110547,넥상스코리아,A003050
186,00101044,에이프로젠바이오로직스,A003060
187,00152880,코오롱글로벌,A003070
188,00132725,성보화학,A003080
189,00111810,대웅,A003090
190,00131896,선광,A003100
191,00146214,일성신약,A003120
192,00118275,디아이,A003160
193,00112004,알바이오,A003190
194,00146269,일신방직,A003200
195,00111999,대원제약,A003220
196,00126955,삼양식품,A003230
197,00153393,태광산업,A003240
198,00167208,흥아해운,A003280
199,00162993,한일홀딩스,A003300
200,00112457,대주산업,A003310
201,00115038,하나IB증권,A003330
202,00160621,한국화장품제조,A003350
203,00148364,하림지주,A003380
204,00138224,쌍용씨앤이,A003410
205,00164876,케이비증권,A003450
206,00145190,유화증권,A003460
207,00117601,유안타증권,A003470
208,00163673,한진중공업홀딩스,A003480
209,00113526,대한항공,A003490
210,00141149,영진약품,A003520
211,00148610,한화투자증권,A003530
212,00110893,대신증권,A003540
213,00120021,LG,A003550
214,00154426,아이에이치큐,A003560
215,00134477,SNT중공업,A003570
216,00169048,HLB글로벌,A003580
217,00103583,광덕물산,A003590
218,00144155,SK,A003600
219,00122348,방림,A003610
220,00138242,쌍용자동차,A003620
221,00140380,유니온스틸,A003640
222,00122056,미창석유공업,A003650
223,00102821,고려시멘트,A003660
224,00155276,포스코케미칼,A003670
225,00161860,한성기업,A003680
226,00113191,코리안리,A003690
227,00127255,삼영화학공업,A003720
228,00150439,진양산업,A003780
229,00140052,에이스침대,A003800
230,00113544,대한화섬,A003830
231,00123143,보령,A003850
232,00164292,동원데어리푸드,A003900
233,00107598,남양유업,A003920
234,00124513,부흥,A003930
235,00132105,삼양제넥스,A003940
236,00109718,사조대림,A003960
237,00136235,BHK,A003990
238,00157681,롯데정밀화학,A004000
239,00121729,롯데미도파,A004010
240,00145880,현대제철,A004020
241,00133511,SG세계물산,A004060
242,00173795,신흥,A004080
243,00157991,한국석유공업,A004090
244,00153755,태양금속공업,A004100
245,00109170,대덕GDS,A004130
246,00115287,동방,A004140
247,00171636,한솔홀딩스,A004150
248,00136378,신세계,A004170
249,00147949,스마텔,A004190
250,00102681,고려개발,A004200
251,00133928,세신,A004230
252,00108038,엔피씨,A004250
253,00172185,남성,A004270
254,00164706,현대약품,A004310
255,00144766,호반산업,A004320
256,00133812,세방,A004360
257,00108241,농심,A004370
258,00127802,삼익THK,A004380
259,00130879,서울식품공업,A004410
260,00134963,송원산업,A004430
261,00109806,삼일씨엔에스,A004440
262,00129235,삼화왕관,A004450
263,00133858,세방전지,A004490
264,00117382,디와이홀딩스,A004510
265,00151252,에스와이,A004530
266,00113492,깨끗한나라,A004540
267,00161028,대우송도개발,A004550
268,00125743,현대비앤지스틸,A004560
269,00156442,한국가구,A004590
270,00128759,캠브리지코오롱,A004620
271,00123523,창해에탄올,A004650
272,00115427,신동방CP,A004660
273,00128555,삼천리,A004690
274,00148939,조광피혁,A004700
275,00157399,한솔테크닉스,A004710
276,00135050,팜젠사이언스,A004720
277,00123152,보루네오가구,A004740
278,00138057,써니전자,A004770
279,00109587,대륙제관,A004780
280,00106492,렉스엘이앤지,A004790
281,00117188,효성,A004800
282,00174305,조인에너지,A004820
283,00114093,덕성,A004830
284,00118266,DRB동일,A004840
285,00109514,티웨이홀딩스,A004870
286,00172936,동일산업,A004890
287,00148920,조광페인트,A004910
288,00127158,씨아이테크,A004920
289,00158909,하나은행,A004940
290,00162063,한신공영,A004960
291,00135962,신라교역,A004970
292,00132804,성신양회,A004980
293,00120562,롯데지주,A004990
294,00156488,휴스틸,A005010
295,00124151,부산주공,A005030
296,00129989,코스모신소재,A005070
297,00125150,SGC에너지,A005090
298,00163716,한창,A005110
299,00172680,동국산업,A005160
300,00124726,빙그레,A005180
301,00116356,동성화학,A005190
302,00108135,녹십자홀딩스,A005250
303,00109019,대구은행,A005270
304,00124106,부산은행,A005280
305,00118804,동진쎄미켐,A005290
306,00120571,롯데칠성음료,A005300
307,00168331,국동,A005320
308,00106650,카스코,A005330
309,00123648,심팩인더스트리,A005350
310,00121288,모나미,A005360
311,00164742,현대자동차,A005380
312,00136341,신성통상,A005390
313,00160302,코스모화학,A005420
314,00156691,한국공항,A005430
315,00105280,현대그린푸드,A005440
316,00173740,신한,A005450
317,00155319,POSCO홀딩스,A005490
318,00128412,삼진제약,A005500
319,00140362,제이에스전선,A005560
320,00149840,중앙제지,A005600
321,00125530,SPC삼립,A005610
322,00110495,대성합동지주,A005620
323,00165103,푸드웰,A005670
324,00127200,삼영전자공업,A005680
325,00145163,파미셀,A005690
326,00111874,대원산업,A005710
327,00167192,넥센,A005720
328,00153126,크라운해태홀딩스,A005740
329,00109754,대림비앤코,A005750
330,00165200,위너스인프라인,A005760
331,00136624,신영와코루,A005800
332,00155531,풍산홀딩스,A005810
333,00143794,원림,A005820
334,00159102,DB손해보험,A005830
335,00125521,에스엘,A005850
336,00162911,한일사료,A005860
337,00111421,휴니드테크놀러지스,A005870
338,00113535,대한해운,A005880
339,00162142,동원증권,A005890
340,00117072,동양건설산업,A005900
341,00126380,삼성전자,A005930
342,00120182,NH투자증권,A005940
343,00145552,이수화학,A005950
344,00115612,동부건설,A005960
345,00133238,성지건설,A005980
346,00120924,매일홀딩스,A005990
347,00118026,동원산업,A006040
348,00104537,국영지앤엠,A006050
349,00166227,화승인더스트리,A006060
350,00106508,기린,A006070
351,00141875,사조오양,A006090
352,00126779,삼아알미늄,A006110
353,00131832,SK디스커버리,A006120
354,00155735,피제이전자,A006140
355,00136217,한메엔에스,A006150
356,00159254,한국전자홀딩스,A006200
357,00142698,휴리프,A006210
358,00148832,제주은행,A006220
359,00105165,극동전선,A006250
360,00105952,LS,A006260
361,00129679,녹십자,A006280
362,00260392,대원전선,A006340
363,00147295,전북은행,A006350
364,00120030,GS건설,A006360
365,00108977,대구백화점,A006370
366,00159810,카프로,A006380
367,00164672,한일현대시멘트,A006390
368,00126362,삼성SDI,A006400
369,00162780,한일건설,A006440
370,00122825,인스코비,A006490
371,00109824,대림통상,A006570
372,00111227,대양제지,A006580
373,00116499,동신제약,A006600
374,00114686,동구바이오제약,A006620
375,00260383,대한유화,A006650
376,00126201,삼성공조,A006660
377,00130383,서부T&D,A006730
378,00141404,영풍제지,A006740
379,00101992,센추리,A006750
380,00111722,미래에셋증권,A006800
381,00125080,AK홀딩스,A006840
382,00136402,신송홀딩스,A006880
383,00109161,태경케미컬,A006890
384,00267881,보성파워텍,A006910
385,00163318,모헨즈,A006920
386,00142661,우성,A006980
387,00128731,유리이에스,A007050
388,00140177,GS리테일,A007070
389,00146296,일신석재,A007110
390,00104786,미래아이앤지,A007120
391,00117638,동양텔레콤,A007150
392,00124799,사조산업,A007160
393,00137702,한솔아트원제지,A007190
394,00150855,진흥저축은행,A007200
395,00122898,벽산,A007210
396,00124090,한국특강,A007280
397,00141529,오뚜기,A007310
398,00124805,푸른저축은행,A007330
399,00116949,DN오토모티브,A007340
400,00150536,진양제약,A007370
401,00117276,네이처셀,A007390
402,00152385,에이프로젠,A007460
403,00113173,대한은박지,A007480
404,00154204,태창기업,A007490
405,00140858,영신금속,A007530
406,00130091,샘표,A007540
407,00146454,일양약품,A007570
408,00115384,동방아그로,A007590
409,00131939,선도전기,A007610
410,00167280,폴루스바이오팜,A007630
411,00111014,애큐온저축은행,A007640
412,00107613,이수페타시스,A007660
413,00111838,대원,A007680
414,00104388,국도화학,A007690
415,00126487,F&F 홀딩스,A007700
416,00104810,대명소노시즌,A007720
417,00267979,한일화학,A007770
418,00189343,솔로몬저축은행,A007800
419,00152686,코리아써키트,A007810
420,00137915,에스엠코어,A007820
421,00124054,부산저축은행,A007830
422,00163114,서연,A007860
423,00108047,세원화성,A007910
424,00154329,태평양물산,A007980
425,00148717,도레이케미칼,A008000
426,00101336,경남에너지,A008020
427,00130000,아이텍스필,A008030
428,00137252,사조동아원,A008040
429,00109189,대덕,A008060
430,00126885,에스와이코퍼레이션,A008080
431,00157104,대동전자,A008110
432,00124577,엠소닉,A008120
433,00145446,이건산업,A008250
434,00116301,NI스틸,A008260
435,00260356,산은캐피탈,A008270
436,00144021,원풍물산,A008290
437,00110176,한국기술산업,A008320
438,00133715,대주코레스,A008340
439,00107224,남선알미늄,A008350
440,00144012,원풍,A008370
441,00150226,씨앤중공업,A008400
442,00121570,문배철강,A008420
443,00124276,부스타,A008470
444,00131692,서흥,A008490
445,00146542,일정실업,A008500
446,00154189,케이비물산,A008540
447,00163682,메리츠증권,A008560
448,00104999,윌비스,A008600
449,00138321,신한투자증권,A008670
450,00138516,아남전자,A008700
451,00127024,삼양엔텍,A008720
452,00145260,율촌화학,A008730
453,00165680,호텔신라,A008770
454,00119362,아이인프라,A008780
455,00164362,행남사,A008800
456,00109310,대동기어,A008830
457,00168401,금비,A008870
458,00138127,티이씨앤코,A008900
459,00161426,한미사이언스,A008930
460,00117629,동양철관,A008970
461,00173634,에듀언스,A009010
462,00103042,케이씨티시,A009070
463,00154417,퍼시픽글라스,A009080
464,00102140,경인전자,A009140
465,00126371,삼성전기,A009150
466,00138260,SIMPAC,A009160
467,00140946,한솔로지스틱스,A009180
468,00111111,대양금속,A009190
469,00136086,무림페이퍼,A009200
470,00101637,그로웰전자,A009220
471,00161693,한샘,A009240
472,00136864,신원,A009270
473,00130046,다함이텍,A009280
474,00103592,광동제약,A009290
475,00126788,삼아제약,A009300
476,00153621,참엔지니어링,A009310
477,00111689,대우부품,A009320
478,00151614,베네데스하이텍,A009360
479,00149248,아세아페이퍼텍,A009380
480,00153861,태영건설,A009410
481,00162586,한올바이오파마,A009420
482,00159971,KC그린홀딩스,A009440
483,00101488,경동나비엔,A009450
484,00163761,한창제지,A009460
485,00129271,삼화전기,A009470
486,00128111,포스코엠텍,A009520
487,00164830,한국조선해양,A009540
488,00119007,무림P&P,A009580
489,00125822,삼보산업,A009620
490,00151128,모토닉,A009680
491,00159908,케이엠에이치,A009690
492,00159175,한국전기초자,A009720
493,00116426,코센,A009730
494,00159874,한국컴퓨터지주,A009760
495,00128227,삼정펄프,A009770
496,00121154,엠에스씨,A009780
497,00130037,휴닉스,A009790
498,00103130,플레이그램,A009810
499,00162461,한화솔루션,A009830
500,00120960,맥슨텔레콤,A009890
501,00173078,명신산업,A009900
502,00110981,대아리드선,A009940
503,00140964,영원무역홀딩스,A009970
504,00160205,한국내화,A010040
505,00104102,우리종금,A010050
506,00148896,OCI,A010060
507,00164308,이마트에브리데이,A010090
508,00160418,한국프랜지공업,A010100
509,00105855,엘에스일렉트릭,A010120
510,00102858,고려아연,A010130
511,00126478,삼성중공업,A010140
512,00159926,포스코티엠씨,A010150
513,00113261,대한광통신,A010170
514,00105183,극동제혁,A010200
515,00167031,흥국,A010240
516,00138303,쌍용정보통신,A010280
517,00143262,우진아이엔에스,A010400
518,00103626,한솔피엔에스,A010420
519,00156521,화인자산관리,A010460
520,00141671,오리콤,A010470
521,00164469,현대하이스코,A010520
522,00147860,에스엠벡셀,A010580
523,00141273,웰바이오텍,A010600
524,00164609,현대미포조선,A010620
525,00160375,진양폴리우레탄,A010640
526,00166500,화천기계,A010660
527,00268437,나노트로닉스,A010670
528,00166315,화신,A010690
529,00105509,금강화섬,A010730
530,00155124,평화홀딩스,A010770
531,00115977,아이에스동서,A010780
532,00148522,퍼스텍,A010820
533,00138279,S-Oil,A010950
534,00128980,삼호개발,A010960
535,00118521,진원생명과학,A011000
536,00152950,코오롱유화,A011020
537,00101549,경동제약,A011040
538,00159281,케드콤,A011050
539,00105961,LG이노텍,A011070
540,00142713,형지I&C,A011080
541,00139764,에넥스,A011090
542,00129013,CJ씨푸드,A011150
543,00102760,두산건설,A011160
544,00165413,롯데케미칼,A011170
545,00164645,HMM,A011200
546,00106623,현대위아,A011210
547,00129280,삼화전자공업,A011230
548,00153524,태림포장,A011280
549,00132868,성안,A011300
550,00147152,유니크,A011320
551,00137207,유니켐,A011330
552,00131504,서한,A011370
553,00124027,부산산업,A011390
554,00173069,아진카인텍,A011400
555,00129554,갤럭시아에스엠,A011420
556,00160861,한농화성,A011500
557,00133876,세보엠이씨,A011560
558,00144720,와이투솔루션,A011690
559,00162072,한신기계공업,A011700
560,00164955,현대페인트,A011720
561,00164812,현대코퍼레이션,A011760
562,00106368,금호석유화학,A011780
563,00139889,SKC,A011790
564,00122436,배명금속,A011800
565,00138297,STX,A011810
566,00136271,신성이엔지,A011930
567,00163345,DB,A012030
568,00133034,성원건설,A012090
569,00141477,영흥,A012160
570,00145437,아센디오,A012170
571,00102618,계양전기,A012200
572,00142591,셰프라인,A012250
573,00141413,영화금속,A012280
574,00143527,경동인베스트,A012320
575,00164788,현대모비스,A012330
576,00105040,뉴인텍,A012340
577,00153551,허메스홀딩스,A012400
578,00102645,글로스텍,A012410
579,00161639,메리츠종합금융,A012420
580,00126566,한화에어로스페이스,A012450
581,00143013,우영,A012460
582,00172291,더존비즈온,A012510
583,00132488,신세계톰보이,A012580
584,00151863,센트럴인사이트,A012600
585,00102113,경인양행,A012610
586,00143907,원일특강,A012620
587,00164636,HDC,A012630
588,00138206,쌍용건설,A012650
589,00173102,모나리자,A012690
590,00117708,리드코프,A012700
591,00100957,건영,A012720
592,00158501,에스원,A012750
593,00116806,하스코,A012760
594,00137058,신일제약,A012790
595,00112651,대창,A012800
596,00137234,모베이스전자,A012860
597,00120100,LG석유화학,A012990
598,00134176,세우글로벌,A013000
599,00165060,하이록코리아,A013030
600,00117966,동원개발,A013120
601,00142564,우방,A013200
602,00134051,셀런,A013240
603,00139083,아진산업,A013310
604,00138695,뉴아세아조인트,A013340
605,00146232,일성건설,A013360
606,00165529,동성하이켐,A013450
607,00166272,화승코퍼레이션,A013520
608,00117179,디와이,A013570
609,00102432,계룡건설산업,A013580
610,00114321,데코,A013650
611,00129420,까뮤이앤씨,A013700
612,00151605,CBI,A013720
613,00267951,아큐텍,A013780
614,00136165,스페코,A013810
615,00156354,지엠비코리아,A013870
616,00150633,지누스,A013890
617,00138446,아가방컴퍼니,A013990
618,00111591,인터피온반도체,A014010
619,00267854,메디앙스,A014100
620,00129509,한익스프레스,A014130
621,00111458,대영포장,A014160
622,00128175,원익큐브,A014190
623,00103635,광림,A014200
624,00105299,금강공업,A014280
625,00132114,선진지주,A014300
626,00136970,신일건업,A014350
627,00128953,프로비타,A014420
628,00140779,영보화학,A014440
629,00243067,부방,A014470
630,00105156,극동유화,A014530
631,00103015,고려제약,A014570
632,00122481,태경비케이,A014580
633,00106456,지앤엘,A014590
634,00132318,성광벤드,A014620
635,00140955,한솔케미칼,A014680
636,00124780,사조씨푸드,A014710
637,00161116,HL D&I,A014790
638,00132637,동원시스템즈,A014820
639,00159786,유니드,A014830
640,00125929,에스컴,A014900
641,00132628,성문전자,A014910
642,00141608,오리엔탈정공,A014940
643,00125488,삼륭물산,A014970
644,00106881,인디에프,A014990
645,00134565,이스타코,A015020
646,00140919,엘트온,A015050
647,00149664,중앙건설,A015110
648,00149877,중앙바이오텍,A015170
649,00133089,성원,A015200
650,00112679,대창단조,A015230
651,00143314,에이엔피,A015260
652,00123967,부산도시가스,A015350
653,00105101,예스코홀딩스,A015360
654,00191108,엘앤씨피,A015390
655,00108065,쎌마테라퓨틱스,A015540
656,00108746,큐로,A015590
657,00150183,AP우주통신,A015670
658,00187725,코콤,A015710
659,00132992,성우하이텍,A015750
660,00159193,한국전력공사,A015760
661,00146649,일진홀딩스,A015860
662,00153339,태경산업,A015890
663,00114303,엘지데이콤,A015940
664,00165565,디에스피이엔티,A016040
665,00113614,대현,A016090
666,00180263,리더스코스메틱,A016100
667,00131328,두함지개발,A016140
668,00109648,오라바이오틱스,A016160
669,00130949,카카오엠,A016170
670,00141246,SGC이테크건설,A016250
671,00104856,삼성증권,A016360
672,00115676,KG스틸,A016380
673,00116860,NH농협증권,A016420
674,00161976,한세예스24홀딩스,A016450
675,00173333,현대DSF,A016510
676,00130815,서울상호저축은행,A016560
677,00154392,에스트라,A016570
678,00166573,환인제약,A016580
679,00135777,신대양제지,A016590
680,00267942,큐캐피탈,A016600
681,00115694,DB금융투자,A016610
682,00125725,디모아,A016670
683,00108940,대성홀딩스,A016710
684,00119672,두올,A016740
685,00164618,카나리아바이오,A016790
686,00161709,퍼시스,A016800
687,00161444,한국씨티은행,A016830
688,00143651,웅진,A016880
689,00111829,대웅바이오,A016890
690,00152260,카스,A016920
691,00140353,씨크롭,A016970
692,00105767,LG마이크론,A016990
693,00136925,신원종합개발,A017000
694,00158839,제너비오믹스,A017010
695,00103662,광명전기,A017040
696,00136554,스타맥스,A017050
697,00103121,세븐코스프,A017160
698,00188946,훈영,A017170
699,00121039,명문제약,A017180
700,00145914,인터엠,A017250
701,00152631,에이치비이에너지,A017300
702,00142883,우신시스템,A017370
703,00130684,서울도시가스,A017390
704,00128926,삼현철강,A017480
705,00133751,세명전기,A017510
706,00135111,수산중공업,A017550
707,00109781,대림제지,A017650
708,00159023,SK텔레콤,A017670
709,00112819,데코앤에프,A017680
710,00164724,현대엘리베이터,A017800
711,00155355,풀무원,A017810
712,00158565,한국알콜,A017890
713,00152729,광전자,A017900
714,00165583,E1,A017940
715,00159795,한국카본,A017960
716,00144243,유니슨,A018000
717,00170877,진로발효,A018120
718,00153852,텔슨정보통신,A018180
719,00139454,애경산업,A018250
720,00126186,삼성에스디에스,A018260
721,00150165,브이티지엠피,A018290
722,00125646,삼목에스폼,A018310
723,00174475,현대금속,A018410
724,00149239,조일알미늄,A018470
725,00118008,동원금속,A018500
726,00103547,우진비앤지,A018620
727,00144164,SK가스,A018670
728,00131018,서울제약,A018680
729,00122205,바른손,A018700
730,00161125,한온시스템,A018880
731,00101947,브이오산업,A018890
732,00267906,베뉴지,A019010
733,00173324,경윤하이드로에너지,A019120
734,00137359,신풍제약,A019170
735,00118965,티에이치엔,A019180
736,00139719,와이지-원,A019210
737,00162577,셀텍,A019260
738,00118460,태림페이퍼,A019300
739,00267809,위더스기술금융,A019430
740,00133991,세아특수강,A019440
741,00156150,하이트론씨스템즈,A019490
742,00146560,일지테크,A019540
743,00156910,SBI인베스트먼트,A019550
744,00162081,한국투자파트너스,A019560
745,00110750,리더스 기술투자,A019570
746,00136642,엠벤처투자,A019590
747,00167378,희훈디앤지,A019640
748,00159731,글로본,A019660
749,00108913,대교,A019680
750,00153278,서연탑메탈,A019770
751,00106483,기라정보통신,A019930
752,00169215,에너토크,A019990
753,00188089,한섬,A020000
754,00154727,에버리소스,A020070
755,00140131,키다리스튜디오,A020120
756,00113997,일진머티리얼즈,A020150
757,00110875,대신정보통신,A020180
758,00191287,대동금속,A020400
759,00138792,아시아나항공,A020560
760,00170026,시공테크,A020710
761,00198697,일진디스플,A020760
762,00166175,대호특수강,A021040
763,00131197,서원,A021050
764,00161301,한림창업투자,A021060
765,00161462,에이티넘인베스트,A021080
766,00170558,코웨이,A021240
767,00105466,KCC건설,A021320
768,00139418,알루코,A021570
769,00160010,한국큐빅,A021650
770,00134316,세원정공,A021820
771,00136101,메이슨캐피탈,A021880
772,00161408,케이비캐피탈,A021960
773,00155212,포스코 ICT,A022100
774,00140061,TKG애강,A022220
775,00186540,코오롱아이넷,A022520
776,00191588,삼원강재,A023000
777,00198572,동양매직,A023020
778,00121534,MH에탄올,A023150
779,00153375,태광,A023160
780,00159500,한국종합기술,A023350
781,00184667,유진기업,A023410
782,00144933,유진종합개발,A023420
783,00100717,아이이,A023430
784,00148531,제이스코홀딩스,A023440
785,00115065,동남합성,A023450
786,00149266,CNH,A023460
787,00120526,롯데쇼핑,A023530
788,00176914,다우기술,A023590
789,00125938,삼보판지,A023600
790,00104892,알이네트웍스,A023670
791,00149594,한국캐피탈,A023760
792,00138367,플레이위드,A023770
793,00172945,동일철강,A023790
794,00103510,인지컨트롤스,A023800
795,00180795,인팩,A023810
796,00159290,한국아트라스비엑스,A023890
797,00155452,풍국주정,A023900
798,00113128,대한약품,A023910
799,00121969,에쓰씨엔지니어링,A023960
800,00167004,흥구석유,A024060
801,00142865,WISCOM,A024070
802,00177199,디씨엠,A024090
803,00174129,제일저축은행,A024100
804,00149646,기업은행,A024110
805,00157539,KB오토시스,A024120
806,00156044,하림홀딩스,A024660
807,00203290,한국콜마홀딩스,A024720
808,00162832,한일단조,A024740
809,00173999,유성티엔에스,A024800
810,00145738,이화전기,A024810
811,00173591,세원물산,A024830
812,00158024,KBI메탈,A024840
813,00155586,피에스엠씨,A024850
814,00144562,유성티에스아이,A024870
815,00157636,케이피에프,A024880
816,00112022,대원화성,A024890
817,00114154,덕양산업,A024900
818,00102353,경창산업,A024910
819,00133557,PN풍년,A024940
820,00128607,삼천리자전거,A024950
821,00191472,KPX케미칼,A025000
822,00124018,부산방직공업,A025270
823,00203023,시노펙스,A025320
824,00116073,그린기술투자,A025340
825,00110583,대성엘텍,A025440
826,00173254,한마음상호저축은행,A025450
827,00197324,팬텀엔터테인먼트그룹,A025460
828,00181943,에스제이엠홀딩스,A025530
829,00157070,한국단자공업,A025540
830,00158015,한국선재,A025550
831,00197759,미래산업,A025560
832,00104704,한국저축은행,A025610
833,00136776,제이준코스메틱,A025620
834,00203458,동방라이텍,A025690
835,00203582,한솔홈데코,A025750
836,00159342,한국정보통신,A025770
837,00145464,이구산업,A025820
838,00160445,한국합섬,A025830
839,00160612,한화화인케미칼,A025850
840,00107987,남해화학,A025860
841,00136004,신라에스지,A025870
842,00101752,케이씨피드,A025880
843,00159564,한국주강,A025890
844,00173032,동화기업,A025900
845,00183914,우경,A025920
846,00207542,팬택자산관리,A025930
847,00116408,동신건설,A025950
848,00114215,알덱스,A025970
849,00161781,아난티,A025980
850,00120289,제이에스티나,A026040
851,00186939,특수건설,A026150
852,00200956,현대정보기술,A026180
853,00133317,에스티씨라이프,A026220
854,00113632,아이디에이치,A026230
855,00127370,삼우이엠씨,A026250
856,00207223,위너지스,A026260
857,00114826,제일창업투자,A026540
858,00112907,코원에너지서비스,A026870
859,00117498,스틱인베스트먼트,A026890
860,00104120,광진실업,A026910
861,00123781,부국철강,A026940
862,00144395,동서,A026960
863,00110060,대백저축은행,A026970
864,00130587,서울전자통신,A027040
865,00152589,코리아나,A027050
866,00208374,텔슨전자,A027350
867,00156895,아주IB투자,A027360
868,00117258,한화갤러리아타임월드,A027390
869,00219097,BGF,A027410
870,00172103,코리아이앤디,A027440
871,00129615,상보,A027580
872,00110079,대백쇼핑,A027700
873,00192499,팜스토리,A027710
874,00204208,마니커,A027740
875,00109037,대성창투,A027830
876,00156734,한국고덴시,A027840
877,00133706,세하,A027970
878,00111865,미래SCI,A028040
879,00126308,삼성엔지니어링,A028050
880,00219440,휴맥스홀딩스,A028080
881,00121251,네오퍼플,A028090
882,00178754,동아지질,A028100
883,00207755,지에스홈쇼핑,A028150
884,00149655,삼성물산,A028260
885,00199252,HLB,A028300
886,00122737,팬오션,A028670
887,00209780,케이씨,A029460
888,00186452,광무,A029480
889,00135795,신도리코,A029530
890,00126292,삼성카드,A029780
891,00197476,코엔텍,A029960
892,00148276,제일기획,A030000
893,00200761,중앙디자인,A030030
894,00158325,NICE평가정보,A030190
895,00190321,케이티,A030200
896,00156859,다올투자증권,A030210
897,00100258,에스마크,A030270
898,00230036,드래곤플라이,A030350
899,00268020,쏠라엔텍,A030390
900,00228916,디패션,A030420
901,00204262,한글과컴퓨터,A030520
902,00216647,원익홀딩스,A030530
903,00113359,교보증권,A030610
904,00118044,동원수산,A030720
905,00273615,비케이탑스,A030790
906,00123514,보진재,A030950
907,00139685,양지사,A030960
908,00104467,국민은행,A031150
909,00200910,아이즈비전,A031310
910,00128661,에스에이엠티,A031330
911,00198378,녹십자셀,A031390
912,00234412,신세계인터내셔날,A031430
913,00274933,신세계푸드,A031440
914,00175173,오스템,A031510
915,00267997,에스티앤아이,A031800
916,00186559,콤텍시스템,A031820
917,00180865,엔에스엔,A031860
918,00136095,조은저축은행,A031920
919,00130860,에듀패스,A031950
920,00267775,동산진흥,A031960
921,00218654,엠바이엔,A031970
922,00208444,피에스케이홀딩스,A031980
923,00110307,대선조선,A031990
924,00107358,일공공일안경콘택트,A032030
925,00173731,씨앤에스자산관리,A032040
926,00194372,후야인포넷,A032050
927,00201131,아즈텍WB,A032080
928,00148188,으뜸상호저축은행,A032150
929,00145534,이수세라믹,A032180
930,00238782,다우데이타,A032190
931,00127909,삼일,A032280
932,00183215,케이디지엠텍,A032290
933,00187770,한국파마,A032300
934,00231372,롯데관광개발,A032350
935,00231521,핸디소프트,A032380
936,00244871,케이티프리텔,A032390
937,00229818,터보테크,A032420
938,00226352,케이엠더블유,A032500
939,00201733,TJ미디어,A032540
940,00218575,황금에스티,A032560
941,00101442,카라반케이디이,A032570
942,00189538,피델릭스,A032580
943,00119733,엔토리노,A032590
944,00231567,애드모바일,A032600
945,00179832,에스오케이,A032610
946,00220057,유비케어,A032620
947,00231363,LG유플러스,A032640
948,00204226,소프트센,A032680
949,00307897,신한카드,A032710
950,00173351,삼진,A032750
951,00110884,비엔지티,A032790
952,00231691,판타지오,A032800
953,00231044,우리기술,A032820
954,00126256,삼성생명,A032830
955,00231707,비트컴퓨터,A032850
956,00205687,휴먼엔,A032860
957,00200798,에이스앤파트너스,A032930
958,00210980,원익,A032940
959,00199076,동일기연,A032960
960,00232089,바이온,A032980
961,00206084,세아메탈,A033020
962,00232317,지오엠씨,A033030
963,00222435,제이엠아이,A033050
964,00185356,제룡전기,A033100
965,00194275,코너스톤네트웍스,A033110
966,00231442,디지틀조선,A033130
967,00121686,엠케이전자,A033160
968,00158219,시그네틱스,A033170
969,00193009,KH 필룩스,A033180
970,00130204,폴켐,A033190
971,00241209,모아텍,A033200
972,00267793,삼화기연,A033210
973,00107303,피엔에스커튼월,A033220
974,00229021,인성정보,A033230
975,00146861,자화전자,A033240
976,00125576,체시스,A033250
977,00225140,쌈지,A033260
978,00158963,유나이티드,A033270
979,00206127,어울림엘시스,A033280
980,00155948,코웰패션,A033290
981,00143226,엠투엔,A033310
982,00223513,제이씨현시스템,A033320
983,00119423,두림티앤씨,A033330
984,00205003,좋은사람들,A033340
985,00244419,디에스티,A033430
986,00231105,동성화인텍,A033500
987,00134510,세종공업,A033530
988,00105138,파라텍,A033540
989,00268011,일레덱스홀딩스,A033550
990,00238001,블루콤,A033560
991,00264787,럭슬,A033600
992,00243988,에스케이브로드밴드,A033630
993,00227333,네패스,A033640
994,00209443,우리금융캐피탈,A033660
995,00257194,블루스톤디앤아이,A033720
996,00244455,케이티앤지,A033780
997,00276083,스카이문스테크놀로지,A033790
998,00204642,티비씨,A033830
999,00244589,지노시스템,A033850
1000,00244862,룩소네이트,A033880
1001,00121543,무학,A033920
1002,00251482,트라이써클,A034010
1003,00159616,두산에너빌리티,A034020
1004,00130772,SBS,A034120
1005,00105873,LG디스플레이,A034220
1006,00171265,파라다이스,A034230
1007,00217947,신세계건설,A034300
1008,00158316,NICE,A034310
1009,00240398,무한투자,A034510
1010,00145862,인천도시가스,A034590
1011,00251190,글로웍스,A034600
1012,00211271,제넥셀세인,A034660
1013,00181712,SK,A034730
1014,00255071,현대에이치씨엔동작방송,A034750
1015,00219361,해성산업,A034810
1016,00233653,한국토지신탁,A034830
1017,00231831,조아제약,A034940
1018,00156956,한국기업평가,A034950
1019,00140168,지투알,A035000
1020,00134909,소예,A035010
1021,00244561,그래디언트,A035080
1022,00122551,백산,A035150
1023,00356389,프럼파스트,A035200
1024,00244729,티브로드도봉강북방송,A035210
1025,00255619,강원랜드,A035250
1026,00220552,청람디지탈,A035270
1027,00249502,골드앤에스,A035290
1028,00223346,쓰리디넷,A035400
1029,00266961,NAVER,A035420
1030,00249034,드림라인,A035430
1031,00259439,지아이바이오,A035450
1032,00258421,기산텔레콤,A035460
1033,00255141,글로앤웰,A035480
1034,00255309,써니트렌드,A035500
1035,00219486,신세계I&C,A035510
1036,00264547,KG이니시스,A035600
1037,00249982,솔본,A035610
1038,00259590,바른손이앤에이,A035620
1039,00259493,씨엘엘씨디,A035710
1040,00258801,카카오,A035720
1041,00265324,CJ ENM,A035760
1042,00259916,그로웰텔레콤,A035780
1043,00242378,이지홀딩스,A035810
1044,00246383,메카포럼,A035830
1045,00261601,호성,A035870
1046,00219848,서희건설,A035890
1047,00258689,JYP Ent.,A035900
1048,00258731,현대멀티캡,A035910
1049,00242439,케이알,A035950
1050,00265157,바이오시스,A035960
1051,00259934,예림당,A036000
1052,00138598,아비코전자,A036010
1053,00244932,한아시스템,A036020
1054,00260958,케이티알파,A036030
1055,00277985,한강구조조정기금,A036060
1056,00258360,위지트,A036090
1057,00260745,SCI평가정보,A036120
1058,00232821,클라우드에어,A036170
1059,00257149,지더블유바이텍,A036180
1060,00176516,금화피에스시,A036190
1061,00260569,유니셈,A036200
1062,00255840,태산엘시디,A036210
1063,00260657,오상헬스케어,A036220
1064,00122339,이매진아시아,A036260
1065,00237260,헤쎄나,A036270
1066,00188122,하나물산,A036280
1067,00260903,쓰리소프트,A036360
1068,00203315,콘텐트리중앙,A036420
1069,00261285,한국가스공사,A036460
1070,00177320,대성미생물,A036480
1071,00110051,에스케이머티리얼즈,A036490
1072,00267960,에스에스컴텍,A036500
1073,00225159,SNT홀딩스,A036530
1074,00301246,SFA반도체,A036540
1075,00221320,에이스디지텍,A036550
1076,00141389,영풍정밀,A036560
1077,00261443,엔씨소프트,A036570
1078,00260408,팜스코,A036580
1079,00325918,케이엔티,A036590
1080,00141440,지니웍스,A036600
1081,00254009,지디코프,A036610
1082,00261009,감성코퍼레이션,A036620
1083,00268002,세종텔레콤,A036630
1084,00230911,HRS,A036640
1085,00259606,플러스프로핏,A036660
1086,00265041,KCI,A036670
1087,00268118,코맥스,A036690
1088,00152127,심텍홀딩스,A036710
1089,00260985,한빛네트,A036720
1090,00265218,케이엔에스홀딩스,A036760
1091,00256292,자강,A036790
1092,00264945,나이스정보통신,A036800
1093,00223434,에프에스티,A036810
1094,00248956,비이티,A036820
1095,00247975,솔브레인홀딩스,A036830
1096,00165361,휴코드홀딩스,A036840
1097,00208693,나리지*온,A036850
1098,00247762,맥시스템,A036880
1099,00174208,진성티이씨,A036890
1100,00154693,이레아이엔씨,A036900
1101,00241120,세원텔레콤,A036910
1102,00240088,지앤에스티,A036920
1103,00252135,주성엔지니어링,A036930
1104,00247902,넷컴스토리지,A037010
1105,00178471,한와이어리스,A037020
1106,00231354,파워넷,A037030
1107,00300256,시큐어소프트,A037060
1108,00238153,파세코,A037070
1109,00246189,제이에스,A037110
1110,00253514,한신코퍼레이션,A037120
1111,00248691,씨제이인터넷,A037150
1112,00265254,넥스텔,A037220
1113,00198192,한국팩키지,A037230
1114,00260693,평안물산,A037240
1115,00260639,대흥멀티미디어통신,A037250
1116,00249247,YG PLUS,A037270
1117,00261212,시노펙스그린테크,A037320
1118,00265421,인지디스플레,A037330
1119,00241236,씨엘인터내셔널,A037340
1120,00216498,성도이엔지,A037350
1121,00261054,EG,A037370
1122,00164195,에이원마이크로,A037380
1123,00155692,우리엔터프라이즈,A037400
1124,00236863,희림,A037440
1125,00128315,삼지전자,A037460
1126,00277727,미래에셋굿라이프혼합형자녀를위한펀드5-1,A037500
1127,00297970,미래에셋굿라이프혼합형자녀를위한투자회사10-1,A037510
1128,00259536,네스테크,A037540
1129,00314000,클라스타,A037550
1130,00222532,LG헬로비전,A037560
1131,00247939,씨모스,A037600
1132,00311030,미래에셋증권,A037620
1133,00265227,에스비엠,A037630
1134,00248053,지에스엔텍,A037640
1135,00246815,성진산업,A037650
1136,00265263,토자이홀딩스,A037700
1137,00220561,광주신세계,A037710
1138,00255266,쓰리알,A037730
1139,00260888,엔써커뮤니티,A037750
1140,00239596,쎄니트,A037760
1141,00261188,글로포스트,A037830
1142,00242712,엘컴텍,A037950
1143,00148595,제일테크노스,A038010
1144,00263955,트래픽아이티에스,A038050
1145,00406329,루멘스,A038060
1146,00373447,서린바이오,A038070
1147,00260921,아이엠아이티,A038100
1148,00139153,에코플라스틱,A038110
1149,00266989,에이디모터스,A038120
1150,00334624,팍스넷,A038160
1151,00261373,마크로젠,A038290
1152,00261124,어울림정보기술,A038320
1153,00215976,UCI,A038340
1154,00261355,레드캡투어,A038390
1155,00170451,외환신용카드,A038400
1156,00261461,트라이콤,A038410
1157,00234555,씨엔씨엔터프라이즈,A038420
1158,00240857,바이오스마트,A038460
1159,00239639,삼표시멘트,A038500
1160,00255105,골드퍼시픽,A038530
1161,00306162,상상인,A038540
1162,00264228,위즈코프,A038620
1163,00264635,에스넷,A038680
1164,00264556,에이스일렉트로닉스,A038690
1165,00334615,콜마파마,A038710
1166,00264802,유일엔시스,A038720
1167,00264769,포이보스,A038810
1168,00271431,케이엠에스,A038830
1169,00287812,에코바이오,A038870
1170,00252269,아이에이,A038880
1171,00265342,에이치에스씨홀딩스,A038920
1172,00264732,파인디지털,A038950
1173,00244330,현주컴퓨터,A038960
1174,00229827,이지클럽,A038980
1175,00264644,넥스콘테크놀러지,A038990
1176,00275710,써미트테크놀로지,A039000
1177,00255044,현대에이치티,A039010
1178,00184889,이건홀딩스,A039020
1179,00246417,이오테크닉스,A039030
1180,00265078,유니텍전자,A039040
1181,00264839,아이비진,A039060
1182,00268181,에스피컴텍,A039110
1183,00269940,하나투어,A039130
1184,00263654,오스코텍,A039200
1185,00295370,제이앤케이인더스트리,A039230
1186,00206039,경남스틸,A039240
1187,00243757,인포뱅크,A039290
1188,00264671,세중,A039310
1189,00263371,한국경제TV,A039340
1190,00267094,헤파호프코리아,A039350
1191,00270405,윌텍정보통신,A039390
1192,00246620,케이엘넷,A039420
1193,00298340,에스티아이,A039440
1194,00296290,키움증권,A039490
1195,00252755,씨앤케이인터내셔널,A039530
1196,00268251,다산네트웍스,A039560
1197,00350312,HDC랩스,A039570
1198,00264185,피코소프트,A039580
1199,00217743,화성밸브,A039610
1200,00298687,스포츠서울,A039670
1201,00261957,한국정보공학,A039740
1202,00261735,위노바,A039790
1203,00141556,오로라,A039830
1204,00115931,디오,A039840
1205,00246347,태창파로스,A039850
1206,00230425,나노엔텍,A039860
1207,00222213,포트로닉스천안,A039870
1208,00369213,리노스,A039980
1209,00259855,코아정보시스템,A039990
1210,00271413,사라콤,A040020
1211,00264529,엔플렉스,A040130
1212,00269889,누리플렉스,A040160
1213,00269773,대양글로벌,A040180
1214,00200275,YTN,A040300
1215,00346407,큐로컴,A040350
1216,00287788,정상제이엘에스,A040420
1217,00264714,SG&G,A040610
1218,00248123,와이즈파워,A040670
1219,00262682,아인스엠앤엠,A040740
1220,00298377,아이씨디,A040910
1221,00269852,폴라리스오피스,A041020
1222,00257529,이루넷,A041030
1223,00264857,아라온테크,A041060
1224,00266943,넥슨지티,A041140
1225,00231664,우리기술투자,A041190
1226,00263991,모빌링크텔레콤,A041310
1227,00269287,보홍,A041320
1228,00228536,현대에버다임,A041440
1229,00269339,인네트,A041450
1230,00361169,한국전자인증,A041460
1231,00291152,디비엘,A041500
1232,00260930,에스엠,A041510
1233,00137289,이라이콤,A041520
1234,00138376,쎄라텍,A041550
1235,00297448,플래스크,A041590
1236,00352295,인젠,A041630
1237,00129642,상신브레이크,A041650
1238,00287724,코디콤,A041800
1239,00269922,인바디,A041830
1240,00463342,에스텍파마,A041910
1241,00273439,메디아나,A041920
1242,00199988,동아화성,A041930
1243,00294371,한텔,A041940
1244,00187415,코미팜,A041960
1245,00260879,카페24,A042000
1246,00206686,케이피엠테크,A042040
1247,00297165,현대오토넷,A042100
1248,00171867,에스씨디,A042110
1249,00264848,대국,A042340
1250,00103644,비츠로테크,A042370
1251,00266952,네오위즈홀딩스,A042420
1252,00352499,링네트,A042500
1253,00255433,라온시큐어,A042510
1254,00349060,한스바이오메드,A042520
1255,00288653,퓨쳐비젼,A042570
1256,00147994,새로닉스,A042600
1257,00111704,대우조선해양,A042660
1258,00344287,현대두산인프라코어,A042670
1259,00161383,한미반도체,A042700
1260,00264741,어울림네트웍스,A042820
1261,00268297,에코페트로시스템,A042870
1262,00232007,상지카일룸,A042940
1263,00318839,미래에셋새천년코리아벤처펀드일호,A042950
1264,00267021,창민테크,A042960
1265,00351454,엑서지21,A043090
1266,00220109,솔고바이오,A043100
1267,00264255,바텍,A043150
1268,00266934,파루,A043200
1269,00317487,티에스넥스젠,A043220
1270,00317210,성호전자,A043260
1271,00297961,케이맥,A043290
1272,00203209,에쎈테크,A043340
1273,00295547,디지아이,A043360
1274,00155151,피에이치에이,A043370
1275,00222806,에임하이글로벌,A043580
1276,00260611,크로바하이텍,A043590
1277,00223762,지니뮤직,A043610
1278,00267474,지앤알,A043630
1279,00256715,국순당,A043650
1280,00264796,스톰이앤에프,A043680
1281,00271352,테크메이트,A043690
1282,00305570,서울리거,A043710
1283,00264130,옥션,A043790
1284,00270432,티브로드한빛방송,A043890
1285,00418379,자연과환경,A043910
1286,00291860,조광ILI,A044060
1287,00301015,한서제약,A044070
1288,00111218,KD,A044180
1289,00293886,위닉스,A044340
1290,00268482,조이토토,A044370
1291,00269241,주연테크,A044380
1292,00267669,솔빛미디어,A044440
1293,00160232,KSS해운,A044450
1294,00173449,블레이드 Ent,A044480
1295,00186799,태웅,A044490
1296,00240370,동부씨엔아이,A044640
1297,00264103,에이엠에스,A044770
1298,00235183,에이치케이,A044780
1299,00219574,코스맥스비티아이,A044820
1300,00145473,이글벳,A044960
1301,00311216,에이치엔에스하이텍,A044990
1302,00272412,글라소울,A045050
1303,00220969,오공,A045060
1304,00216762,한양이엔지,A045100
1305,00264981,디에이치패션,A045260
1306,00263885,포네이처,A045290
1307,00350482,성우테크론,A045300
1308,00303837,이레전자산업,A045310
1309,00355089,토탈소프트,A045340
1310,00295875,더존디지털웨어,A045380
1311,00318316,대아티아이,A045390
1312,00348140,이롬텍,A045400
1313,00264811,에이프로테크놀로지,A045470
1314,00147772,정원엔시스,A045510
1315,00185222,크린앤사이언스,A045520
1316,00256502,에이텍,A045660
1317,00369675,온미디어,A045710
1318,00347619,한국통신데이타,A045760
1319,00318617,LG파워콤,A045820
1320,00344746,유티엑스,A045880
1321,00455112,금빛,A045890
1322,00248406,화림모드,A045920
1323,00271501,코아시아,A045970
1324,00318477,모디아,A046000
1325,00295857,코다코,A046070
1326,00277736,한일네트웍스,A046110
1327,00297989,오르비텍,A046120
1328,00280688,SBS콘텐츠허브,A046140
1329,00172079,파나진,A046210
1330,00268358,에스브이에이치,A046240
1331,00360036,백금T&A,A046310
1332,00252588,엠트론스토리지테크놀로지,A046320
1333,00250775,에듀아크,A046350
1334,00301112,삼화네트웍스,A046390
1335,00263140,휴스토리,A046400
1336,00207436,알에스넷,A046430
1337,00405278,KG모빌리언스,A046440
1338,00334767,엔하이테크,A046720
1339,00252658,코리언일랙트로닉스파워소스,A046810
1340,00343127,자유투어,A046840
1341,00130763,서울반도체,A046890
1342,00363246,우원개발,A046940
1343,00296005,우리로,A046970
1344,00124540,대우건설,A047040
1345,00124504,포스코인터내셔널,A047050
1346,00334244,덴소코리아,A047060
1347,00348292,한빛소프트,A047080
1348,00269612,파워로직스,A047310
1349,00325981,에프아이투어,A047370
1350,00369833,유니온머티리얼,A047400
1351,00330017,레이더스컴퍼니,A047420
1352,00324104,디케이씨,A047440
1353,00215107,이앤텍,A047450
1354,00273420,이스트소프트,A047560
1355,00258944,세계투어,A047600
1356,00257361,월드텔레콤,A047610
1357,00348557,액티투오,A047710
1358,00304401,텔라움,A047730
1359,00329093,코데즈컴바인,A047770
1360,00309503,한국항공우주,A047810
1361,00299464,초록뱀미디어,A047820
1362,00336817,HLB제약,A047920
1363,00329084,비엔디,A047940
1364,00345499,에스피코프,A048130
1365,00320807,태광이엔시,A048140
1366,00384452,모닷텔,A048150
1367,00341916,오스템임플란트,A048260
1368,00328854,포넷,A048270
1369,00313649,현대바이오,A048410
1370,00201742,유라테크,A048430
1371,00275260,엑큐리스,A048460
1372,00109268,대동스틸,A048470
1373,00331760,테스텍,A048510
1374,00292434,인트론바이오,A048530
1375,00309983,하이콤정보통신,A048540
1376,00185046,SM C&C,A048550
1377,00236368,엠엔에프씨,A048640
1378,00275808,브이케이,A048760
1379,00108649,TPC,A048770
1380,00108490,엔피케이,A048830
1381,00475985,시너지이노베이션,A048870
1382,00351807,대원미디어,A048910
1383,00252393,예당컴퍼니,A049000
1384,00226866,인탑스,A049070
1385,00377018,기가레인,A049080
1386,00350020,파인디앤씨,A049120
1387,00352000,하우리,A049130
1388,00310156,셀루메드,A049180
1389,00330406,씨제이엔터테인먼트,A049370
1390,00152783,코메론,A049430
1391,00351579,SGA,A049470
1392,00335076,오픈베이스,A049480
1393,00256380,유아이엘,A049520
1394,00261656,잉크테크,A049550
1395,00147082,재영솔루텍,A049630
1396,00331733,포휴먼,A049690
1397,00336297,고려신용정보,A049720
1398,00340917,동원F&B,A049770
1399,00303217,우진플라임,A049800
1400,00135467,승일,A049830
1401,00447760,미래컴퍼니,A049950
1402,00357430,쎌바이오텍,A049960
1403,00262123,유아이에너지,A050050
1404,00369569,비케이홀딩스,A050090
1405,00330044,캠시스,A050110
1406,00175623,ES큐브,A050120
1407,00245898,에스에이치엔엘,A050320
1408,00334493,씨티앤티,A050470
1409,00302078,엠피씨플러스,A050540
1410,00296069,세라온홀딩스,A050600
1411,00439053,이룸지엔지,A050640
1412,00340272,에스폴리텍,A050760
1413,00138747,아세아텍,A050860
1414,00364403,쏠리드,A050890
1415,00577016,수산아이앤티,A050960
1416,00389110,지어소프트,A051160
1417,00202778,썬코어,A051170
1418,00181934,포스코플랜텍,A051310
1419,00390365,토비스,A051360
1420,00369170,인터플렉스,A051370
1421,00297934,피씨디렉트,A051380
1422,00296263,YW,A051390
1423,00297095,나라엠앤디,A051490
1424,00127954,CJ프레시웨이,A051500
1425,00300779,굿이엠지,A051530
1426,00159218,한전KPS,A051600
1427,00347734,진양화학,A051630
1428,00314888,디에스,A051710
1429,00296324,큐로홀딩스,A051780
1430,00347442,모보,A051810
1431,00247887,아이피에스,A051820
1432,00356370,LG생활건강,A051900
1433,00356361,LG화학,A051910
1434,00347716,중앙디앤엠,A051980
1435,00273110,에스티큐브,A052020
1436,00347877,세영디앤씨,A052190
1437,00262275,엠씨티티코어,A052210
1438,00370006,iMBC,A052220
1439,00347062,현대바이오랜드,A052260
1440,00291231,우전,A052270
1441,00348177,트레이스,A052290
1442,00349811,초록뱀컴퍼니,A052300
1443,00347363,에이치원바이오,A052310
1444,00305297,코텍,A052330
1445,00345657,코아에스앤아이,A052350
1446,00349732,코나아이,A052400
1447,00350048,오성첨단소재,A052420
1448,00405719,아이크래프트,A052460
1449,00346966,에코솔루션,A052510
1450,00339063,삼성수산,A052560
1451,00244783,한네트,A052600
1452,00347840,제네시스엔알디,A052640
1453,00329677,이디디컴퍼니,A052650
1454,00185505,제일바이오,A052670
1455,00159209,한전기술,A052690
1456,00298447,아모텍,A052710
1457,00346911,아이톡시,A052770
1458,00348034,액토즈소프트,A052790
1459,00355292,아시아미디어홀딩스,A052810
1460,00365758,아이앤씨,A052860
1461,00350251,모아에스앤에스,A052880
1462,00276834,KX하이텍,A052900
1463,00362089,올리브나인,A052970
1464,00375302,우리금융지주,A053000
1465,00216027,바이넥스,A053030
1466,00349468,블루젬디앤씨,A053040
1467,00351995,지에스이,A053050
1468,00133663,세동,A053060
1469,00262044,트리니티,A053070
1470,00304076,원방테크,A053080
1471,00352718,소리바다,A053110
1472,00352064,프리엠스,A053160
1473,00353683,코스모스피엘씨,A053170
1474,00348788,디이시스,A053200
1475,00349097,케이티스카이라이프,A053210
1476,00348052,엔에스아이,A053250
1477,00105475,금강철강,A053260
1478,00202060,구영테크,A053270
1479,00362858,예스24,A053280
1480,00363927,NE능률,A053290
1481,00306454,한국정보인증,A053300
1482,00350738,제네시스디벨롭먼트홀딩스,A053320
1483,00356158,영진코퍼레이션,A053330
1484,00353610,이니텍,A053350
1485,00208301,성우몰드,A053440
1486,00351630,세코닉스,A053450
1487,00311298,오페스,A053470
1488,00323868,웹케시,A053580
1489,00355548,한국테크놀로지,A053590
1490,00325112,프로텍,A053610
1491,00186717,태양,A053620
1492,00188715,현진소재,A053660
1493,00413523,한미글로벌,A053690
1494,00351092,삼보모터스,A053700
1495,00218052,국제엘렉트릭코리아,A053740
1496,00298270,안랩,A053800
1497,00351047,아이팩토리,A053810
1498,00351269,지티앤티,A053870
1499,00308948,미디어코프,A053890
1500,00307028,경남제약,A053950
1501,00226547,오상자이엘,A053980
1502,00299376,선팩테크,A054010
1503,00349787,지케이파워,A054020
1504,00303396,한국컴퓨터,A054040
1505,00176835,농우바이오,A054050
1506,00236021,우주통신,A054080
1507,00239514,삼진엘앤디,A054090
1508,00359094,더체인지,A054120
1509,00350118,뉴젠아이씨티,A054150
1510,00300566,엔빅스,A054170
1511,00356839,메디콕스,A054180
1512,00206659,이랜텍,A054210
1513,00201432,비츠로시스,A054220
1514,00220446,예일바이오텍,A054250
1515,00339072,팬스타엔터프라이즈,A054300
1516,00302120,피앤텔,A054340
1517,00358730,업필,A054370
1518,00357607,케이피티유,A054410
1519,00356644,엠텍반도체,A054440
1520,00423177,텔레칩스,A054450
1521,00267720,신한SIT,A054530
1522,00250614,삼영엠텍,A054540
1523,00296078,APS홀딩스,A054620
1524,00356927,에이디칩스,A054630
1525,00362380,뉴젠비아이티,A054650
1526,00207375,대한뉴팜,A054670
1527,00353762,키이스트,A054780
1528,00234449,제이엠피,A054790
1529,00359580,아이디스홀딩스,A054800
1530,00363592,한컴위드,A054920
1531,00144650,유신,A054930
1532,00360577,엑사이엔씨,A054940
1533,00361381,제이브이엠,A054950
1534,00358545,동서정보기술,A055000
1535,00353735,다휘,A055250
1536,00256955,테이팩스,A055490
1537,00382199,신한지주,A055550
1538,00367598,케이티씨텔레콤,A055810
1539,00364227,에너윈,A055970
1540,00361266,코원플레이,A056000
1541,00386557,아이스테이션,A056010
1542,00364670,쿨투,A056020
1543,00305695,세니콘,A056060
1544,00234227,유진로봇,A056080
1545,00346610,이노시스,A056090
1546,00359614,리더컴,A056140
1547,00358271,에스에프에이,A056190
1548,00335562,엠넷미디어,A056200
1549,00361114,씨유전자,A056340
1550,00360674,코위버,A056360
1551,00350224,슈마일렉트론,A056500
1552,00228350,신화인터텍,A056700
1553,00361035,미리넷,A056710
1554,00318662,CNT85,A056730
1555,00351153,위다스,A056810
1556,00358095,코어비트,A056850
1557,00307222,YBM넷,A057030
1558,00412597,현대홈쇼핑,A057050
1559,00350057,하이스마텍,A057100
1560,00366164,아이티센네트웍스,A057110
1561,00301626,플래닛팔이,A057330
1562,00307189,에스케이엔펄스,A057500
1563,00265005,옴니시스템,A057540
1564,00372688,티사이언티픽,A057680
1565,00410739,피에이치씨,A057880
1566,00270113,멕아이씨에스,A058110
1567,00441128,아리온,A058220
1568,00372989,비엔씨컴퍼니,A058370
1569,00208134,KNN,A058400
1570,00359474,제이웨이,A058420
1571,00155258,포스코스틸리온,A058430
1572,00146427,일야,A058450
1573,00369657,리노공업,A058470
1574,00252001,해원에스티,A058480
1575,00353018,파나케이아,A058530
1576,00370547,네오리소스,A058550
1577,00220686,에스피지,A058610
1578,00397058,엠게임,A058630
1579,00377610,세아홀딩스,A058650
1580,00246657,오브제,A058680
1581,00225210,퓨쳐인포넷,A058690
1582,00353878,다스코,A058730
1583,00380429,CMG제약,A058820
1584,00372882,KTcs,A058850
1585,00372873,KTis,A058860
1586,00392600,투미비티,A058900
1587,00396925,엠로,A058970
1588,00366942,미코,A059090
1589,00407285,아이컴포넌트,A059100
1590,00404288,아진엑스텍,A059120
1591,00317681,메타바이오메드,A059210
1592,00453442,해성티피씨,A059270
1593,00348007,야호커뮤니케이션,A059720
1594,00386937,국민은행,A060000
1595,00375931,인선이엔티,A060150
1596,00363510,소니드,A060230
1597,00373571,룽투코리아,A060240
1598,00357740,NHN한국사이버결제,A060250
1599,00351375,뉴보텍,A060260
1600,00356802,큐렉소,A060280
1601,00364795,레드로버,A060300
1602,00378363,3S,A060310
1603,00225742,KT서브마린,A060370
1604,00178851,동양에스텍,A060380
1605,00377814,베스트플로우,A060410
1606,00203847,국일신동,A060480
1607,00379229,에스에이티,A060540
1608,00360540,우수씨엔에스,A060550
1609,00288495,홈센타홀딩스,A060560
1610,00364467,드림어스컴퍼니,A060570
1611,00362292,씨티씨바이오,A060590
1612,00363033,한도하이테크,A060660
1613,00299686,유퍼트,A060670
1614,00378628,KH바텍,A060720
1615,00316488,제이콤,A060750
1616,00532129,영림원소프트랩,A060850
1617,00367695,대한그린파워,A060900
1618,00353230,프리젠,A060910
1619,00299002,HL홀딩스,A060980
1620,00309831,알에프텍,A061040
1621,00335924,지앤디윈텍,A061050
1622,00298252,엘앤피아너스,A061140
1623,00188973,화일약품,A061250
1624,00163619,한진피앤씨,A061460
1625,00412348,엘비세미콘,A061970
1626,00408336,인산가,A062580
1627,00372013,케너텍,A062730
1628,00261887,티엘아이,A062860
1629,00403766,피피아이,A062970
1630,00535746,컴투스홀딩스,A063080
1631,00390055,종근당바이오,A063160
1632,00410915,서울옥션,A063170
1633,00336570,사이버패스,A063280
1634,00375579,팬택앤큐리텔,A063350
1635,00367604,SM Life Design,A063440
1636,00390028,코오롱인터내셔널,A063510
1637,00363769,한국전자금융,A063570
1638,00374020,이엘피,A063760
1639,00359030,닉스테크,A063840
1640,00367376,사이노젠,A064060
1641,00390408,에프앤리퍼블릭,A064090
1642,00385336,홈캐스트,A064240
1643,00389970,다날,A064260
1644,00479787,인텍플러스,A064290
1645,00302926,현대로템,A064350
1646,00399773,케이피케미칼,A064420
1647,00359076,브리지텍,A064480
1648,00127699,유네코,A064510
1649,00370255,테크엘,A064520
1650,00326731,바이오니아,A064550
1651,00368791,모델라인,A064720
1652,00245472,티씨케이,A064760
1653,00392691,젬백스링크,A064800
1654,00152437,케이프,A064820
1655,00331016,에프앤가이드,A064850
1656,00386876,교보메리츠퍼스트기업구조조정부동산투자회사,A064900
1657,00398792,SNT모티브,A064960
1658,00258102,지엔코,A065060
1659,00366845,탑엔지니어링,A065130
1660,00390860,엠피대산,A065150
1661,00389387,라임,A065160
1662,00384717,비엘팜텍,A065170
1663,00389679,해피드림,A065180
1664,00364926,플렉스컴,A065270
1665,00307037,더스텔라,A065310
1666,00388272,쓰리디월드,A065340
1667,00136226,신성델타테크,A065350
1668,00374738,위세아이텍,A065370
1669,00210537,지엔텍홀딩스,A065410
1670,00120906,에스아이리소스,A065420
1671,00390514,이루온,A065440
1672,00385363,빅텍,A065450
1673,00300405,오리엔트정공,A065500
1674,00398668,휴비츠,A065510
1675,00250137,와이어블,A065530
1676,00393469,녹원씨엔아이,A065560
1677,00288343,삼영이엔씨,A065570
1678,00245296,폴리플러스,A065610
1679,00201788,제낙스,A065620
1680,00391197,메디프론,A065650
1681,00631837,안트로젠,A065660
1682,00390903,우주일렉트로,A065680
1683,00384762,파커스,A065690
1684,00220622,서호전기,A065710
1685,00303703,CS,A065770
1686,00257051,유씨아이콜스,A065810
1687,00306986,피더블유제네틱스,A065910
1688,00155382,바이오빌,A065940
1689,00362159,웰크론,A065950
1690,00371519,휴먼텍코리아,A066060
1691,00226228,한프,A066110
1692,00221728,하츠,A066130
1693,00361202,이노블루,A066200
1694,00361725,에스케이커뮤니케이션즈,A066270
1695,00224567,샤인시스템,A066300
1696,00411446,큐에스아이,A066310
1697,00405074,세이프아시아,A066330
1698,00385451,케이에스리소스,A066340
1699,00397243,티에스엠텍,A066350
1700,00216434,체리부로,A066360
1701,00378220,버킷스튜디오,A066410
1702,00370200,와이오엠,A066430
1703,00371139,휘튼,A066480
1704,00401731,LG전자,A066570
1705,00301422,우수AMS,A066590
1706,00253985,국보디자인,A066620
1707,00371740,디스플레이텍,A066670
1708,00251385,보광티에스,A066690
1709,00249894,테라젠이텍스,A066700
1710,00249441,씨씨에스,A066790
1711,00393618,제노텍,A066830
1712,00397766,아이드림,A066850
1713,00303192,디에이피,A066900
1714,00306870,손오공,A066910
1715,00317089,한국애보트진단,A066930
1716,00398701,엘앤에프,A066970
1717,00389998,이엔코퍼레이션,A066980
1718,00397252,조이시티,A067000
1719,00400060,이씨에스,A067010
1720,00210740,대화제약,A067080
1721,00419989,클루넷,A067130
1722,00399694,아프리카TV,A067160
1723,00397289,오텍,A067170
1724,00109453,케이조선,A067250
1725,00425351,멀티캠퍼스,A067280
1726,00110431,JW신약,A067290
1727,00445054,하나마이크론,A067310
1728,00407036,선바이오,A067370
1729,00409681,아스트,A067390
1730,00146436,엔브이에이치코리아,A067570
1731,00365590,HLB생명과학,A067630
1732,00238199,로지시스,A067730
1733,00406727,세진티에스,A067770
1734,00422895,세이브존I&C,A067830
1735,00417963,바이나믹,A067850
1736,00190756,와이엔텍,A067900
1737,00398534,코크렙제1호기업구조조정부동산투자회사,A067910
1738,00364847,이글루,A067920
1739,00394574,티이씨,A067950
1740,00449379,도이치모터스,A067990
1741,00397191,팬엔터테인먼트,A068050
1742,00175650,케이씨더블류,A068060
1743,00394778,케이엔씨글로벌,A068150
1744,00523307,다원시스,A068240
1745,00413046,셀트리온,A068270
1746,00423690,삼성출판사,A068290
1747,00385415,일신바이오,A068330
1748,00201450,SK렌터카,A068400
1749,00407975,엔터미디어,A068420
1750,00301486,에피밸리,A068630
1751,00541349,셀트리온제약,A068760
1752,00238913,선우중공업,A068770
1753,00361594,DMS,A068790
1754,00423609,LG생명과학,A068870
1755,00398808,디지털대성,A068930
1756,00308896,셀피글로벌,A068940
1757,00405320,웹젠,A069080
1758,00402989,코스온,A069110
1759,00410997,누리플랜,A069140
1760,00426086,티케이지휴켐스,A069260
1761,00400121,유아이디,A069330
1762,00415707,엔텔스,A069410
1763,00428729,대호에이엘,A069460
1764,00428792,제로원인터랙티브,A069470
1765,00306719,에스텍,A069510
1766,00367482,라이트론,A069540
1767,00427483,대웅제약,A069620
1768,00357360,한세엠케이,A069640
1769,00151298,DSR제강,A069730
1770,00426068,아이에스이커머스,A069920
1771,00428251,현대백화점,A069960
1772,00430089,삼보오토,A070080
1773,00683007,엑스큐어,A070300
1774,00446479,신비앤텍,A070480
1775,00425360,코크렙제2호기업구조조정부동산투자회사,A070540
1776,00470829,한솔인티큐브,A070590
1777,00365989,용평리조트,A070960
1778,00432102,한국금융지주,A071050
1779,00435312,하이스틸,A071090
1780,00435969,인피니트헬스케어,A071200
1781,00363486,로체시스템즈,A071280
1782,00159698,지역난방공사,A071320
1783,00252375,나노하이텍,A071360
1784,00300557,위니아,A071460
1785,00416706,유에이블,A071530
1786,00126593,에스에스씨피,A071660
1787,00384887,에이테크솔루션,A071670
1788,00158307,롯데하이마트,A071840
1789,00302582,캐스텍코리아,A071850
1790,00183260,에이스하이텍,A071930
1791,00210856,코아스,A071950
1792,00406046,STX중공업,A071970
1793,00415327,중앙백신,A072020
1794,00416654,유엔젤,A072130
1795,00451116,아이레보,A072430
1796,00436728,리얼티코리아제1호기업구조조정부동산투자,A072450
1797,00359623,우리산업홀딩스,A072470
1798,00408956,제넨바이오,A072520
1799,00408585,나이스메탈,A072530
1800,00459871,농심홀딩스,A072710
1801,00583026,율호,A072770
1802,00422284,메가스터디,A072870
1803,00359261,빛샘전자,A072950
1804,00527464,에이치시티,A072990
1805,00328191,케이에스피,A073010
1806,00235147,에이팸,A073070
1807,00494218,엘엠에스,A073110
1808,00441872,인스프리트,A073130
1809,00407771,듀오백,A073190
1810,00481454,금호타이어,A073240
1811,00458915,유레스메리츠제1호,A073470
1812,00462121,이노와이어리스,A073490
1813,00459589,코크렙제3호CR리츠,A073530
1814,00442561,에프알텍,A073540
1815,00413417,우리손에프앤지,A073560
1816,00440712,어반리튬,A073570
1817,00373021,테라사이언스,A073640
1818,00493501,씨디네트웍스,A073710
1819,00321222,케이디세코,A073780
1820,00453752,제너시스템즈,A073930
1821,00447982,에스지피엠,A074000
1822,00302801,디아이디,A074130
1823,00463050,엑스로드,A074140
1824,00418476,엠제이비,A074150
1825,00466428,아미노로직스,A074430
1826,00468374,원익QnC,A074600
1827,00469799,이엔플러스,A074610
1828,00490179,플랜티넷,A075130
1829,00305668,새론오토모티브,A075180
1830,00415628,세진중공업,A075580
1831,00472890,동국알앤에스,A075970
1832,00487546,웰크론한텍,A076080
1833,00475532,테이크시스템즈,A076090
1834,00471989,지비에스,A076170
1835,00321204,관악산업,A076340
1836,00483735,해성옵틱스,A076610
1837,00465410,맥쿼리센트럴오피스기업구조조정부동산투자회사,A076850
1838,00473400,한컴지엠디,A077280
1839,00471068,덕산하이메탈,A077360
1840,00414601,유니퀘스트,A077500
1841,00451268,케이이엔지,A077960
1842,00480455,STX엔진,A077970
1843,00361488,텔코웨어,A078000
1844,00330424,이베스트투자증권,A078020
1845,00411385,유비쿼스홀딩스,A078070
1846,00104573,국일제지,A078130
1847,00442826,대봉엘에스,A078140
1848,00255275,HB테크놀러지,A078150
1849,00453929,메디포스트,A078160
1850,00476498,컴투스,A078340
1851,00488989,한양디지텍,A078350
1852,00475286,동북아1호선박투자회사,A078420
1853,00400857,에이블씨엔씨,A078520
1854,00230814,디아크,A078590
1855,00177816,대주전자재료,A078600
1856,00450728,도움,A078610
1857,00477257,지나인제약,A078650
1858,00537443,아구스,A078670
1859,00477372,신지소프트,A078700
1860,00446460,아이디에스,A078780
1861,00543204,아이오케이,A078860
1862,00441304,가온미디어,A078890
1863,00500254,GS,A078930
1864,00501970,코드네이처,A078940
1865,00455875,와토스코리아,A079000
1866,00303873,CJ CGV,A079160
1867,00202839,한창산업,A079170
1868,00479705,케스피온,A079190
1869,00480844,하이럭스,A079340
1870,00442570,제우스,A079370
1871,00300548,현대리바트,A079430
1872,00176792,오렌지라이프생명보험,A079440
1873,00503668,LIG넥스원,A079550
1874,00481223,넥스피안,A079560
1875,00130408,서산,A079650
1876,00503899,사조해표,A079660
1877,00445160,디이엔티,A079810
1878,00363325,산양전기,A079870
1879,00506294,가비아,A079940
1880,00409371,인베니아,A079950
1881,00178790,동양이엔피,A079960
1882,00596260,투비소프트,A079970
1883,00362238,휴비스,A079980
1884,00455981,에스엔유,A080000
1885,00454399,이상네트웍스,A080010
1886,00502474,동북아2호선박투자회사,A080030
1887,00441298,디보스,A080140
1888,00456218,모두투어,A080160
1889,00502793,아시아퍼시픽1호선박투자회사,A080180
1890,00447487,제주반도체,A080220
1891,00504357,동북아6호선박투자회사,A080410
1892,00480048,모다이노칩,A080420
1893,00366793,에스제이케이,A080440
1894,00486370,성창오토텍,A080470
1895,00529815,오디텍,A080520
1896,00308559,코디,A080530
1897,00508566,국제개발,A080570
1898,00543107,오킨스전자,A080580
1899,00532855,한국유니온제약,A080720
1900,00505170,동북아3호선박투자회사,A080960
1901,00505189,동북아4호선박투자회사,A080970
1902,00505198,동북아5호선박투자회사,A080980
1903,00508274,일진다이아,A081000
1904,00582054,씨모텍,A081090
1905,00497631,티플랙스,A081150
1906,00505541,아시아퍼시픽2호선박투자회사,A081190
1907,00505550,아시아퍼시픽3호선박투자회사,A081200
1908,00505569,아시아퍼시픽4호선박투자회사,A081210
1909,00481676,세미텍,A081220
1910,00535773,엑스씨이,A081500
1911,00364306,성우전자,A081580
1912,00195229,휠라홀딩스,A081660
1913,00510534,아시아퍼시픽8호선박투자회사,A081930
1914,00510914,아시아퍼시픽9호선박투자회사,A081940
1915,00584362,넥스지,A081970
1916,00510215,동북아8호선박투자회사,A082110
1917,00327396,옵트론텍,A082210
1918,00535719,프렉코,A082220
1919,00512550,아시아퍼시픽5호선박투자회사,A082240
1920,00512541,아시아퍼시픽6호선박투자회사,A082250
1921,00512532,아시아퍼시픽7호선박투자회사,A082260
1922,00492894,젬백스,A082270
1923,00496003,피엘에이,A082390
1924,00117267,동양생명,A082640
1925,00442455,코스나인,A082660
1926,00361008,HSD엔진,A082740
1927,00533191,비보존 제약,A082800
1928,00369107,우리바이오,A082850
1929,00154718,비츠로셀,A082920
1930,00525527,실리콘화일,A082930
1931,00518873,동북아9호선박투자회사,A083120
1932,00521956,현대경매부동산일호투자회사,A083160
1933,00484682,엘오티베큠,A083310
1934,00529310,동북아10호선박투자회사,A083350
1935,00529523,동북아11호선박투자회사,A083360
1936,00526447,동북아12호선박투자회사,A083370
1937,00526465,동북아13호선박투자회사,A083380
1938,00526474,동북아14호선박투자회사,A083390
1939,00454946,그린케미칼,A083420
1940,00540863,GST,A083450
1941,00475718,이엠앤아이,A083470
1942,00476036,에프엔에스테크,A083500
1943,00242934,케이엠,A083550
1944,00533580,아시아퍼시픽10호선박투자회사,A083570
1945,00533793,아시아퍼시픽11호선박투자회사,A083580
1946,00533836,아시아퍼시픽12호선박투자회사,A083590
1947,00533757,아시아퍼시픽13호선박투자회사,A083600
1948,00533696,아시아퍼시픽14호선박투자회사,A083610
1949,00533678,아시아퍼시픽15호선박투자회사,A083620
1950,00475976,인콘,A083640
1951,00409788,비에이치아이,A083650
1952,00406037,CSA 코스믹,A083660
1953,00407814,크리스탈지노믹스,A083790
1954,00442145,아바코,A083930
1955,00113225,대한제강,A084010
1956,00228059,휴온스글로벌,A084110
1957,00540784,골든브릿지더블유엠경매부동산일호투자회사,A084160
1958,00243979,수성샐바시온,A084180
1959,00538497,동북아15호선박투자회사,A084240
1960,00531014,유진테크,A084370
1961,00531078,유비온,A084440
1962,00446831,세실,A084450
1963,00545114,랩지노믹스,A084650
1964,00540641,동양고속,A084670
1965,00540605,이월드,A084680
1966,00539274,대상홀딩스,A084690
1967,00438036,팅크웨어,A084730
1968,00507257,아이알디,A084810
1969,00579980,아이티엠반도체,A084850
1970,00409672,티비에이치글로벌,A084870
1971,00359395,헬릭스미스,A084990
1972,00172228,엔케이,A085310
1973,00549925,루트로닉,A085370
1974,00543073,굿앤리치부동산공경매투자회사1호,A085450
1975,00112332,미래에셋생명,A085620
1976,00525679,차바이오텍,A085660
1977,00493510,뉴프렉스,A085670
1978,00540021,모빌탑,A085680
1979,00364254,알티캐스트,A085810
1980,00447928,네오티스,A085910
1981,00461690,세화피앤씨,A085980
1982,00480905,영찬테크,A085990
1983,00447502,바이오톡스텍,A086040
1984,00491053,진바이오텍,A086060
1985,00364111,다이노나,A086080
1986,00413824,제이앤유글로벌,A086200
1987,00523176,비엘헬스케어,A086220
1988,00166333,화신테크,A086250
1989,00360595,현대글로비스,A086280
1990,00540447,유니테스트,A086390
1991,00114808,동국제약,A086450
1992,00548519,큐러블,A086460
1993,00536541,에코프로,A086520
1994,00524786,비엠티,A086670
1995,00132202,선진뷰티사이언스,A086710
1996,00543523,코크렙제7호위탁관리부동산투자회사,A086720
1997,00547583,하나금융지주,A086790
1998,00560982,바이오솔루션,A086820
1999,00317830,신양오라컴디스플레이,A086830
2000,00526872,이수앱지스,A086890
2001,00580199,메디톡스,A086900
2002,00445841,MDS테크,A086960
2003,00303794,쇼박스,A086980
2004,00415868,펩트론,A087010
2005,00454265,스틸플라워,A087220
2006,00556615,모바일어플라이언스,A087260
2007,00495086,픽셀플러스,A087600
2008,00496225,이엠네트웍스,A087730
2009,00548865,동북아21호선박투자회사,A088010
2010,00540304,네이쳐글로벌,A088020
2011,00489243,동아엘텍,A088130
2012,00544452,이리츠코크렙,A088260
2013,00409140,이원컴포텍,A088290
2014,00113058,한화생명,A088350
2015,00494476,이녹스,A088390
2016,00554468,굿앤리치부동산공경매투자회사2호,A088510
2017,00450214,마이스코,A088700
2018,00557933,진도,A088790
2019,00556907,에이스테크,A088800
2020,00560991,맥스브로,A088810
2021,00228712,동우팜투테이블,A088910
2022,00355821,씨티엘테크,A088960
2023,00435297,맥쿼리인프라,A088980
2024,00371485,켐트로닉스,A089010
2025,00535676,테크윙,A089030
2026,00416414,넥스턴바이오,A089140
2027,00441447,케이씨티,A089150
2028,00557067,동북아27호선박투자회사,A089170
2029,00557058,동북아28호선박투자회사,A089180
2030,00557049,동북아29호선박투자회사,A089190
2031,00557030,동북아30호선박투자회사,A089200
2032,00519252,THE E&M,A089230
2033,00535588,네오세미테크,A089240
2034,00357935,HDC현대EP,A089470
2035,00220181,평산,A089480
2036,00458562,에이티세미콘,A089530
2037,00555874,제주항공,A089590
2038,00486097,나스미디어,A089600
2039,00365457,제이티,A089790
2040,00592653,유비벨록스,A089850
2041,00545716,롯데렌탈,A089860
2042,00365934,코세스,A089890
2043,00544577,에이피티씨,A089970
2044,00181299,상아프론테크,A089980
2045,00573579,평화산업,A090080
2046,00581000,디앤샵,A090090
2047,00491336,잘만테크,A090120
2048,00365624,아이윈,A090150
2049,00583442,노루페인트,A090350
2050,00536523,로보스타,A090360
2051,00442835,메타랩스,A090370
2052,00454937,덕신하우징,A090410
2053,00583424,아모레퍼시픽,A090430
2054,00447609,비에이치,A090460
2055,00493185,제이스텍,A090470
2056,00560025,코크렙제8호위탁관리부동산투자회사,A090540
2057,00540429,휴림로봇,A090710
2058,00163789,심팩메탈,A090730
2059,00495554,연이비앤티,A090740
2060,00656951,현대이지웰,A090850
2061,00580603,코리아퍼시픽01호선박투자회사,A090970
2062,00580612,코리아퍼시픽02호선박투자회사,A090980
2063,00580621,코리아퍼시픽03호선박투자회사,A090990
2064,00580630,코리아퍼시픽04호선박투자회사,A091000
2065,00585219,세원이앤씨,A091090
2066,00541163,이엠텍,A091120
2067,00612115,유디피,A091270
2068,00580667,S&K폴리텍,A091340
2069,00560122,텔레필드,A091440
2070,00480783,상신이디피,A091580
2071,00108001,남화토건,A091590
2072,00543231,디지텍시스템스,A091690
2073,00490151,파트론,A091700
2074,00671376,티웨이항공,A091810
2075,00542074,나노캠텍,A091970
2076,00554024,셀트리온헬스케어,A091990
2077,00545734,아미코젠,A092040
2078,00569691,디엔에프,A092070
2079,00634728,이크레더블,A092130
2080,00488402,서울바이오시스,A092190
2081,00112165,디아이씨,A092200
2082,00589127,KEC,A092220
2083,00587466,KPX홀딩스,A092230
2084,00367455,현우산업,A092300
2085,00106614,기신정기,A092440
2086,00528515,한라IMS,A092460
2087,00578325,럭스피아,A092590
2088,00537337,앤씨앤,A092600
2089,00587101,바다로3호선박투자회사,A092630
2090,00551920,네오팜,A092730
2091,00117726,동양피스톤,A092780
2092,00611736,엑시콘,A092870
2093,00586652,거북선1호선박투자회사,A092970
2094,00593032,LF,A093050
2095,00478900,빅솔론,A093190
2096,00480950,이아이디,A093230
2097,00441243,형지엘리트,A093240
2098,00603348,케이아이엔엑스,A093320
2099,00595191,후성,A093370
2100,00155373,풍강,A093380
2101,00592583,코리아퍼시픽05호선박투자회사,A093400
2102,00592592,코리아퍼시픽06호선박투자회사,A093410
2103,00521433,엔지브이아이,A093510
2104,00596677,매커스,A093520
2105,00536888,다믈멀티미디어,A093640
2106,00593519,동북아31호선박투자회사,A093730
2107,00596066,한국베트남15-1유전해외자원개발투자회사,A093820
2108,00445799,서원인텍,A093920
2109,00695969,동운아나텍,A094170
2110,00379016,이엘케이,A094190
2111,00414850,효성 ITX,A094280
2112,00579971,칩스앤미디어,A094360
2113,00587457,갤럭시아머니트리,A094480
2114,00597764,미래에셋맵스오퍼튜니티베트남주식혼합형투자회사1호,A094520
2115,00530796,미성포리테크,A094700
2116,00600013,맵스리얼티1,A094800
2117,00485177,일진파워,A094820
2118,00599957,슈프리마에이치큐,A094840
2119,00606770,참좋은여행,A094850
2120,00599106,네오리진,A094860
2121,00537832,푸른기술,A094940
2122,00617299,GB블루오션베트남주식혼합형투자회사1호,A094950
2123,00533508,제이엠티,A094970
2124,00526951,이엠코리아,A095190
2125,00526696,웨이브일렉트로,A095270
2126,00447478,엔에스브이,A095300
2127,00572905,ISC,A095340
2128,00526836,미래나노텍,A095500
2129,00365387,AJ네트웍스,A095570
2130,00524421,테스,A095610
2131,00628860,네오위즈,A095660
2132,00545929,제넥신,A095700
2133,00628189,웅진씽크빅,A095720
2134,00585538,에스에너지,A095910
2135,00480756,이트론,A096040
2136,00525882,크레버스,A096240
2137,00626710,베트남개발1,A096300
2138,00177870,대창솔루션,A096350
2139,00788773,씨젠,A096530
2140,00516246,알에프세미,A096610
2141,00573269,에스코넥,A096630
2142,00609315,멜파스,A096640
2143,00608839,에이루트,A096690
2144,00632304,JW홀딩스,A096760
2145,00631518,SK이노베이션,A096770
2146,00540571,엘디티,A096870
2147,00633835,HJ중공업,A097230
2148,00564562,엠씨넥스,A097520
2149,00562360,에스맥,A097780
2150,00536286,윈팩,A097800
2151,00367385,효성오앤비,A097870
2152,00635134,CJ제일제당,A097950
2153,00568188,마이크로컨텍솔,A098120
2154,00634959,한국월드와이드아시아태평양특별자산1호투자회사,A098150
2155,00595243,엔스퍼트,A098400
2156,00579999,고영,A098460
2157,00612188,에스티오,A098660
2158,00550994,아이센스,A099190
2159,00637114,코리아퍼시픽07호선박투자회사,A099210
2160,00574611,SDN,A099220
2161,00449254,쎄트렉아이,A099320
2162,00647883,하나유비에스암바토비니켈해외자원개발1호,A099340
2163,00647935,하나유비에스암바토비니켈해외자원개발2호,A099350
2164,00642897,브레인즈컴퍼니,A099390
2165,00526678,동방선기,A099410
2166,00636656,바이오플러스,A099430
2167,00580056,스맥,A099440
2168,00627029,ITX-AI,A099520
2169,00599887,신텍,A099660
2170,00490090,이지케어텍,A099750
2171,00232496,씨그널엔터테인먼트그룹,A099830
2172,00641171,인지소프트,A100030
2173,00480367,삼강엠앤티,A100090
2174,00609324,뷰웍스,A100120
2175,00415594,동국S&C,A100130
2176,00520887,비상교육,A100220
2177,00646732,진양홀딩스,A100250
2178,00364740,머큐리,A100590
2179,00166528,서암기계공업,A100660
2180,00362201,세운메디칼,A100700
2181,00340096,미래에셋벤처투자,A100790
2182,00648721,SNT에너지,A100840
2183,00618410,상상인인더스트리,A101000
2184,00650629,SBS미디어홀딩스,A101060
2185,00652423,인바이오젠,A101140
2186,00580065,월덱스,A101160
2187,00567222,우림피티에스,A101170
2188,00520610,씨큐브,A101240
2189,00498001,모베이스,A101330
2190,00619640,이엔드디,A101360
2191,00648688,거북선2호선박투자회사,A101380
2192,00609634,아이엠,A101390
2193,00641393,엔시트론,A101400
2194,00411048,에스앤에스텍,A101490
2195,00428321,해태제과식품,A101530
2196,00527491,하이드로리튬,A101670
2197,00257732,한국정밀기계,A101680
2198,00643656,위메이드맥스,A101730
2199,00647917,케이알제2호개발전문위탁관리부동산투자회사,A101790
2200,00482426,인화정공,A101930
2201,00450931,우양에이치씨,A101970
2202,00679730,파브코,A101990
2203,00648697,거북선3호선박투자회사,A102000
2204,00591441,어보브반도체,A102120
2205,00299358,에이치디,A102210
2206,00679314,동성케미컬,A102260
2207,00681142,쌍방울,A102280
2208,00668600,케이옥션,A102370
2209,00145598,이연제약,A102460
2210,00530185,이엔에프테크놀로지,A102710
2211,00525642,코오롱생명과학,A102940
2212,00677334,아하,A102950
2213,00609485,웅진에너지,A103130
2214,00684714,풍산,A103140
2215,00684547,하이트맥주,A103150
2216,00684732,풀무원식품,A103160
2217,00137012,에스앤더블류,A103230
2218,00683469,일진전기,A103590
2219,00678281,에이치앤아이,A103650
2220,00762377,씨앗,A103660
2221,00486875,우양,A103840
2222,00442905,대성파인텍,A104040
2223,00686068,신성이엔지,A104110
2224,00686147,신성에프에이,A104120
2225,00645089,NHN벅스,A104200
2226,00602136,디와이피엔에프,A104460
2227,00693554,티케이케미칼,A104480
2228,00541437,코렌텍,A104540
2229,00632845,노랑풍선,A104620
2230,00687711,한국철강,A104700
2231,00623661,원익머트리얼즈,A104830
2232,00579379,금강제강,A105070
2233,00606664,케이엔더블유,A105330
2234,00686970,다산자기관리부동산투자회사,A105380
2235,00766106,트루윈,A105550
2236,00688996,KB금융,A105560
2237,00728638,한세실업,A105630
2238,00533003,디케이락,A105740
2239,00173944,우진,A105840
2240,00542898,하이소닉,A106080
2241,00409964,하이텍팜,A106190
2242,00755739,파인테크닉스,A106240
2243,00536329,노블엠앤비,A106520
2244,00706715,미원홀딩스,A107590
2245,00862880,새빗켐,A107600
2246,00474588,한중엔시에스,A107640
2247,00721981,삼성디지털이미징,A108070
2248,00531917,톱텍,A108230
2249,00525934,LX세미콘,A108320
2250,00111193,대양전기공업,A108380
2251,00946030,로보티즈,A108490
2252,00759513,LX하우시스,A108670
2253,00598587,인터파크,A108790
2254,00666064,셀바스AI,A108860
2255,00697329,거북선4호선박투자회사,A108890
2256,00753643,컨버즈,A109070
2257,00660291,옵티시스,A109080
2258,00535481,에스와이,A109610
2259,00530121,디에스케이,A109740
2260,00552992,진매트릭스,A109820
2261,00118284,동일금속,A109860
2262,00653194,에이프로젠 H&G,A109960
2263,00632793,전진바이오팜,A110020
2264,00676380,모린스,A110310
2265,00653990,유니드코리아,A110500
2266,00636045,넥솔론,A110570
2267,00555740,툴코리아,A110660
2268,00522007,크리스에프앤씨,A110790
2269,00576798,디아이티,A110990
2270,00226316,호전실업,A111110
2271,00609254,세왕,A111610
2272,00245694,남화산업,A111710
2273,00776820,영원무역,A111770
2274,00689418,지유온,A111820
2275,00125965,KH 전자,A111870
2276,00444329,위메이드,A112040
2277,00366517,KC산업,A112190
2278,00450339,에스에프씨,A112240
2279,00619507,영창케미칼,A112290
2280,00670340,씨에스윈드,A112610
2281,00576789,디젠스,A113810
2282,00557508,GKL,A114090
2283,00618401,크루셜텍,A114120
2284,00778040,거북선5호선박투자회사,A114130
2285,00778059,거북선6호선박투자회사,A114140
2286,00100601,강원에너지,A114190
2287,00359641,현대푸드시스템,A114410
2288,00532059,KPX생명과학,A114450
2289,00673976,지스마트글로벌,A114570
2290,00663669,폴라리스우노,A114630
2291,00625942,한솔아이원스,A114810
2292,00692254,아이패밀리에스씨,A114840
2293,00414540,대주이엔티,A114920
2294,00787057,휴맥스,A115160
2295,01042650,큐리언트,A115180
2296,00491415,인포바인,A115310
2297,00561866,락앤락,A115390
2298,00664048,우리넷,A115440
2299,00552859,HLB테라퓨틱스,A115450
2300,00681249,씨유메디칼,A115480
2301,00441650,케이씨에스,A115500
2302,00660033,씨엔플러스,A115530
2303,00405959,스타플렉스,A115570
2304,00694942,이미지스,A115610
2305,00372253,연우,A115960
2306,00442631,태양기계,A116100
2307,00787376,대성에너지,A117580
2308,00605124,알파홀딩스,A117670
2309,00867098,티로보틱스,A117730
2310,00790501,한진해운,A117930
2311,00791209,초록뱀헬스케어,A118000
2312,00876908,모트렉스,A118990
2313,00693800,에프지엔개발전문자기관리부동산투자회사,A119250
2314,00188797,포메탈,A119500
2315,00604426,인터로조,A119610
2316,00797364,KC코트렐,A119650
2317,00626011,아이텍,A119830
2318,00626464,지엔씨에너지,A119850
2319,00585608,커넥트웨이브,A119860
2320,00796994,조선선재,A120030
2321,00795135,코오롱인더,A120110
2322,00250997,대정화금,A120240
2323,00673301,전우정밀,A120780
2324,00445869,유니포인트,A121060
2325,00674498,골프존뉴딘홀딩스,A121440
2326,00788807,코크렙제15호기업구조조정부동산투자회사,A121550
2327,00439965,나노신소재,A121600
2328,00693651,비덴트,A121800
2329,00807397,코이즈,A121850
2330,00604815,에스디시스템,A121890
2331,00797674,대우증권그린코리아기업인수목적회사,A121910
2332,00798284,미래에셋제1호기업인수목적,A121950
2333,01181940,아이엘사이언스,A122050
2334,00798530,동양밸류오션기업인수목적,A122290
2335,00799539,제노레이,A122310
2336,00799177,삼기,A122350
2337,00657987,KX,A122450
2338,00530556,예스티,A122640
2339,00800145,서진오토모티브,A122690
2340,00803504,우리기업인수목적1호,A122750
2341,00527880,썬테크놀로지스,A122800
2342,00337296,원포유,A122830
2343,00613318,와이지엔터테인먼트,A122870
2344,00360142,아이마켓코리아,A122900
2345,00759294,와이솔,A122990
2346,00615723,아이윈플러스,A123010
2347,00259545,엠에스오토텍,A123040
2348,00569992,원익테라세미콘,A123100
2349,00804983,히든챔피언제1호기업인수목적,A123160
2350,00671437,파인넥스,A123260
2351,00802028,한국투자신성장1호기업인수목적회사,A123290
2352,00808262,부국퓨쳐스타즈기업인수목적,A123300
2353,00624998,제닉,A123330
2354,00803425,코리아에프티,A123410
2355,00815767,위메이드플레이,A123420
2356,00804114,대신증권그로쓰알파기업인수목적,A123550
2357,00616290,이엠넷,A123570
2358,00823429,한국화장품,A123690
2359,00815369,에스제이엠,A123700
2360,00821607,알톤스포츠,A123750
2361,00809429,한일진공,A123840
2362,00761952,아나패스,A123860
2363,00404701,한국자산신탁,A123890
2364,00812229,에스비아이앤솔로몬드림기업인수목적,A123910
2365,00808226,한화에스브이명장제1호기업인수목적,A124050
2366,00620868,아이티센,A124500
2367,00562245,태웅로직스,A124560
2368,00611912,아모그린텍,A125210
2369,00563518,비나텍,A126340
2370,00403632,현대퓨처넷,A126560
2371,00599595,BGF에코머티리얼즈,A126600
2372,00825223,화신정공,A126640
2373,00824659,아이비케이에스스마트에스엠이기업인수목적1호,A126680
2374,00825959,하이비젼시스템,A126700
2375,00193328,수산인더스트리,A126720
2376,00638539,뉴로스,A126870
2377,00442154,제이엔케이히터,A126880
2378,00642541,디엔에이링크,A127120
2379,00806972,매직마이크로,A127160
2380,00665676,아시아경제,A127710
2381,00870481,에코캡,A128540
2382,00829380,피제이메탈,A128660
2383,00828789,대성산업,A128820
2384,00828309,동부티에스블랙펄기업인수목적,A128910
2385,00828497,한미약품,A128940
2386,00151368,인터지스,A129260
2387,01207716,앱코,A129890
2388,00577335,대성하이텍,A129920
2389,00491938,GH신소재,A130500
2390,00606293,나이스디앤비,A130580
2391,00194947,한전산업,A130660
2392,00578538,티피씨글로벌,A130740
2393,00838421,씨제이이앤엠,A130960
2394,00831428,옵투스제약,A131030
2395,00402110,시큐브,A131090
2396,00814786,초록뱀이앤엠,A131100
2397,00629212,딜리,A131180
2398,00608316,대한과학,A131220
2399,00372226,티에스이,A131290
2400,00838962,알서포트,A131370
2401,00785475,원익피앤이,A131390
2402,00533924,이브이첨단소재,A131400
2403,00820352,파인텍,A131760
2404,00563545,두산테스나,A131970
2405,00807555,메가엠디,A133750
2406,00661847,화인베스틸,A133820
2407,00837680,거북선7호선박투자회사,A134000
2408,00788737,이퓨쳐,A134060
2409,00855163,미원화학,A134380
2410,00608699,탑코미디어,A134580
2411,00238977,에스엠화진,A134780
2412,00852087,시디즈,A134790
2413,00657756,무송지오씨,A135160
2414,00619020,세종머티리얼즈,A135270
2415,00922304,아셈스,A136410
2416,00857727,하림,A136480
2417,00855093,선진,A136490
2418,00763358,스마트솔루션즈,A136510
2419,00868705,윈스,A136540
2420,00816696,큐엠씨,A136660
2421,00362122,나래나노텍,A137080
2422,00854997,에스디바이오센서,A137310
2423,00612294,피엔티,A137400
2424,00614593,넥스트아이,A137940
2425,00664853,제이씨케미칼,A137950
2426,00860332,메리츠금융지주,A138040
2427,00577380,신진에스엠,A138070
2428,00571483,오이솔루션,A138080
2429,00406392,엔에스쇼핑,A138250
2430,00890388,지성이씨에스,A138290
2431,00808068,협진,A138360
2432,00846396,이코리아자기관리부동산투자회사,A138440
2433,00241005,코오롱플라스틱,A138490
2434,01014657,비즈니스온,A138580
2435,00767628,나이벡,A138610
2436,00670085,엘아이에스,A138690
2437,00858364,BNK금융지주,A138930
2438,00656021,시티랩스,A139050
2439,00878915,DGB금융지주,A139130
2440,00842479,퓨얼셀파워,A139170
2441,00855145,하이골드오션2호선박투자회사,A139200
2442,00872984,이마트,A139480
2443,00535375,키네마스터,A139670
2444,00486705,아주스틸,A139990
2445,00599285,서플러스글로벌,A140070
2446,00599489,청광건설,A140290
2447,00808022,메지온,A140410
2448,00112721,대창스틸,A140520
2449,01018802,엔솔바이오사이언스,A140610
2450,00663289,위월드,A140660
2451,00858124,알에스오토메이션,A140670
2452,00244747,파크시스템스,A140860
2453,00865382,트러스와이제7호위탁관리부동산투자회사,A140890
2454,00860730,에이리츠,A140910
2455,00610083,비아트론,A141000
2456,00812362,디에스앤엘,A141020
2457,00678096,맥스로텍,A141070
2458,00842619,레고켐바이오,A141080
2459,00879020,유니트론텍,A142210
2460,00513948,녹십자엠에스,A142280
2461,00587925,비엘,A142760
2462,00883980,아이디스,A143160
2463,00119140,핸즈코퍼레이션,A143210
2464,00857480,사람인에이치알,A143240
2465,00569646,영우디에스피,A143540
2466,01010642,지씨셀,A144510
2467,00652159,코오롱머티리얼,A144620
2468,00822572,씨아이에스,A144630
2469,00835734,피엠디아카데미,A144740
2470,00521390,뉴파워프라즈마,A144960
2471,00888347,휴젤,A145020
2472,00453488,다이나믹디자인,A145210
2473,00861076,케이탑리츠,A145270
2474,00526599,덴티움,A145720
2475,00896285,삼양사,A145990
2476,01301623,비씨엔씨,A146320
2477,00654175,마이크로프랜드,A147760
2478,00899556,제룡산업,A147830
2479,00610490,비디아이,A148140
2480,00913689,세경하이테크,A148150
2481,00915508,알엔투테크놀로지,A148250
2482,00980043,비플라이소프트,A148780
2483,00885906,에이치와이티씨,A148930
2484,00861100,아이케이세미콘,A149010
2485,00890333,케이비부국제1호개발전문위탁관리부동산투자회사,A149130
2486,00578130,아퓨어스,A149300
2487,00757816,모다,A149940
2488,00442048,아바텍,A149950
2489,00977641,하이로닉,A149980
2490,00990262,피노텍,A150440
2491,00661157,인트로메딕,A150840
2492,00638487,파수,A150900
2493,00665630,테라텍,A151750
2494,00366137,KG ETS,A151860
2495,00653103,SBW생명과학,A151910
2496,00351418,코리아오토글라스,A152330
2497,00907013,한국ANKOR유전,A152550
2498,00905316,하이골드오션3호선박투자회사,A153360
2499,00842585,네이블커뮤니케이션즈,A153460
2500,00815095,우리이앤엘,A153490
2501,00971726,옵티팜,A153710
2502,00867478,아시아종묘,A154030
2503,00624518,솔루에타,A154040
2504,00870861,와이엠씨,A155650
2505,00110608,DSR,A155660
2506,00910947,바다로19호,A155900
2507,00676122,지디,A155960
2508,00918222,엘앤케이바이오,A156100
2509,00974459,비앤에스미디어,A156170
2510,00563147,에스에이티,A158300
2511,00923899,참존글로벌,A158310
2512,00125628,삼목강업,A158380
2513,00595182,아톤,A158430
2514,00561732,아스플로,A159010
2515,00563837,제로투세븐,A159580
2516,00930321,하이골드오션8호국제선박투자회사,A159650
2517,00896753,스킨앤스킨,A159910
2518,00350491,웹솔루스,A160350
2519,00974927,NEW,A160550
2520,00818472,이큐셀,A160600
2521,00659161,싸이맥스,A160980
2522,00936787,애경케미칼,A161000
2523,00937324,한국타이어앤테크놀로지,A161390
2524,00945208,THE MIDONG,A161570
2525,00938721,필옵틱스,A161580
2526,00939331,한국콜마,A161890
2527,00886792,루켄테크놀러지스,A162120
2528,00958664,신스틸,A162300
2529,01072518,디피코,A163430
2530,00939687,동일고무벨트,A163560
2531,01142075,핑거,A163730
2532,01142400,이루다,A164060
2533,00659815,금오하이텍,A165270
2534,00660750,하나머티리얼즈,A166090
2535,00989664,코아스템켐온,A166480
2536,00925453,나무기술,A167380
2537,00923792,내츄럴엔도텍,A168330
2538,00957373,펨트론,A168360
2539,00960641,한국패러랠,A168490
2540,00877174,엠브레인,A169330
2541,00610861,코스텍시스템,A169670
2542,00164502,현대공업,A170030
2543,00492353,파이오링크,A170790
2544,00956930,동아에스티,A170900
2545,00866062,엘티씨,A170920
2546,00654272,램테크놀러지,A171010
2547,00327819,선익시스템,A171090
2548,00317104,라이온켐텍,A171120
2549,00954242,하이골드오션12호국제선박투자회사,A172580
2550,00867849,오파스넷,A173130
2551,00925295,에프엔씨엔터,A173940
2552,00659684,장원테크,A174880
2553,00991191,앱클론,A174900
2554,00861997,인포마크,A175140
2555,00554352,아이큐어,A175250
2556,00980122,JB금융지주,A175330
2557,00872452,미래오토스,A176440
2558,00580180,포인트엔지니어링,A176560
2559,00666329,코나솔,A176590
2560,00867034,듀켐바이오,A176750
2561,00813389,베셀,A177350
2562,00429694,파버나인,A177830
2563,00838005,서진시스템,A178320
2564,00910202,대동고려삼,A178600
2565,00923826,유테크,A178780
2566,00767460,PI첨단소재,A178920
2567,00970277,스탠다드펌,A179280
2568,00531829,엠아이텍,A179290
2569,00872850,비지스틸,A179440
2570,01022902,애드바이오텍,A179530
2571,00978075,렌딩머신,A179720
2572,00961774,유티아이,A179900
2573,00874937,탑선,A180060
2574,00995993,디엑스앤브이엑스,A180400
2575,00983040,한진칼,A180640
2576,00861720,이즈미디어,A181340
2577,00983271,엔에이치엔,A181710
2578,00810531,자원메디칼,A181980
2579,00985686,큐브엔터,A182360
2580,00977650,엔케이맥스,A182400
2581,00411905,테라셈,A182690
2582,00990165,아세아시멘트,A183190
2583,00997812,코미코,A183300
2584,00989327,엘피케이로보틱스,A183350
2585,00764807,골프존데카,A183410
2586,00606886,엔지켐생명과학,A183490
2587,00988364,SGA솔루션즈,A184230
2588,00830447,수프로,A185190
2589,00893923,이푸른,A185280
2590,00945457,아이진,A185490
2591,00992871,종근당,A185750
2592,00602279,그린플러스,A186230
2593,00675594,디티앤씨,A187220
2594,00925189,신화콘텍,A187270
2595,00983916,제노포커스,A187420
2596,01409022,에이디엠코리아,A187660
2597,00991012,판타지오,A187770
2598,00994994,나노,A187790
2599,00624509,디바이스이엔지,A187870
2600,00664181,인텔리안테크,A189300
2601,00991298,씨이랩,A189330
2602,00965062,코셋,A189350
2603,00961136,씨티네트웍스,A189540
2604,00939942,포시에스,A189690
2605,00632331,디피앤케이,A189700
2606,00869272,서전기전,A189860
2607,00916516,흥국에프엔비,A189980
2608,00819374,나무가,A190510
2609,00304915,코리아에셋투자증권,A190650
2610,00843900,육일씨엔에쓰,A191410
2611,00926522,테고사이언스,A191420
2612,00611286,블루탑,A191600
2613,01010110,더블유게임즈,A192080
2614,00967778,나이코,A192240
2615,01003040,케이사인,A192250
2616,00910840,윈하이텍,A192390
2617,00132354,쿠쿠홀딩스,A192400
2618,00623184,휴림네트웍스,A192410
2619,00917861,슈피겐코리아,A192440
2620,01030132,경남은행,A192520
2621,01028164,광주은행,A192530
2622,00415646,드림텍,A192650
2623,01009789,코스맥스,A192820
2624,01035678,와이제이엠게임즈,A193250
2625,00332927,제이에스코퍼레이션,A194370
2626,01008762,데브시스터즈,A194480
2627,00977696,넥스쳐,A194510
2628,01011562,우성아이비,A194610
2629,00811372,노바렉스,A194700
2630,00992312,에스와이이노베이션,A194860
2631,01113949,퓨전,A195440
2632,00770312,마니커에프앤지,A195500
2633,01032413,해성디에스,A195870
2634,01012066,HK이노엔,A195940
2635,00620558,에이비프로바이오,A195990
2636,00989619,알테오젠,A196170
2637,00808086,애니젠,A196300
2638,01031502,코아시아옵틱스,A196450
2639,00660121,디에이테크놀로지,A196490
2640,00864338,웹스,A196700
2641,00681373,디지캡,A197140
2642,00601641,리드,A197210
2643,00876643,엔피디,A198080
2644,01032583,고려시멘트,A198440
2645,00156600,한주라이트메탈,A198940
2646,00553025,데이터스트림즈,A199150
2647,00669450,바이오프로테크,A199290
2648,00547510,툴젠,A199800
2649,00148470,제일전기공업,A199820
2650,00929778,세기리텍,A199870
2651,01032404,콜마비앤에이치,A200130
2652,00608802,텔콘RF제약,A200230
2653,00990819,래몽래인,A200350
2654,00667425,에이팩트,A200470
2655,01018617,메디쎄이,A200580
2656,00614478,휴메딕스,A200670
2657,00657002,에이디테크놀로지,A200710
2658,00256043,비씨월드제약,A200780
2659,01036446,서연이화,A200880
2660,00965813,미투온,A201490
2661,00541862,판도라티비,A202960
2662,00977377,에이비온,A203400
2663,00408266,유니온커뮤니티,A203450
2664,01038693,드림시큐리티,A203650
2665,01036367,프로스테믹스,A203690
2666,00671978,그리티,A204020
2667,01035289,모두투어리츠,A204210
2668,00447575,제이앤티씨,A204270
2669,01042775,HL만도,A204320
2670,01038161,대우기업인수목적2호,A204440
2671,00609661,티쓰리,A204610
2672,01042711,글로벌텍스프리,A204620
2673,01046203,스튜디오산타클로스,A204630
2674,01043871,케이티비기업인수목적1호,A204650
2675,00410678,다린,A204690
2676,01041217,현대에이블기업인수목적1호,A204760
2677,01042359,지엘팜텍,A204840
2678,00874195,코썬바이오,A204990
2679,01042085,엑셈,A205100
2680,01086812,케미메디,A205290
2681,01042979,휴마시스,A205470
2682,01042429,액션스퀘어,A205500
2683,01043853,베노홀딩스,A206400
2684,01021949,덱스터,A206560
2685,01046708,바디텍메드,A206640
2686,00927558,유바이오로직스,A206650
2687,01046179,골든브릿지제2호기업인수목적,A206660
2688,00756163,볼빅,A206950
2689,00959265,디와이엘엔제이,A207230
2690,00832700,에이펙스인텍,A207490
2691,01047567,엔에이치에스엘기업인수목적,A207720
2692,01047840,미스터블루,A207760
2693,01047929,에스케이제1호기업인수목적,A207930
2694,00877059,삼성바이오로직스,A207940
2695,01047415,정다운,A208140
2696,00972293,파멥신,A208340
2697,01047169,지란지교시큐리티,A208350
2698,01047451,셀바스헬스케어,A208370
2699,01049422,썸에이지,A208640
2700,01047707,바이오로그디바이스,A208710
2701,01116344,이비테크,A208850
2702,01084364,엔지스테크널러지,A208860
2703,01047716,하나머스트3호기업인수목적,A208870
2704,00876209,미래엔에듀파트너,A208890
2705,00550082,빅텐츠,A210120
2706,01059605,디와이파워,A210540
2707,00656340,소프트캠프,A210610
2708,00508344,SK디앤디,A210980
2709,01013694,인카금융서비스,A211050
2710,00874803,AP위성,A211270
2711,01085442,휴벡셀,A212310
2712,00876865,네오오토,A212560
2713,01015726,미래테크놀로지,A213090
2714,01061558,덕산네오룩스,A213420
2715,01060744,한솔제지,A213500
2716,01061327,클래시스,A214150
2717,01013311,헥토이노베이션,A214180
2718,01058101,라파스,A214260
2719,01061497,FSN,A214270
2720,00957568,에스엘바이오닉스,A214310
2721,00565154,이노션,A214320
2722,00105606,금호에이치티,A214330
2723,00549891,케어젠,A214370
2724,00101664,경보제약,A214390
2725,00816544,토니모리,A214420
2726,00612489,아이쓰리시스템,A214430
2727,00970453,파마리서치,A214450
2728,01049167,미코바이오메드,A214610
2729,01062867,디알텍,A214680
2730,00820389,뉴지랩파마,A214870
2731,01067516,골프존,A215000
2732,01055317,비엔디생활건강,A215050
2733,01063884,휴센텍,A215090
2734,01063990,로보로보,A215100
2735,01074862,메가스터디교육,A215200
2736,01077577,우리산업,A215360
2737,01065013,우정바이오,A215380
2738,01064069,토박스코리아,A215480
2739,01034730,크로넥스,A215570
2740,01064315,대우기업인수목적3호,A215580
2741,00919966,신라젠,A215600
2742,01065536,미래에셋제3호기업인수목적,A215750
2743,01065679,이노인스트루먼트,A215790
2744,00819073,인크로스,A216050
2745,01222867,제테마,A216080
2746,00311270,원텍,A216280
2747,00537221,인바이츠바이오코아,A216400
2748,00666204,제너셈,A217190
2749,01067808,넵튠,A217270
2750,00963000,썬테크,A217320
2751,01046391,싸이토젠,A217330
2752,01099667,에스디생명공학,A217480
2753,01068348,러셀,A217500
2754,01070857,켐온,A217600
2755,01068658,디딤이앤에프,A217620
2756,01025644,강스템바이오텍,A217730
2757,01072660,엔에이치기업인수목적7호,A217810
2758,01020843,원익피앤이,A217820
2759,00976615,틸론,A217880
2760,01139497,에스제이켐,A217910
2761,01066058,파마리서치바이오,A217950
2762,01071944,미래생명자원,A218150
2763,01078178,RFHIC,A218410
2764,01075047,키움제3호기업인수목적,A218710
2765,00617314,타이거일렉,A219130
2766,01109955,링크제니시스,A219420
2767,01089378,디와이디,A219550
2768,01080410,골든브릿지제3호기업인수목적,A219580
2769,01031229,지티지웰니스,A219750
2770,01087079,한화에이스기업인수목적2호,A219860
2771,01089387,유안타제2호기업인수목적,A219960
2772,01053540,퓨쳐켐,A220100
2773,01066030,드림티엔터테인먼트,A220110
2774,00793155,핸디소프트,A220180
2775,00843830,카이노스메드,A220250
2776,01089350,켐트로스,A220260
2777,01089855,맘스터치앤컴퍼니,A220630
2778,01089828,유진기업인수목적3호,A221200
2779,00493431,자안바이오,A221610
2780,01076550,주노콜렉션,A221670
2781,01026616,유투바이오,A221800
2782,00688358,하이즈항공,A221840
2783,01089961,케이비드림투게더제3호기업인수목적,A221950
2784,00370918,케이디켐,A221980
2785,00656289,코스맥스엔비티,A222040
2786,01090471,씨아이에스,A222080
2787,00962922,팬젠,A222110
2788,01037542,바이옵트로,A222160
2789,01090301,케이비제8호기업인수목적,A222390
2790,01091054,쎄노텍,A222420
2791,01022054,솔트웍스,A222520
2792,01063237,플럼라인생명과학,A222670
2793,01095722,심텍,A222800
2794,01091382,세토피아,A222810
2795,00579139,한국맥널티,A222980
2796,01091391,교보5호기업인수목적,A223040
2797,01060735,로지스몬,A223220
2798,00916826,드림씨아이에스,A223250
2799,01075126,커머스마이너,A223310
2800,00878517,에스케이씨에스,A224020
2801,00530413,더코디,A224060
2802,00659435,정다운,A224090
2803,01099861,에이텍티앤,A224110
2804,00929228,엔에스컴퍼니,A224760
2805,00607797,엄지하우스,A224810
2806,01137897,에스지에이클라우드서비스,A224880
2807,00992543,삼양옵틱스,A225190
2808,01062177,제놀루션,A225220
2809,00914040,씨엠에스에듀,A225330
2810,01095704,케이엠제약,A225430
2811,01094565,이베스트기업인수목적3호,A225440
2812,00568461,보광산업,A225530
2813,01096341,넥슨게임즈,A225570
2814,01101041,패션플랫폼,A225590
2815,01102095,쿠첸,A225650
2816,00866594,미애부,A225850
2817,01116274,엠앤씨생명과학,A225860
2818,00911955,잇츠한불,A226320
2819,01344336,신테카바이오,A226330
2820,01098792,본느,A226340
2821,00809517,아이엠텍,A226350
2822,01097906,KH 건설,A226360
2823,01082348,오스테오닉,A226400
2824,01101722,한송네오텍,A226440
2825,01051339,한국비엔씨,A226610
2826,01102800,키움제4호기업인수목적,A226850
2827,01113718,올릭스,A226950
2828,01207761,에이치앤비디자인,A227100
2829,01109690,도부마스크,A227420
2830,01080687,아우딘퓨쳐스,A227610
2831,01108099,현대코퍼레이션홀딩스,A227840
2832,01105621,엔투텍,A227950
2833,01067242,비엘사이언스,A228180
2834,00993931,동양파일,A228340
2835,00828761,레이,A228670
2836,01108248,지노믹트리,A228760
2837,00899459,레이언스,A228850
2838,01051472,젠큐릭스,A229000
2839,01095397,줌인터넷,A229480
2840,01065785,노브메타파마,A229500
2841,01093007,LS전선아시아,A229640
2842,01108442,에치에프알,A230240
2843,01029394,에코마케팅,A230360
2844,00921475,자비스,A230400
2845,01109186,동부제4호기업인수목적,A230490
2846,01110076,에이트원,A230980
2847,01109539,와이아이케이,A232140
2848,01111020,케이비제9호기업인수목적,A232270
2849,01111057,에스지에이시스템즈,A232290
2850,01111570,에스케이제3호기업인수목적,A232330
2851,00318538,아스팩오일,A232360
2852,00925967,이엠티,A232530
2853,00911229,라온테크,A232680
2854,01113499,시큐센,A232830
2855,00653112,미래자원엠엘,A233190
2856,01035942,메디안디노스틱,A233250
2857,01063556,질경이,A233990
2858,00614089,에이원알폼,A234070
2859,00225706,JW생명과학,A234080
2860,00617998,폴라리스세원,A234100
2861,01014055,에스트래픽,A234300
2862,00763701,헥토파이낸셜,A234340
2863,01135057,녹십자웰빙,A234690
2864,01020524,자이글,A234920
2865,01117103,하이에이아이1호기업인수목적,A235010
2866,01095892,태경피엔에스,A235090
2867,01336373,메드팩토,A235980
2868,01085187,씨알푸드,A236030
2869,01124653,슈프리마,A236200
2870,01023822,메디젠휴먼케어,A236340
2871,01051065,엔비티,A236810
2872,00871833,에스티팜,A237690
2873,01090921,케이엠제약,A237720
2874,00525864,피앤씨테크,A237750
2875,00862853,플레이디,A237820
2876,00957735,클리오,A237880
2877,00942131,앤디포스,A238090
2878,01073678,얼라인드,A238120
2879,01011872,엔에스엠,A238170
2880,01109070,비피도,A238200
2881,00556712,힘스,A238490
2882,01118643,로보쓰리,A238500
2883,01128622,줌인터넷,A239340
2884,01011438,에이치엘사이언스,A239610
2885,01112889,피엔에이치테크,A239890
2886,01117592,인터코스,A240340
2887,01130937,한국제4호기업인수목적,A240540
2888,01135941,원익IPS,A240810
2889,01119387,이에스산업,A241510
2890,01109715,DSC인베스트먼트,A241520
2891,01032486,두산밥캣,A241560
2892,01128613,화승엔터프라이즈,A241590
2893,00531865,유니테크노,A241690
2894,00763473,코스메카코리아,A241710
2895,00652007,메카로,A241770
2896,01113754,오션브릿지,A241790
2897,01051092,피씨엘,A241820
2898,00975290,에이스토리,A241840
2899,01136348,나무기술,A242040
2900,00990563,피엔아이컴퍼니,A242350
2901,01119217,본느,A242420
2902,01113781,영현무역,A242850
2903,01159853,휴온스,A243070
2904,00807379,신흥에스이씨,A243840
2905,00565215,굿센,A243870
2906,01070149,올리패스,A244460
2907,01117422,나눔테크,A244880
2908,00684802,에이플러스에셋,A244920
2909,00664288,스페이스솔루션,A245030
2910,01116380,씨앤에스링크,A245450
2911,01182550,EDGC,A245620
2912,01112700,에스엘에스바이오,A246250
2913,00778235,TS인베스트먼트,A246690
2914,01109937,티앤알바이오팹,A246710
2915,01157235,아스타,A246720
2916,01115257,시냅스엠,A246830
2917,01110182,이노테라피,A246960
2918,01113277,인프라웨어테크놀러지,A247300
2919,01160363,에코프로비엠,A247540
2920,00660459,나노씨엠에스,A247660
2921,01169498,젬,A248020
2922,01159233,솔루엠,A248070
2923,01167056,샘표식품,A248170
2924,01168383,일동제약,A249420
2925,01124680,보라티알,A250000
2926,01158632,진코스텍,A250030
2927,01165155,모비스,A250060
2928,01018954,제이에스피브이,A250300
2929,01166109,예선테크,A250930
2930,01160974,바이오에프디엔씨,A251120
2931,00904672,넷마블,A251270
2932,01115044,안지오랩,A251280
2933,00602172,와이엠티,A251370
2934,01117495,에스와이제이,A251540
2935,01027794,브이원텍,A251630
2936,00814810,엠에프엠코리아,A251960
2937,00761059,펌텍코리아,A251970
2938,01063963,유쎌,A252370
2939,01169267,세화피앤씨,A252500
2940,01111765,에스엠로보틱스,A252940
2941,01199727,샘씨엔에스,A252990
2942,01168684,스튜디오드래곤,A253450
2943,01170865,네오셈,A253590
2944,01262023,루트락,A253610
2945,01063954,수젠텍,A253840
2946,01174038,자비스,A254120
2947,01366824,제이엠멀티,A254160
2948,00963976,SG,A255220
2949,00875307,야스,A255440
2950,01010572,패션플랫폼,A256090
2951,01069736,한독크린텍,A256150
2952,01179608,포인트엔지니어링,A256630
2953,01179617,한국비엔씨,A256840
2954,01037214,케이피에스,A256940
2955,01144569,명성티엔에스,A257370
2956,00982023,실리콘투,A257720
2957,01179839,신한제3호기업인수목적,A257730
2958,00425254,나우코스,A257990
2959,01246742,테크트랜스,A258050
2960,01117918,셀젠텍,A258250
2961,01109122,에스엘테라퓨틱스,A258540
2962,00961507,케일럼,A258610
2963,01182408,소프트캠프,A258790
2964,00959229,세종메디칼,A258830
2965,00833064,엠플러스,A259630
2966,00760971,크래프톤,A259960
2967,01018167,캐로스,A260490
2968,00447007,알리코제약,A260660
2969,01188730,SK시그넷,A260870
2970,01144028,씨티케이,A260930
2971,00560849,에스앤디,A260970
2972,01187494,덴티스,A261200
2973,01141599,차백신연구소,A261780
2974,00604268,에이프로,A262260
2975,01212383,엔케이맥스,A262760
2976,01194759,대신밸런스제4호기업인수목적,A262830
2977,01146822,아이퀘스트,A262840
2978,00892526,디케이앤디,A263020
2979,01110678,유틸렉스,A263050
2980,00971090,어스앤에어로스페이스,A263540
2981,00571298,덕우전자,A263600
2982,00966168,디알젬,A263690
2983,01187148,케어랩스,A263700
2984,01186404,디앤씨미디어,A263720
2985,01152470,펄어비스,A263750
2986,01196313,유에스티,A263770
2987,00877819,데이타솔루션,A263800
2988,00760999,상신전자,A263810
2989,00962223,지니언스,A263860
2990,01185566,휴엠앤씨,A263920
2991,01197428,한화에이스기업인수목적3호,A264290
2992,01203376,유비쿼스,A264450
2993,00605328,씨앤지하이테크,A264660
2994,01199189,이랜시스,A264850
2995,01205329,크라운제과,A264900
2996,01199985,미래에셋대우기업인수목적1호,A265480
2997,01203808,AP시스템,A265520
2998,00659976,영화테크,A265560
2999,01217829,엔에프씨,A265740
3000,01201581,한화수성기업인수목적,A265920
3001,00990396,뿌리깊은나무들,A266170
3002,01130885,바이오인프라생명과학,A266470
3003,01190780,파워풀엑스,A266870
3004,01190513,명진홀딩스,A267060
3005,01205709,HD현대,A267250
3006,01205851,현대일렉트릭,A267260
3007,01205842,현대건설기계,A267270
3008,01208885,경동도시가스,A267290
3009,01208849,나인테크,A267320
3010,01182240,배럴,A267790
3011,01187865,앙츠,A267810
3012,00458234,아시아나IDT,A267850
3013,01234507,매일유업,A267980
3014,01234297,미원에스씨,A268280
3015,01182444,셀리버리,A268600
3016,01188378,시스웍,A269620
3017,01183407,이십일스토어,A270020
3018,01187458,에스알바이오텍,A270210
3019,01228515,지엔원에너지,A270520
3020,01201590,에브리봇,A270660
3021,01214248,뉴트리,A270870
3022,01194892,알로이스,A271400
3023,01238169,오리온,A271560
3024,01234525,한국제5호기업인수목적,A271740
3025,01221947,비엔에프코퍼레이션,A271780
3026,01163050,다이오진,A271850
3027,00972503,일진하이솔루스,A271940
3028,01236897,제일약품,A271980
3029,00769158,케이엔제이,A272110
3030,00339391,한화시스템,A272210
3031,01237540,이녹스첨단소재,A272290
3032,01088458,극동자동화,A272420
3033,00653024,진에어,A272450
3034,01060814,삼양패키징,A272550
3035,01236532,와이즈버즈,A273060
3036,01215618,와이엠텍,A273640
3037,01158553,켄코아에어로스페이스,A274090
3038,01250374,에스에스알,A275630
3039,01290248,스코넥,A276040
3040,01119651,엘리비젼,A276240
3041,01230255,제주맥주,A276730
3042,01243550,아이비케이에스제7호기업인수목적,A276920
3043,00616962,린드먼아시아,A277070
3044,01243161,인산가,A277410
3045,01243772,신한제4호기업인수목적,A277480
3046,01261644,레인보우로보틱스,A277810
3047,01139035,티에스아이,A277880
3048,00897752,천보,A278280
3049,01138993,원바이오젠,A278380
3050,01189438,노터스,A278650
3051,01117246,EMB,A278990
3052,01353848,이노벡스,A279060
3053,01247918,한화에이스기업인수목적4호,A279410
3054,01190124,미디어젠,A279600
3055,01258507,롯데제과,A280360
3056,01186671,바이오시네틱스,A281310
3057,01257526,한국제6호기업인수목적,A281410
3058,01255652,레이크머티리얼즈,A281740
3059,01261893,케이씨텍,A281820
3060,01263022,BGF리테일,A282330
3061,01262458,동아타이어,A282690
3062,01211232,코윈테크,A282880
3063,01148909,휴럼,A284420
3064,01186811,티에스트릴리온,A284610
3065,01263527,카이노스메드,A284620
3066,01267684,쿠쿠홈시스,A284740
3067,01267170,SK케미칼,A285130
3068,01259232,노바텍,A285490
3069,01187175,라이프사이언스테크놀로지,A285770
3070,01114559,씨엔티드림,A286000
3071,01136001,나노브릭,A286750
3072,01262032,롯데정보통신,A286940
3073,01267602,제이시스메디칼,A287410
3074,01227039,브릿지바이오,A288330
3075,01267550,나라소프트,A288490
3076,01257872,에스퓨얼셀,A288620
3077,01423837,모아데이타,A288980
3078,00983934,아이스크림에듀,A289010
3079,00599151,SV인베스트먼트,A289080
3080,01264438,자이언트스텝,A289220
3081,01217014,트윔,A290090
3082,01182578,대유에이피,A290120
3083,01251577,휴네시온,A290270
3084,00384948,대유,A290380
3085,00540340,코리아센터,A290510
3086,00961570,신도기연,A290520
3087,01137903,디케이티,A290550
3088,01181515,엘앤씨바이오,A290650
3089,01246034,네오펙트,A290660
3090,01259418,대보마그네틱,A290670
3091,00605522,소룩스,A290690
3092,01259311,푸드나무,A290720
3093,01141942,액트로,A290740
3094,01277928,한국제7호기업인수목적,A291210
3095,01276901,엔피,A291230
3096,01265251,압타머사이언스,A291650
3097,01524507,핀텔,A291810
3098,00248974,하나제약,A293480
3099,01137383,카카오게임즈,A293490
3100,00651017,나우IB,A293580
3101,01251595,압타바이오,A293780
3102,01276594,신한알파리츠,A293940
3103,01274310,이오플로우,A294090
3104,01011395,레몬,A294140
3105,01311055,쿠콘,A294570
3106,00867973,서남,A294630
3107,01310269,HDC현대산업개발,A294870
3108,01341630,이노룰스,A296640
3109,00765462,씨에스베어링,A297090
3110,01309795,알로이스,A297570
3111,00523936,HB솔루션,A297890
3112,01316236,효성화학,A298000
3113,01316227,효성티앤씨,A298020
3114,01316245,효성중공업,A298040
3115,01316254,효성첨단소재,A298050
3116,01110474,에스씨엠생명과학,A298060
3117,01256864,에이비엘바이오,A298380
3118,01214743,더네이쳐홀딩스,A298540
3119,00651901,에어부산,A298690
3120,00682992,다올인베스트먼트,A298870
3121,00601191,하나기술,A299030
3122,01318261,더블유에스아이,A299170
3123,01188749,지앤이헬스케어,A299480
3124,01235296,셀리드,A299660
3125,01203507,에스엠비나,A299670
3126,01276327,위지윅스튜디오,A299900
3127,01259056,베스파,A299910
3128,01237434,플리토,A300080
3129,01251489,라온피플,A300120
3130,01319808,한일시멘트,A300720
3131,00403793,바이브컴퍼니,A301300
3132,01258710,이노메트리,A302430
3133,01319899,SK바이오사이언스,A302440
3134,01275665,리메드,A302550
3135,00991225,더콘텐츠온,A302920
3136,01318933,지니틱스,A303030
3137,01267958,프로테옴텍,A303360
3138,01264872,이노뎁,A303530
3139,01050738,솔트룩스,A304100
3140,01118281,피플바이오,A304840
3141,01267967,마이크로디지탈,A305090
3142,01222432,에스제이그룹,A306040
3143,01325979,세아제강,A306200
3144,01325429,네온테크,A306620
3145,01336285,에스케이에이씨피씨제4호기업인수목적,A307070
3146,01326260,하나머스트제6호기업인수목적,A307160
3147,01326279,아이엘사이언스,A307180
3148,01326224,원바이오젠,A307280
3149,01329957,국전약품,A307750
3150,01326792,비투엔,A307870
3151,00598198,컴퍼니케이,A307930
3152,00362441,현대오토에버,A307950
3153,01335790,바이젠셀,A308080
3154,01181807,까스텔바작,A308100
3155,00450010,센트랄모텍,A308170
3156,01016886,테크엔,A308700
3157,01350638,티티씨디펜스,A309900
3158,01335453,오하임아이엔티,A309930
3159,01335578,애니플러스,A310200
3160,01327746,보로노이,A310210
3161,01336391,엔에이치기업인수목적13호,A310840
3162,01336443,디와이씨,A310870
3163,01264234,엘에이티,A311060
3164,01337220,키움제5호기업인수목적,A311270
3165,00668965,지오엘리먼트,A311320
3166,01219155,네오크레마,A311390
3167,01071041,CJ 바이오사이언스,A311690
3168,01195828,대원모방,A311840
3169,01290132,에이아이더뉴트리진,A311960
3170,01223219,에이에프더블류,A312610
3171,01343920,유안타제4호기업인수목적,A313750
3172,00863038,윌링스,A313760
3173,01276026,지놈앤컴퍼니,A314130
3174,01182259,알피바이오,A314140
3175,01117413,바이오다인,A314930
3176,01344831,딥노이드,A315640
3177,01350869,우리금융지주,A316140
3178,01351114,케이비제17호기업인수목적,A317030
3179,01327092,라닉스,A317120
3180,01353024,TS트릴리온,A317240
3181,01351822,한화에스비아이기업인수목적,A317320
3182,01021666,덕산테코피아,A317330
3183,00367844,자이에스앤디,A317400
3184,01267222,캐리소프트,A317530
3185,01311286,퀀타매트릭스,A317690
3186,01231786,슈프리마아이디,A317770
3187,00624749,에스피시스템스,A317830
3188,00450995,대모,A317850
3189,01328170,노드메이슨,A317860
3190,00964595,엔바이오니아,A317870
3191,00876166,KBG,A318000
3192,00986898,팜스빌,A318010
3193,00962393,포인트모바일,A318020
3194,01153105,비비씨,A318410
3195,01345724,타임기술,A318660
3196,01358463,현대무벡스,A319400
3197,01365825,피에스케이,A319660
3198,01359815,윈텍,A320000
3199,01359736,프로이천,A321260
3200,01335930,티움바이오,A321550
3201,01116502,와이더플래닛,A321820
3202,01199550,현대에너지솔루션,A322000
3203,01309388,티라유텍,A322180
3204,01412938,베른,A322190
3205,01016479,오로스테크놀로지,A322310
3206,01153293,제이엘케이,A322510
3207,01364297,코퍼스코리아,A322780
3208,01293388,무진메디,A322970
3209,01366365,이베스트이안기업인수목적1호,A323210
3210,01384477,엠에프엠코리아,A323230
3211,01366000,태성,A323280
3212,01344363,다원넥스뷰,A323350
3213,01133217,카카오뱅크,A323410
3214,01371312,케이비제18호기업인수목적,A323940
3215,01335851,박셀바이오,A323990
3216,00878696,에스케이바이오팜,A326030
3217,01343665,RF머트리얼즈,A327260
3218,01336735,펨토바이오메드,A327610
3219,01344752,케어룸의료산업,A327970
3220,01397620,루닛,A328130
3221,01390399,솔트웨어,A328380
3222,01388631,오션스톤,A329020
3223,01337114,구스앤홈,A329050
3224,01390344,현대중공업,A329180
3225,01390876,상상인이안제2호기업인수목적,A329560
3226,00765851,위더스제약,A330350
3227,01363818,롯데리츠,A330590
3228,01305249,스톤브릿지벤처스,A330730
3229,01368354,네패스아크,A330860
3230,01393299,케이비제19호기업인수목적,A330990
3231,01393721,포커스에이치엔에스,A331380
3232,01398151,밸로프,A331520
3233,01363924,한국미라클피플사,A331660
3234,01114586,셀레믹스,A331920
3235,01394669,누보,A332290
3236,01213586,아이디피,A332370
3237,01015160,와이팜,A332570
3238,01395279,하나금융14호기업인수목적,A332710
3239,01407158,모코엠시스,A333050
3240,01396676,일승,A333430
3241,01310773,엔시스,A333620
3242,01394377,이지스밸류플러스리츠,A334890
3243,01258428,프레스티지바이오로직스,A334970
3244,01137295,프리시젼바이오,A335810
3245,01405585,윙스풋,A335870
3246,01406618,비올,A335890
3247,01118139,타스컴,A336040
3248,01408999,웨이버스,A336060
3249,01412725,두산퓨얼셀,A336260
3250,01412822,솔루스첨단소재,A336370
3251,01407909,원텍,A336570
3252,01414361,에스케이제5호기업인수목적,A337450
3253,01396931,유엑스엔,A337840
3254,01391103,브랜드엑스코퍼레이션,A337930
3255,01391033,NH프라임리츠,A338100
3256,01344202,뷰노,A338220
3257,00453284,교촌에프앤비,A339770
3258,01414422,아이비김영,A339950
3259,01414370,하이제5호기업인수목적,A340120
3260,01414936,에스케이제6호기업인수목적,A340350
3261,01416642,다보링크,A340360
3262,01416572,세림B&G,A340440
3263,00608440,티앤엘,A340570
3264,01368637,유일에너테크,A340930
3265,01416457,하나금융15호기업인수목적,A341160
3266,01185867,퓨쳐메디신,A341170
3267,01337017,이앤에치,A341310
3268,01418543,케이비제20호기업인수목적,A342550
3269,01413371,HLB사이언스,A343090
3270,01419384,하나금융16호스팩,A343510
3271,01419986,신영스팩6호,A344050
3272,01428203,케이씨씨글라스,A344820
3273,01419135,이노진,A344860
3274,01309069,타이드,A346010
3275,01023318,센코,A347000
3276,01428249,케이프이에스제4호기업인수목적,A347140
3277,01336762,라이프시맨틱스,A347700
3278,01290381,피엔케이피부임상연구센타,A347740
3279,01405390,핌스,A347770
3280,01405451,알체라,A347860
3281,00670766,엠투아이,A347890
3282,01210190,모비릭스,A348030
3283,01399071,고바이오랩,A348150
3284,01080252,넥스틴,A348210
3285,01336461,뉴로메카,A348340
3286,00925587,위드텍,A348350
3287,01011526,엔켐,A348370
3288,01343735,데이드림엔터,A348840
3289,01415892,제이알글로벌리츠,A348950
3290,01436336,이베스트기업인수목적5호,A349720
3291,01436628,이지스레지던스리츠,A350520
3292,01440153,에스에이티이엔지,A351320
3293,01135640,이삭엔지니어링,A351330
3294,01440481,IBKS제13호스팩,A351340
3295,01226410,씨앤씨인터내셔널,A352480
3296,00875237,씨앤투스,A352700
3297,01201970,클리노믹스,A352770
3298,01204056,하이브,A352820
3299,00494546,오비고,A352910
3300,00367871,인바이오,A352940
3301,01447244,에이치엠씨제5호스팩,A353060
3302,01447217,에이치엠씨제4호스팩,A353070
3303,01453670,휴럼,A353190
3304,01478712,대덕전자,A353200
3305,01450105,미래에셋대우스팩 5호,A353490
3306,01084294,오토앤,A353590
3307,01480568,이지바이오,A353810
3308,01397903,엔젠바이오,A354200
3309,01418260,폭스소프트,A354230
3310,00533809,바스칸바이오제약,A354390
3311,01476219,교보10호기업인수목적,A355150
3312,00920379,티엘비,A356860
3313,01293953,싸이버원,A356890
3314,01430475,코람코에너지리츠,A357120
3315,01068737,에이치피오,A357230
3316,01437292,미래에셋맵스리츠,A357250
3317,01442966,마스턴프리미어리츠,A357430
3318,00921916,석경에이티,A357550
3319,01012987,아모센스,A357580
3320,01489648,솔브레인,A357780
3321,01381984,비트나인,A357880
3322,01487446,씨엔알리서치,A359090
3323,01360875,탑머티리얼,A360070
3324,01014718,제노코,A361390
3325,01303029,알비더블유,A361570
3326,01386916,SK아이이테크놀로지,A361610
3327,00405506,삼영에스앤씨,A361670
3328,01534577,청담글로벌,A362320
3329,01437858,진시스템,A363250
3330,01493535,모비데이즈,A363260
3331,01497869,티와이홀딩스,A363280
3332,01397772,큐라클,A365270
3333,01274329,성일하이텍,A365340
3334,01437186,ESR켄달스퀘어리츠,A365550
3335,01505186,하이딥,A365590
3336,01354740,브이씨,A365900
3337,01307335,공구우먼,A366030
3338,01514528,신한제7호스팩,A366330
3339,01454341,플래티어,A367000
3340,01505450,DB금융스팩8호,A367340
3341,01505469,DB금융스팩9호,A367360
3342,01504804,유안타제7호기업인수목적,A367460
3343,01504910,유안타제8호스팩,A367480
3344,01302853,아이씨에이치,A368600
3345,01513440,파이버프로,A368770
3346,01491607,오에스피,A368970
3347,01508855,블리츠웨이,A369370
3348,01357446,퓨런티어,A370090
3349,00417167,풍원정밀,A371950
3350,00925374,윤성에프앤씨,A372170
3351,01513404,하나머스트7호스팩,A372290
3352,01429840,아이티아이즈,A372800
3353,00534598,한컴라이프케어,A372910
3354,01514698,하인크코리아,A373200
3355,01515323,LG에너지솔루션,A373220
3356,01514519,유진스팩6호,A373340
3357,01524093,DL이앤씨,A375500
3358,00604028,피코그램,A376180
3359,00527011,엘비루셈,A376190
3360,00575106,씨유테크,A376290
3361,01456011,디어유,A376300
3362,01494118,노을,A376930
3363,01441611,원티드랩,A376980
3364,01409095,맥스트,A377030
3365,01475609,디앤디플랫폼리츠,A377190
3366,01217865,프롬바이오,A377220
3367,01244601,카카오페이,A377300
3368,01140837,이지트로닉스,A377330
3369,01526949,하이제6호스팩,A377400
3370,01210066,리파인,A377450
3371,01175499,위니아에이드,A377460
3372,01297898,마인즈랩,A377480
3373,01528530,삼성스팩4호,A377630
3374,00622787,바이오노트,A377740
3375,01387164,샤페론,A378800
3376,01532603,화승알앤에이,A378850
3377,01365384,이성씨엔아이,A379390
3378,01534522,삼성머스트스팩5호,A380320
3379,01535257,엔에이치스팩19호,A380440
3380,01506990,옵티코어,A380540
3381,01323032,케이카,A381970
3382,01311310,지아이텍,A382480
3383,00958327,지앤비에스엔지니어링,A382800
3384,01459212,원준,A382840
3385,01435489,범한퓨얼셀,A382900
3386,01568413,F&F,A383220
3387,01566248,에코프로에이치엔,A383310
3388,01562589,LX홀딩스,A383800
3389,01437432,디티앤씨알오,A383930
3390,01572489,한화플러스제2호스팩,A386580
3391,01567520,대신밸런스제10호스팩,A387310
3392,01462605,지투파워,A388050
3393,01568875,하나금융19호스팩,A388220
3394,01221752,지에프씨생명과학,A388610
3395,01152586,유일로보틱스,A388720
3396,01569102,IBKS제16호스팩,A388790
3397,01569838,유진스팩7호,A388800
3398,01494154,지니너스,A389030
3399,01513699,포바이포,A389140
3400,01150515,대명에너지,A389260
3401,01516456,인벤티지랩,A389470
3402,00567897,에스비비테크,A389500
3403,01507810,애니메디솔루션,A390110
3404,01573974,엔에이치스팩20호,A391060
3405,01573284,코닉오토메이션,A391710
3406,01436479,토마토시스템,A393210
3407,01574760,신한제8호스팩,A393360
3408,01291317,더블유씨피,A393890
3409,01571107,오픈엣지테크놀로지,A394280
3410,01535150,SK리츠,A395400
3411,01515864,넥스트칩,A396270
3412,00534701,세아메카닉스,A396300
3413,01576102,미래에셋글로벌리츠,A396690
3414,01576713,엔에이치스팩22호,A396770
3415,01375822,에이프릴바이오,A397030
3416,01580178,대신밸런스제11호스팩,A397500
3417,01582228,교보11호스팩,A397880
3418,01364747,가온칩스,A399720
3419,01583397,하나금융20호스팩,A400560
3420,01480780,NH올원리츠,A400760
3421,01586172,하이제7호스팩,A400840
3422,00601988,코난테크놀로지,A402030
3423,01596425,SK스퀘어,A402340
3424,01507722,켈스,A402420
3425,01466832,라피치,A403360
3426,01026157,쏘카,A403550
3427,01288827,HPSP,A403870
3428,01591262,디비금융스팩10호,A404950
3429,01436558,신한서부티엔디리츠,A404990
3430,01575839,플라즈맵,A405000
3431,01033591,큐알티,A405100
3432,01591606,IBKS제17호스팩,A405350
3433,01594764,신한제9호스팩,A405640
3434,01593242,하나금융21호스팩,A406760
3435,01596656,에스케이증권7호스팩,A408920
3436,01596665,한국제10호스팩,A409570
3437,01573381,레이저쎌,A412350
3438,01601286,미래에셋비전스팩1호,A412930
3439,01583953,티엘엔지니어링,A413300
3440,01616808,키움제6호스팩,A413600
3441,01601222,유진스팩8호,A413630
3442,01604371,상상인제3호스팩,A415580
3443,01584934,핑거스토리,A417180
3444,01180118,코람코더원리츠,A417310
3445,01367586,제이아이테크,A417500
3446,01383229,저스템,A417840
3447,00657783,모델솔루션,A417970
3448,01613281,하나금융22호스팩,A418170
3449,01616482,신한제10호스팩,A418210
3450,01587056,엔젯,A419080
3451,01516368,산돌,A419120
3452,01612608,신영스팩7호,A419270
3453,01082418,SAMG엔터,A419530
3454,01506848,비스토스,A419540
3455,01620713,교보12호스팩,A421800
3456,01619513,엔에이치스팩23호,A422040
3457,01621280,케이비제21호스팩,A424140
3458,01622331,IBKS제18호스팩,A424760
3459,01624162,삼성스팩6호,A425290
3460,01035368,티에프이,A425420
3461,01632851,IBKS제19호스팩,A426550
3462,01631658,대신밸런스제12호스팩,A426670
3463,01652970,하나금융23호스팩,A427950
3464,01656374,신영스팩8호,A430220
3465,01658266,하나금융24호스팩,A430230
3466,01663055,한화플러스제3호스팩,A430460
3467,01663639,유안타제9호스팩,A430700
3468,01622720,KB스타리츠,A432320
3469,01667592,키움제7호스팩,A433530
3470,01020269,탈로스,A434190
3471,01670675,유안타제10호스팩,A435380
3472,01669475,하나금융25호스팩,A435620
3473,01671197,SK증권제8호스팩,A435870
3474,01672053,케이비제22호스팩,A436530
3475,01672114,한국제11호스팩,A436610
3476,01674538,엔에이치스팩24호,A437780
3477,01675014,대신밸런스제13호스팩,A438220
3478,01674468,엔에이치스팩25호,A438580
3479,01675227,삼성스팩7호,A439250
3480,01675254,엔에이치스팩26호,A439410
3481,01675421,IBKS제20호스팩,A439730
3482,01676989,케이비제23호스팩,A440200
3483,01677678,교보13호스팩,A440790
3484,01677429,엔에이치스팩27호,A440820
3485,01686755,파인엠텍,A441270
3486,01678835,유진스팩9호,A442130
3487,01696451,대신밸런스제14호스팩,A442310
3488,01682740,IBKS제21호스팩,A442770
3489,01689336,비엔케이제1호스팩,A445360
3490,01689938,신영스팩9호,A445970
3491,01702017,유니드비티플러스,A446070
3492,01671601,카이바이오텍,A446600
3493,01680131,아이오바이오,A447690
3494,01206717,마이크로엔엑스,A448780
3495,00630111,3노드디지탈그룹유한공사,A900010
3496,00642648,코웰이홀딩스유한공사,A900020
3497,00680161,연합과기공고유한공사,A900030
3498,00695464,차이나그레이트스타인터내셔널리미티드,A900040
3499,00722500,중국원양자원유한공사,A900050
3500,00694003,중국식품포장유한공사,A900060
3501,00783246,글로벌에스엠,A900070
3502,00786331,에스앤씨엔진그룹리미티드,A900080
3503,00790121,차이나하오란리사이클링유한공사,A900090
3504,00781202,애머릿지,A900100
3505,00799070,이스트아시아홀딩스,A900110
3506,00800084,씨케이에이치,A900120
3507,00823687,웨이포트유한공사,A900130
3508,00838500,엘브이엠씨,A900140
3509,00830377,성융광전투자유한공사,A900150
3510,00842327,완리인터내셔널홀딩스,A900180
3511,01107665,크리스탈신소재,A900250
3512,01139266,로스웰,A900260
3513,01160512,헝셩그룹,A900270
3514,01168143,골든센츄리,A900280
3515,01170962,GRT,A900290
3516,01169434,오가닉티코스메틱,A900300
3517,01236286,컬러레이,A900310
3518,01328639,윙입푸드,A900340
3519,00599230,평산차업집단유한공사,A950010
3520,00687599,네프로아이티,A950030
3521,00844884,중국고섬공고유한공사,A950070
3522,00907660,아루히,A950100
3523,00938688,SBI핀테크솔루션즈,A950110
3524,00956028,엑세스바이오,A950130
3525,01165739,잉글우드랩,A950140
3526,01245062,코오롱티슈진,A950160
3527,01041828,JTC,A950170
3528,01338724,에스앤케이,A950180
3529,01416235,미투젠,A950190
3530,01442115,소마젠,A950200
3531,01510489,프레스티지바이오파마,A950210
3532,01511558,네오이뮨텍,A950220
