Date,Open,High,Low,Close,Volume
2019-01-31,46650,47050,46150,46150,21621145
2019-02-01,46650,46950,46250,46350,13832454
2019-02-07,46800,47100,46200,46200,15872001
2019-02-08,45700,45700,44650,44800,12689196
2019-02-11,44500,45000,44250,45000,11125044
2019-02-12,44650,46250,44650,46050,13184367
2019-02-13,46400,46700,46000,46200,11299738
2019-02-14,46600,47500,46150,47500,17259341
2019-02-15,46750,46850,45650,46050,10554643
2019-02-18,46500,46850,45850,46200,8183728
2019-02-19,45850,46150,45450,45950,6741395
2019-02-20,46750,47100,46500,46900,11506720
2019-02-21,46500,47200,46200,46950,8694009
2019-02-22,46500,47150,46450,47150,6895772
2019-02-25,47400,47550,47050,47350,7484716
2019-02-26,47350,47450,46500,46750,7985547
2019-02-27,47000,47250,46750,46750,8045211
2019-02-28,46400,46500,45100,45100,23569321
2019-03-04,46000,46100,44800,44850,12926539
2019-03-05,44600,45100,44150,44250,10612405
2019-03-06,44000,44300,43700,44000,10202544
2019-03-07,43400,44950,43400,44450,11049749
2019-03-08,44450,44800,43800,43800,7729069
2019-03-11,44400,44450,43650,43650,10717408
2019-03-12,44300,44950,44150,44650,11431977
2019-03-13,44250,44450,43700,43850,8108343
2019-03-14,43700,44300,43550,43850,18039161
2019-03-15,43800,44250,43700,44200,16814163
2019-03-18,43950,44150,43450,43700,8188876
2019-03-19,43750,43900,43550,43900,7609563
2019-03-20,43800,44200,43100,44050,9846242
2019-03-21,44600,46250,44050,45850,21138016
2019-03-22,46850,47000,46250,46550,12535911
2019-03-25,45300,45650,44800,45500,8699728
2019-03-26,45500,45700,44900,45250,9729811
2019-03-27,44750,45600,44250,45350,9568081
2019-03-28,44950,45200,44300,44850,6821306
2019-03-29,44500,44900,44200,44650,11491713
2019-04-01,45200,45450,44850,45050,7362129
2019-04-02,45550,46100,45350,45750,9480688
2019-04-03,46750,46750,45800,46600,12436570
2019-04-04,46150,47100,46150,46950,12650168
2019-04-05,46950,47550,46600,46850,8546339
2019-04-08,47250,47250,46150,46650,8507909
2019-04-09,46700,46950,46200,46650,6878761
2019-04-10,46400,46700,46050,46700,11883995
2019-04-11,46700,46800,46150,46250,13697399
2019-04-12,46050,46900,46000,46850,7668936
2019-04-15,47150,47500,47000,47050,8733019
2019-04-16,47400,47400,46800,47250,7730881
2019-04-17,47300,47600,47000,47050,5513658
2019-04-18,47200,47250,45500,45600,12808747
2019-04-19,45750,46000,45250,45300,8479710
2019-04-22,45400,45900,45100,45350,6006957
2019-04-23,45050,45500,45000,45200,6920566
2019-04-24,45400,45650,44150,44750,13299267
2019-04-25,44250,45000,44100,44650,10868965
2019-04-26,44200,45000,43800,44850,9739982
2019-04-29,45150,46150,45100,46150,8777517
2019-04-30,46000,46300,45350,45850,11121273
2019-05-02,45500,46150,45400,45900,8625126
2019-05-03,45900,46050,45300,45300,6562916
2019-05-07,45250,45300,44400,44850,12014907
2019-05-08,44300,44850,44200,44250,10398754
2019-05-09,43900,44250,42450,42450,23029718
2019-05-10,42600,43450,42450,42900,14579512
2019-05-13,42500,43200,42350,42650,7635079
2019-05-14,41300,43100,41300,42650,11563730
2019-05-15,42700,43050,42550,42550,7670185
2019-05-16,42350,42400,41350,41550,13687828
2019-05-17,41950,42050,40850,41200,13357951
2019-05-20,41650,42100,41550,42000,15752397
2019-05-21,42600,43950,42350,43150,18812133
2019-05-22,43700,43800,42400,43500,11033339
2019-05-23,43900,44000,43250,43850,12259006
2019-05-24,43800,43800,42400,42700,13966305
2019-05-27,42500,43000,42350,42650,8066669
2019-05-28,42550,42950,42150,42550,24506881
2019-05-29,41850,42100,41300,41800,14930618
2019-05-30,42200,42700,42150,42550,11766018
2019-05-31,42600,42800,42150,42500,11365999
2019-06-03,42950,43900,42500,43800,15466580
2019-06-04,43400,43700,43000,43450,9913497
2019-06-05,44050,44200,43700,43900,12464135
2019-06-07,43600,44350,43450,44200,11683682
2019-06-10,44300,44850,44050,44800,8792182
2019-06-11,44800,45000,44550,44850,6664872
2019-06-12,44800,45050,44300,44600,8607439
2019-06-13,44200,44400,43400,43750,16906541
2019-06-14,43750,44150,43300,44000,9322873
2019-06-17,43750,44050,43400,43900,11890424
2019-06-18,43750,44500,43650,44350,7994928
2019-06-19,45450,45450,45000,45350,10417690
2019-06-20,44850,45500,44850,45500,7147785
2019-06-21,45750,45800,45200,45700,9454913
2019-06-24,45200,45800,45200,45500,6085066
2019-06-25,45200,45800,45200,45600,7076774
2019-06-26,45800,46000,45600,45700,9226097
2019-06-27,46000,46600,45750,46500,12603534
2019-06-28,47000,47000,46700,47000,12949231
2019-07-01,47350,47400,46250,46600,11383522
2019-07-02,46200,46900,45850,46250,8463073
2019-07-03,45750,46350,45200,45400,9669368
2019-07-04,45250,46200,45250,46000,6365573
2019-07-05,45950,45950,45250,45650,7235395
2019-07-08,44750,44800,44350,44400,7823843
2019-07-09,44850,45450,44700,45100,7646421
2019-07-10,45550,46150,45500,45550,9253930
2019-07-11,46350,46550,46150,46200,10989751
2019-07-12,46350,46400,45800,46300,5245804
2019-07-15,45950,46650,45750,46450,4717226
2019-07-16,46450,46850,46300,46850,7407824
2019-07-17,46150,46350,45950,46050,5216602
2019-07-18,46450,46450,45650,46100,5143554
2019-07-19,46650,46950,46600,46800,8819393
2019-07-22,46800,47300,46600,47200,9009109
2019-07-23,47350,47550,47050,47300,9061381
2019-07-24,47100,47150,46250,46400,8756522
2019-07-25,47150,47200,46600,47200,8408838
2019-07-26,46650,47150,46550,47150,7873886
2019-07-29,46800,47050,46000,46100,6856846
2019-07-30,46300,46850,46300,46550,5551014
2019-07-31,46200,46600,45000,45350,12872916
2019-08-01,44900,45500,44850,45200,7811181
2019-08-02,44550,45500,44300,44950,12151374
2019-08-05,44350,44600,43600,43950,14214086
2019-08-06,42500,43800,42500,43500,15083824
2019-08-07,43600,43900,43100,43200,10002533
2019-08-08,43250,43500,42650,42650,16926881
2019-08-09,43250,43350,43050,43150,9685147
2019-08-12,44000,44000,43550,43700,8466169
2019-08-13,43500,43500,42950,43000,7276979
2019-08-14,43900,44250,43500,43700,8750135
2019-08-16,43800,43900,43300,43900,9528115
2019-08-19,44350,44350,43500,43600,6014218
2019-08-20,43950,44600,43550,44450,8434205
2019-08-21,44350,44800,44150,44500,6571717
2019-08-22,44500,44700,43850,44050,8061177
2019-08-23,43800,44200,43650,43950,5017381
2019-08-26,43050,43800,42950,43600,7954949
2019-08-27,43650,44200,43600,44050,16883932
2019-08-28,44100,44400,43750,44150,5758333
2019-08-29,44200,44200,43050,43400,10768862
2019-08-30,43750,44300,43750,44000,9899073
2019-09-02,44850,44850,43650,43800,7185537
2019-09-03,43550,43650,43100,43250,9774941
2019-09-04,43250,44100,43150,44100,12441837
2019-09-05,44800,46100,44450,45700,18297430
2019-09-06,46500,46500,45850,46300,9896562
2019-09-09,46450,47000,46300,46900,9434157
2019-09-10,47100,47200,46550,47000,9231792
2019-09-11,47300,47400,46800,47150,16141619
2019-09-16,47000,47100,46400,47100,15550926
2019-09-17,47000,47100,46800,46900,7006280
2019-09-18,46900,47700,46800,47700,10413027
2019-09-19,48050,49200,47850,49150,16461413
2019-09-20,49400,49600,49100,49200,15460210
2019-09-23,49250,49300,49000,49300,7568553
2019-09-24,49050,49650,48850,49500,7871955
2019-09-25,49200,49350,48800,48900,9187141
2019-09-26,49000,49250,48900,49200,8494756
2019-09-27,48000,48700,48000,48400,8048041
2019-09-30,48050,49250,47900,49050,9497119
2019-10-01,48900,49100,48650,48850,6206035
2019-10-02,48350,48400,47600,47600,8382463
2019-10-04,47400,48650,47350,48000,9331695
2019-10-07,48350,48700,47650,47750,7047273
2019-10-08,47900,49000,47600,48900,14239367
2019-10-10,48200,49200,48000,48550,18639855
2019-10-11,49000,49450,48800,49150,7783275
2019-10-14,50000,50300,49850,50000,11130635
2019-10-15,49900,50200,49900,50100,6058105
2019-10-16,50700,50900,50400,50700,9136282
2019-10-17,50500,50600,50100,50500,6701380
2019-10-18,50300,50900,49650,49900,8483106
2019-10-21,49900,50400,49800,50300,4406531
2019-10-22,50800,51500,50700,51200,10898729
2019-10-23,51300,51500,50800,51200,8663880
2019-10-24,52500,52500,50500,50700,21185785
2019-10-25,50800,51200,50500,50900,7879897
2019-10-28,50700,51500,50700,51300,6431522
2019-10-29,51400,51700,50800,51100,7581629
2019-10-30,50700,50800,50200,50400,8959435
2019-10-31,51000,51400,50300,50400,10304777
2019-11-01,50600,51200,50400,51200,8467846
2019-11-04,51700,52300,51400,52300,13012411
2019-11-05,52400,52700,52100,52700,10581034
2019-11-06,52900,53500,52700,53300,14361133
2019-11-07,53400,53400,52400,52900,9257116
2019-11-08,53200,53300,52000,52100,11603290
2019-11-11,52200,52200,51400,51600,8185952
2019-11-12,51800,52600,51600,52600,6576148
2019-11-13,52500,52500,52000,52500,6225196
2019-11-14,51900,52800,51900,52800,12010018
2019-11-15,52900,53700,52600,53700,9703360
2019-11-18,53600,53800,53200,53500,7746554
2019-11-19,53200,53500,52700,53500,8907177
2019-11-20,53400,53400,52000,52000,12560070
2019-11-21,51600,52100,50600,51000,14298646
2019-11-22,51000,51600,50900,51600,8478310
2019-11-25,52200,52600,51700,51800,9050625
2019-11-26,51900,52900,51800,51800,27372226
2019-11-27,51800,52300,51600,52200,7546261
2019-11-28,51900,52100,51300,51300,6833885
2019-11-29,51200,51400,50200,50300,11179334
2019-12-02,50900,51300,50400,50400,18877252
2019-12-03,49800,50300,49500,49900,12059812
2019-12-04,49600,49850,49000,49450,13246549
2019-12-05,50200,50400,49500,49500,10449715
2019-12-06,50100,50900,49950,50400,11414563
2019-12-09,50900,51400,50700,51200,8470627
2019-12-10,51000,51600,50700,51500,6882771
2019-12-11,51500,52200,51400,51900,11379521
2019-12-12,53000,53300,52700,53300,29178697
2019-12-13,54500,54800,53900,54700,18120261
2019-12-16,54500,54900,54300,54700,11512405
2019-12-17,55800,56700,55400,56700,19358433
2019-12-18,56700,57200,56000,56300,15558208
2019-12-19,57000,57300,55500,56000,14180520
2019-12-20,56100,56500,55600,56000,12095519
2019-12-23,56100,56400,55100,55500,9839252
2019-12-24,55600,55700,54800,55000,11868463
2019-12-26,54700,55400,54400,55400,9645034
2019-12-27,55700,56900,55500,56500,12313056
2019-12-30,56200,56600,55700,55800,8356767
2020-01-02,55500,56000,55000,55200,12993228
2020-01-03,56000,56600,54900,55500,15422255
2020-01-06,54900,55600,54600,55500,10278951
2020-01-07,55700,56400,55600,55800,10009778
2020-01-08,56200,57400,55900,56800,23501171
2020-01-09,58400,58600,57400,58600,24102579
2020-01-10,58800,59700,58300,59500,16000170
2020-01-13,59600,60000,59100,60000,11359139
2020-01-14,60400,61000,59900,60000,16906295
2020-01-15,59500,59600,58900,59000,14300928
2020-01-16,59100,60700,59000,60700,14381774
2020-01-17,61900,62000,61000,61300,16025661
2020-01-20,62000,62800,61700,62400,12528855
2020-01-21,62000,62400,61200,61400,11142693
2020-01-22,60500,62600,60400,62300,15339565
2020-01-23,61800,61800,60700,60800,14916555
2020-01-28,59400,59400,58300,58800,23664541
2020-01-29,59100,59700,58800,59100,16446102
2020-01-30,58800,58800,56800,57200,20821939
2020-01-31,57800,58400,56400,56400,19749457
2020-02-03,55500,57400,55200,57200,23995260
2020-02-04,57100,59000,56800,58900,21800192
2020-02-05,60000,60200,58900,59500,19278165
2020-02-06,60100,61100,59700,61100,14727159
2020-02-07,61100,61200,59700,60400,16402493
2020-02-10,59200,59800,59100,59700,13107121
2020-02-11,59800,60700,59700,59900,11071231
2020-02-12,60300,60700,59700,60500,12904207
2020-02-13,61200,61600,60500,60700,18449775
2020-02-14,60900,61900,60200,61800,13276067
2020-02-17,61600,62000,61200,61500,8740596
2020-02-18,60800,60900,59700,59800,16674266
2020-02-19,59800,60400,59400,60200,12951496
2020-02-20,60700,61300,59600,60000,14591924
2020-02-21,58800,59800,58500,59200,13777393
2020-02-24,57400,58100,56800,56800,25627537
2020-02-25,56200,58000,56200,57900,23885408
2020-02-26,56000,57000,56000,56500,25483102
2020-02-27,56300,56900,55500,55900,23209541
2020-02-28,55000,55500,54200,54200,30054227
2020-03-02,54300,55500,53600,55000,30403412
2020-03-03,56700,56900,55100,55400,30330295
2020-03-04,54800,57600,54600,57400,24765728
2020-03-05,57600,58000,56700,57800,21698990
2020-03-06,56500,57200,56200,56500,18716656
2020-03-09,54700,55000,53600,54200,30261485
2020-03-10,53800,54900,53700,54600,32106554
2020-03-11,54300,54400,52000,52100,45707281
2020-03-12,51000,51900,49300,50800,48149999
2020-03-13,47450,51600,46850,49950,59462933
2020-03-16,50100,50900,48800,48900,33339821
2020-03-17,46900,49650,46700,47300,51218151
2020-03-18,47750,48350,45600,45600,40152623
2020-03-19,46400,46650,42300,42950,56925513
2020-03-20,44150,45500,43550,45400,49730008
2020-03-23,42600,43550,42400,42500,41701626
2020-03-24,43850,46950,43050,46950,49801908
2020-03-25,48950,49600,47150,48650,52735922
2020-03-26,49000,49300,47700,47800,42185129
2020-03-27,49600,49700,46850,48300,39896178
2020-03-30,47050,48350,46550,47850,26797395
2020-03-31,48000,48500,47150,47750,30654261
2020-04-01,47450,47900,45800,45800,27259532
2020-04-02,46200,46850,45350,46800,21621076
2020-04-03,47400,47600,46550,47000,22784682
2020-04-06,47500,48800,47250,48700,23395726
2020-04-07,49650,50200,49000,49600,31524034
2020-04-08,49600,49750,48600,48600,25010314
2020-04-09,49750,49800,48700,49100,22628058
2020-04-10,48950,49250,48650,49250,17839111
2020-04-13,48650,48900,48300,48300,14431800
2020-04-14,48800,49200,48300,49000,14206216
2020-04-16,49350,49350,48550,49000,23349760
2020-04-17,50800,52000,50300,51400,32041675
2020-04-20,51400,51400,50000,50100,21866354
2020-04-21,49400,49700,48700,49250,27407543
2020-04-22,48700,50000,48350,49850,18613864
2020-04-23,50200,50300,49500,49850,18754442
2020-04-24,49650,49750,49000,49350,15618347
2020-04-27,49350,50000,49100,49850,14049471
2020-04-28,49850,50100,49300,50100,16095399
2020-04-29,49900,50500,49600,50000,15604533
2020-05-04,48900,49100,48500,48500,26083749
2020-05-06,49000,49200,48500,49200,18070225
2020-05-07,49200,49300,48700,48800,13884411
2020-05-08,49100,49350,48800,48800,15319700
2020-05-11,48900,49250,48300,48400,16357743
2020-05-12,48400,48500,47550,47900,23433590
2020-05-13,47250,48550,47200,48550,20223277
2020-05-14,47750,48100,47650,48000,19305974
2020-05-15,48400,48450,47700,47850,18463118
2020-05-18,47950,49100,47600,48800,20481981
2020-05-19,50100,50500,49700,50300,25168295
2020-05-20,50000,50200,49800,50000,14896899
2020-05-21,50300,50400,49850,49950,14949266
2020-05-22,49600,49800,48600,48750,19706284
2020-05-25,48750,48900,48450,48850,14337913
2020-05-26,48700,49450,48600,49250,15127490
2020-05-27,48950,50000,48800,49900,19548479
2020-05-28,51100,51200,49900,50400,31309318
2020-05-29,50000,50700,49700,50700,27596961
2020-06-01,50800,51200,50600,51200,16949183
2020-06-02,51000,51500,50800,51400,14247933
2020-06-03,51800,55000,51700,54500,49257814
2020-06-04,55800,57000,54600,54600,40220334
2020-06-05,54400,55900,54000,55500,22743629
2020-06-08,56400,56500,54700,54900,25634965
2020-06-09,55800,56500,54400,55500,23998831
2020-06-10,55100,55900,54900,55400,16742493
2020-06-11,54500,55100,53200,54300,33815123
2020-06-12,52100,52800,51500,52300,26976019
2020-06-15,51400,52000,49900,49900,28772921
2020-06-16,51200,52100,50600,52100,21808375
2020-06-17,52100,52900,51300,52200,26672595
2020-06-18,52200,52300,51600,52300,15982926
2020-06-19,52600,52900,51600,52900,18157985
2020-06-22,52000,52600,51800,52000,13801350
2020-06-23,52500,52800,51100,51400,18086152
2020-06-24,51900,53900,51600,52900,24519552
2020-06-25,52100,53000,51900,51900,18541624
2020-06-26,52800,53900,52200,53300,21575360
2020-06-29,52500,53200,52000,52400,17776925
2020-06-30,53900,53900,52800,52800,21157172
2020-07-01,53400,53600,52400,52600,16706143
2020-07-02,52100,52900,52100,52900,14142583
2020-07-03,53000,53600,52700,53600,11887868
2020-07-06,54000,55000,53800,55000,19856623
2020-07-07,55800,55900,53400,53400,30760032
2020-07-08,53600,53900,52900,53000,19664652
2020-07-09,53200,53600,52800,52800,17054850
2020-07-10,53100,53200,52300,52700,13714746
2020-07-13,53300,53800,53100,53400,12240188
2020-07-14,53700,53800,53200,53800,14269484
2020-07-15,54400,55000,54300,54700,24051450
2020-07-16,54800,54800,53800,53800,16779127
2020-07-17,54200,54700,54100,54400,10096174
2020-07-20,54800,54800,54000,54200,10507530
2020-07-21,55200,55400,54800,55300,18297260
2020-07-22,55300,55500,54700,54700,12885057
2020-07-23,54700,54700,53800,54100,16214932
2020-07-24,54000,54400,53700,54200,10994535
2020-07-27,54300,55700,54300,55600,21054421
2020-07-28,57000,58800,56400,58600,48431566
2020-07-29,60300,60400,58600,59000,36476611
2020-07-30,59700,60100,59000,59000,19285354
2020-07-31,59500,59600,57700,57900,21943345
2020-08-03,57800,57900,56700,56800,21158940
2020-08-04,57200,58100,57000,57300,19419694
2020-08-05,57300,57500,56300,56900,17739706
2020-08-06,57100,58400,57100,58000,21625874
2020-08-07,57900,58400,57100,57500,18751717
2020-08-10,57600,58300,57500,57800,17774291
2020-08-11,58000,59500,57800,58200,24907912
2020-08-12,58200,59000,57700,59000,18573934
2020-08-13,59400,59600,58000,58700,22089460
2020-08-14,58000,58400,57700,58000,15672548
2020-08-18,58900,59900,58000,58400,25307825
2020-08-19,59000,59200,57800,57800,16930719
2020-08-20,57600,57600,55300,55400,30386029
2020-08-21,56200,56900,55800,55900,21142288
2020-08-24,55800,56600,55400,56100,15055896
2020-08-25,56400,56800,56100,56400,14021705
2020-08-26,56400,56500,55700,56400,17651593
2020-08-27,56300,56300,55600,55600,16196568
2020-08-28,56100,56300,55400,55400,14619888
2020-08-31,56000,56100,54000,54000,32671367
2020-09-01,54100,54800,54100,54200,19363117
2020-09-02,54600,55100,54100,54400,16905723
2020-09-03,55600,56700,55500,56400,28384920
2020-09-04,55200,55800,55100,55600,22139109
2020-09-07,56100,57300,55800,56500,18685880
2020-09-08,57400,58700,57200,58700,31517520
2020-09-09,58200,59300,57800,58400,30597399
2020-09-10,59900,60000,59100,59200,29923293
2020-09-11,59300,59400,58200,59000,16017098
2020-09-14,60200,60800,59900,60400,20648281
2020-09-15,60900,61000,60500,61000,17877075
2020-09-16,61100,61300,60600,61000,17041444
2020-09-17,60700,60800,59300,59500,25108356
2020-09-18,59800,59900,59100,59300,18884571
2020-09-21,59100,60000,59000,59200,15140387
2020-09-22,59100,59700,57800,58200,20830381
2020-09-23,58400,58800,57400,58600,20111398
2020-09-24,57700,58600,57600,57800,17564020
2020-09-25,57700,58200,57700,57900,11444683
2020-09-28,58300,58800,57900,58200,12614080
2020-09-29,58300,59000,58200,58200,15503563
2020-10-05,57500,59200,57500,58700,20228289
2020-10-06,59400,59900,58700,59000,14463826
2020-10-07,58700,59900,58500,59900,14861838
2020-10-08,60500,60700,59500,59700,24589924
2020-10-12,60000,60400,59900,60400,16145837
2020-10-13,61000,61400,60400,60900,19247631
2020-10-14,61000,61100,60500,60900,16086716
2020-10-15,60700,60800,59700,60000,17756232
2020-10-16,60000,60400,59000,59500,16554190
2020-10-19,59600,60200,59500,60000,14474985
2020-10-20,60300,60900,60100,60900,19326115
2020-10-21,61200,61500,60600,60900,15703443
2020-10-22,60300,60500,59800,60100,14294095
2020-10-23,60400,60400,59800,60200,9322232
2020-10-26,60400,61100,60100,60400,13268226
2020-10-27,60300,60300,59500,59800,17260416
2020-10-28,59400,59400,58800,59000,14428882
2020-10-29,58200,58500,57500,58100,22636966
2020-10-30,58000,58000,56600,56600,26907844
2020-11-02,56400,57500,56000,57400,20489076
2020-11-03,57900,58900,57600,58800,14950919
2020-11-04,58900,59000,57800,58500,21718561
2020-11-05,59000,60300,58800,60300,20639475
2020-11-06,60700,60800,59600,60100,16910230
2020-11-09,60700,60900,60100,60200,15892961
2020-11-10,60500,60500,59500,60200,19073552
2020-11-11,60700,61400,60400,61300,25628510
2020-11-12,61000,61400,60700,61000,19800573
2020-11-13,61300,63200,61000,63200,31508829
2020-11-16,64000,66700,63900,66300,36354334
2020-11-17,67000,67000,65600,65700,30204089
2020-11-18,65700,66200,64700,64800,22963790
2020-11-19,64100,64800,63900,64600,16590290
2020-11-20,63900,65200,63900,64700,15068682
2020-11-23,64800,67800,64700,67500,27134398
2020-11-24,67900,69500,67000,67700,32158235
2020-11-25,67900,68300,66500,66600,32447065
2020-11-26,66100,68000,66000,68000,19023323
2020-11-27,68000,68400,67600,68200,14063434
2020-11-30,68400,68600,66700,66700,43811016
2020-12-01,67100,68300,67100,67800,22327173
2020-12-02,68400,69900,68300,69500,29703942
2020-12-03,70100,70500,69300,69700,23677989
2020-12-04,70400,72100,70100,71500,28130533
2020-12-07,72400,73500,71900,72900,28490496
2020-12-08,72200,72900,71600,71700,25000338
2020-12-09,72100,73900,72000,73900,24077996
2020-12-10,72700,73800,72500,72900,39882928
2020-12-11,73500,73800,73100,73400,18486672
2020-12-14,73600,74500,73200,73800,21510415
2020-12-15,73800,74100,73300,73800,20863671
2020-12-16,74100,74500,73400,73800,17512081
2020-12-17,73400,73700,72600,73300,24293214
2020-12-18,73300,73700,73000,73000,17613029
2020-12-21,73100,73400,72000,73000,20367355
2020-12-22,72500,73200,72100,72300,16304910
2020-12-23,72400,74000,72300,73900,19411326
2020-12-24,74100,78800,74000,77800,32502870
2020-12-28,79000,80100,78200,78700,40085044
2020-12-29,78800,78900,77300,78300,30339449
2020-12-30,77400,81300,77300,81000,29417421
2021-01-04,81000,84400,80200,83000,38655276
2021-01-05,81600,83900,81600,83900,35335669
2021-01-06,83300,84500,82100,82200,42089013
2021-01-07,82800,84200,82700,82900,32644642
2021-01-08,83300,90000,83000,88800,59013307
2021-01-11,90000,96800,89500,91000,90306177
2021-01-12,90300,91400,87800,90600,48682416
2021-01-13,89800,91200,89100,89700,36068848
2021-01-14,88700,90000,88700,89700,26393970
2021-01-15,89800,91800,88000,88000,33431809
2021-01-18,86600,87300,84100,85000,43227951
2021-01-19,84500,88000,83600,87000,39895044
2021-01-20,89000,89000,86500,87200,25211127
2021-01-21,87500,88600,86500,88100,25318011
2021-01-22,89000,89700,86800,86800,30861661
2021-01-25,87000,89900,86300,89400,27258534
2021-01-26,88800,89200,86500,86700,33178936
2021-01-27,86600,87700,85600,85600,26423070
2021-01-28,83200,85600,83200,83700,31859808
2021-01-29,84500,85000,82000,82000,39615978
2021-02-01,81700,83400,81000,83000,28046832
2021-02-02,84100,86400,83700,84400,26302077
2021-02-03,84800,85400,83400,84600,22112205
2021-02-04,83500,83800,82100,82500,24171688
2021-02-05,83100,84000,82500,83500,18036835
2021-02-08,83800,84200,83000,83000,15338765
2021-02-09,84000,84800,82700,82700,20898332
2021-02-10,82600,82600,81600,81600,23025766
2021-02-15,83800,84500,83300,84200,23529706
2021-02-16,84500,86000,84200,84900,20483100
2021-02-17,83900,84200,83000,83200,18307735
2021-02-18,83200,83600,82100,82100,21327683
2021-02-19,82300,82800,81000,82600,25880879
2021-02-22,83800,84200,82200,82200,25419886
2021-02-23,81200,82900,81100,82000,20587314
2021-02-24,81800,83600,81300,82000,26807651
2021-02-25,84000,85400,83000,85300,34155986
2021-02-26,82800,83400,82000,82500,38520800
2021-03-02,85100,85300,83000,83600,33498180
2021-03-03,83500,84000,82800,84000,19882132
2021-03-04,82600,83200,82200,82400,24348331
2021-03-05,81100,82600,81100,82100,20508971
2021-03-08,82900,83000,81600,82000,17641256
2021-03-09,81400,81900,80600,81400,25420764
2021-03-10,82400,82500,80700,80900,20038422
2021-03-11,81000,82500,81000,82000,23818297
2021-03-12,83100,83500,82400,82800,13530573
2021-03-15,82800,82900,81800,81800,13735798
2021-03-16,82200,83000,82100,82800,12293537
2021-03-17,82800,82900,82000,82300,11625146
2021-03-18,82800,83800,82600,82900,18585244
2021-03-19,82100,82500,81800,81900,15869700
2021-03-22,82000,82300,81700,82000,12670506
2021-03-23,82600,82900,81800,81800,13299907
2021-03-24,81000,81600,80700,81000,17926638
2021-03-25,81000,82100,80800,81200,14758826
2021-03-26,81400,81600,81000,81500,12845778
2021-03-29,81700,81700,81000,81600,14952134
2021-03-30,81600,82300,81300,82200,13121698
2021-03-31,82400,82700,81400,81400,17240518
2021-04-01,82500,83000,82000,82900,18676461
2021-04-02,84000,85200,83900,84800,22997538
2021-04-05,85800,86000,84800,85400,16255990
2021-04-06,86200,86200,85100,86000,19042023
2021-04-07,86100,86200,85400,85600,17885538
2021-04-08,85700,85700,84100,84700,19244259
2021-04-09,84700,84900,83400,83600,18193707
2021-04-12,84100,84100,83100,83200,12915282
2021-04-13,83000,84500,82800,84000,15238206
2021-04-14,84000,84300,83400,84000,13794652
2021-04-15,83700,84500,83400,84100,16377412
2021-04-16,84700,84700,83600,83900,15429522
2021-04-19,83800,84000,83300,83300,15287311
2021-04-20,83300,84000,83100,83900,15521965
2021-04-21,83300,83500,82500,82600,21636079
2021-04-22,82900,83000,82400,82400,13934746
2021-04-23,81900,82900,81600,82800,17805080
2021-04-26,82900,83500,82600,83500,15489938
2021-04-27,83200,83300,82500,82900,12941533
2021-04-28,83200,83200,82100,82100,15596759
2021-04-29,82400,82500,81500,81700,20000973
2021-04-30,81900,82100,81500,81500,18673197
2021-05-03,81000,82400,81000,81700,15710336
2021-05-04,81900,82600,81800,82600,12532550
2021-05-06,81700,82300,81700,82300,17047511
2021-05-07,81800,82100,81500,81900,14154882
2021-05-10,82300,83500,81800,83200,19385027
2021-05-11,82500,82600,81100,81200,28996680
2021-05-12,80800,81200,79800,80000,35812268
2021-05-13,78900,79600,78400,78500,31490096
2021-05-14,79000,80300,78900,80100,16450920
2021-05-17,80800,80900,79200,79600,17740855
2021-05-18,79600,80000,79100,79600,17494407
2021-05-20,79400,79700,79100,79500,16541828
2021-05-21,80100,81500,79800,80100,20961714
2021-05-24,80100,80400,79500,79700,13398666
2021-05-25,80000,80400,79800,79900,13628942
2021-05-26,80400,80500,79700,79800,11984359
2021-05-27,80000,80000,79100,79600,23198510
2021-05-28,79800,80400,79400,80100,12360199
2021-05-31,80300,80600,79600,80500,13321324
2021-06-01,80500,81300,80100,80600,14058401
2021-06-02,80400,81400,80300,80800,16414644
2021-06-03,81300,83000,81100,82800,29546007
2021-06-04,82700,82700,81500,82200,18112259
2021-06-07,82700,82800,81600,81900,16496197
2021-06-08,82300,82600,81800,81900,12781226
2021-06-09,81500,82000,81100,81100,14908823
2021-06-10,81300,81400,80900,81000,17586995
2021-06-11,81200,81700,80700,81000,14087962
2021-06-14,80800,80900,80500,80500,10550078
2021-06-15,80900,81200,80600,80900,10075685
2021-06-16,81500,81900,81100,81800,14999855
2021-06-17,81100,81300,80700,80900,14007385
2021-06-18,81100,81100,80500,80500,14916721
2021-06-21,79700,80000,79600,79900,16063340
2021-06-22,80200,80300,79900,80000,11773365
2021-06-23,80500,80600,79900,80100,13856548
2021-06-24,80400,81400,80100,81200,18771080
2021-06-25,81500,81900,81200,81600,13481405
2021-06-28,81700,82000,81600,81900,11578529
2021-06-29,81900,82100,80800,81000,15744317
2021-06-30,81100,81400,80700,80700,13288643
2021-07-01,80500,80600,80000,80100,13382882
2021-07-02,80000,80400,79900,80000,8753097
2021-07-05,80100,80800,80000,80400,8330969
2021-07-06,80600,81200,80500,81200,12131651
2021-07-07,81200,81300,80300,80800,15992202
2021-07-08,81100,81200,79900,79900,16660998
2021-07-09,79600,79800,79000,79400,22720577
2021-07-12,79900,80000,79500,79700,9768108
2021-07-13,80000,80200,79800,79800,9863450
2021-07-14,79400,79600,79100,79500,11575636
2021-07-15,79800,80600,79500,80600,13766279
2021-07-16,80100,80100,79500,79800,10859399
2021-07-19,79100,79200,78800,79000,13155414
2021-07-20,78500,79000,78400,79000,12456646
2021-07-21,79000,79100,78500,78500,12355296
2021-07-22,79000,79800,78900,79700,12618790
2021-07-23,79700,79900,79200,79300,9098910
2021-07-26,79400,79500,78800,78800,10040975
2021-07-27,79200,79400,78500,78500,11427693
2021-07-28,78300,79200,78100,79200,12743417
2021-07-29,78800,79400,78800,79000,14360453
2021-07-30,78900,78900,78500,78500,13823411
2021-08-02,79200,79500,78700,79300,11739124
2021-08-03,79400,81400,79300,81400,24339360
2021-08-04,82200,83100,81800,82900,25642368
2021-08-05,83300,83300,82000,82100,18485469
2021-08-06,81900,82500,81300,81500,13342623
2021-08-09,81500,82300,80900,81500,15522581
2021-08-10,82300,82400,80100,80200,20362639
2021-08-11,79600,79800,78500,78500,30241137
2021-08-12,77100,78200,76900,77000,42365223
2021-08-13,75800,76000,74100,74400,61270643
2021-08-17,74000,75100,74000,74200,30944847
2021-08-18,73900,74600,73100,73900,29192631
2021-08-19,73500,74400,73100,73100,22166298
2021-08-20,73500,73900,72500,72700,22364803
2021-08-23,73300,74000,73000,73300,19384648
2021-08-24,73900,75700,73900,75600,21016913
2021-08-25,76200,76600,74900,75700,22319664
2021-08-26,76100,76200,74600,74600,16671494
2021-08-27,74300,75000,73800,74300,15172748
2021-08-30,75400,75500,74200,74600,12686999
2021-08-31,74900,76700,74300,76700,24630370
2021-09-01,76700,77100,75900,76800,16114775
2021-09-02,76800,76800,75700,76000,15347486
2021-09-03,76400,76700,76000,76600,12096419
2021-09-06,76800,77600,76600,77300,12861180
2021-09-07,77100,77100,75900,76100,13239401
2021-09-08,76000,76400,75600,76300,11798147
2021-09-09,76400,76600,75000,75300,17600770
2021-09-10,75300,75600,74800,75300,10103212
2021-09-13,75200,76300,75100,76300,11397775
2021-09-14,77100,77700,76600,76600,18167057
2021-09-15,77400,77400,76400,77000,12829128
2021-09-16,77300,77400,76100,76100,13067622
2021-09-17,76300,77200,75900,77200,16289502
2021-09-23,77500,77600,76800,77400,17055590
2021-09-24,77600,77700,77100,77300,12247274
2021-09-27,77300,77700,77000,77700,11699798
2021-09-28,77700,77800,76200,76300,15406382
2021-09-29,74800,75300,73800,74100,23992458
2021-09-30,74300,74800,73700,74100,19919361
2021-10-01,73900,74000,72900,73200,15803395
2021-10-05,73000,73000,71400,72200,24013921
2021-10-06,72600,72800,71200,71300,18956962
2021-10-07,71600,72100,71300,71600,13683532
2021-10-08,72300,72400,71500,71500,14043287
2021-10-12,70700,70900,68700,69000,31001484
2021-10-13,68700,69600,68300,68800,24172015
2021-10-14,69000,69800,68800,69400,19520641
2021-10-15,70200,71000,70000,70100,18051612
2021-10-18,70200,70300,69200,70200,13486391
2021-10-19,70800,71000,70400,70600,9507991
2021-10-20,70700,71000,70200,70300,10151638
2021-10-21,70300,70600,70000,70200,10891094
2021-10-22,70000,70700,70000,70400,8395448
2021-10-25,69900,70600,69500,70200,10029621
2021-10-26,70600,71500,70400,71100,10528252
2021-10-27,71000,71000,70000,70100,10295316
2021-10-28,69500,72200,69500,70700,20644902
2021-10-29,71200,71600,69700,69800,17016151
2021-11-01,70200,70600,69900,69900,11503729
2021-11-02,70800,72200,70700,71500,16812570
2021-11-03,71700,71700,70100,70400,12770428
2021-11-04,71200,71600,70500,70600,11818987
2021-11-05,71600,71600,70200,70200,12667743
2021-11-08,70400,70600,69800,70600,11121981
2021-11-09,70300,71000,70100,70500,11159589
2021-11-10,70300,70900,70200,70200,9422009
2021-11-11,69900,70000,69600,69900,11489122
2021-11-12,70200,70900,69900,70600,10087450
2021-11-15,71700,71900,70900,71400,12420710
2021-11-16,71500,72000,71300,71300,10919239
2021-11-17,71300,71600,70600,70700,11027606
2021-11-18,70700,71000,70200,70200,10144957
2021-11-19,70400,71400,70100,71200,11954728
2021-11-22,73300,75200,73000,74900,27506623
2021-11-23,76000,76000,74500,75300,22029195
2021-11-24,76000,76200,74100,74800,15652305
2021-11-25,75100,75100,73600,73700,12559258
2021-11-26,73500,74100,72000,72300,13002242
2021-11-29,71700,73000,71400,72300,16682559
2021-11-30,73200,73900,70500,71300,30364841
2021-12-01,72000,74800,71600,74400,21954856
2021-12-02,73900,75800,73800,75800,23652940
2021-12-03,75600,76000,74100,75600,18330240
2021-12-06,75100,76700,74900,76300,16391250
2021-12-07,76100,77700,75600,77400,19232453
2021-12-08,78300,78600,77100,77400,21558340
2021-12-09,77400,78200,77000,78200,21604528
2021-12-10,77400,77600,76800,76900,9155219
2021-12-13,77200,78300,76500,76800,15038750
2021-12-14,76500,77200,76200,77000,10976660
2021-12-15,76400,77600,76300,77600,9584939
2021-12-16,78500,78500,77400,77800,11996128
2021-12-17,76800,78000,76800,78000,13108479
2021-12-20,77600,77800,76800,77100,11264375
2021-12-21,77900,78300,77500,78100,14245298
2021-12-22,78900,79400,78800,79400,17105892
2021-12-23,79800,80000,79300,79900,13577498
2021-12-24,80200,80800,80200,80500,12086380
2021-12-27,80600,80600,79800,80200,10783368
2021-12-28,80200,80400,79700,80300,18226325
2021-12-29,80200,80200,78500,78800,19794795
2021-12-30,78900,79500,78100,78300,14236700
2022-01-03,79400,79800,78200,78600,13502112
2022-01-04,78800,79200,78300,78700,12427416
2022-01-05,78800,79000,76400,77400,25470640
2022-01-06,76700,77600,76600,76900,12931954
2022-01-07,78100,78400,77400,78300,15163757
2022-01-10,78100,78100,77100,78000,9947422
2022-01-11,78400,79000,78000,78900,13221123
2022-01-12,79500,79600,78600,78900,11000502
2022-01-13,79300,79300,77900,77900,13889401
2022-01-14,77700,78100,77100,77300,10096725
2022-01-17,77600,77800,76900,77500,8785122
2022-01-18,77600,77800,76600,77000,9592788
2022-01-19,76500,76900,76100,76300,10598290
2022-01-20,76200,76700,75900,76500,9708168
2022-01-21,75800,75800,74700,75600,15774888
2022-01-24,75400,75800,74700,75100,13691134
2022-01-25,74800,75000,73200,74000,17766704
2022-01-26,73900,74400,73100,73300,12976730
2022-01-27,73800,74000,71300,71300,22274777
2022-01-28,71300,73700,71200,73300,21367447
2022-02-03,74900,74900,73300,73300,17744721
2022-02-04,74300,74600,73400,74000,12730034
2022-02-07,73500,73600,72400,73000,14240838
2022-02-08,73800,74200,73000,73500,11736666
2022-02-09,74300,74700,74000,74700,9699122
2022-02-10,75600,75800,74700,75400,17746033
2022-02-11,75000,75500,74600,74900,12205407
2022-02-14,74400,74500,73100,73700,13993255
2022-02-15,74100,74200,73100,73700,9320365
2022-02-16,74600,74900,74200,74800,10767386
2022-02-17,75000,75600,74500,75000,13605382
2022-02-18,74600,74800,73700,74300,10122226
2022-02-21,73200,74300,72600,74200,10489717
2022-02-22,73000,73400,72800,73400,11692469
2022-02-23,73800,73800,72800,73000,10397964
2022-02-24,72300,72300,71300,71500,15759283
2022-02-25,72100,72600,71900,71900,13168484
2022-02-28,71100,72100,71000,72100,17781783
2022-03-02,72300,72400,71500,71700,12481430
2022-03-03,72300,73100,72200,72900,13232638
2022-03-04,72700,72700,71200,71500,13409634
2022-03-07,70000,70600,69900,70100,18617138
2022-03-08,68800,70000,68700,69500,15828269
2022-03-10,70800,71200,70500,71200,21159248
2022-03-11,70500,70700,69700,70000,15787655
2022-03-14,70000,70200,69600,70200,9040993
2022-03-15,69800,70100,69500,69500,10258562
2022-03-16,70200,70500,69700,70400,10175750
2022-03-17,71200,71800,70900,71200,17646315
2022-03-18,70600,70900,70200,70700,14410038
2022-03-21,70900,71000,69900,69900,11169002
2022-03-22,69900,70500,69900,70300,9402666
2022-03-23,70600,71200,70300,70500,12398025
2022-03-24,69600,70300,69600,69800,37943357
2022-03-25,70100,70200,69600,69800,12986010
2022-03-28,69500,69900,69200,69700,12619289
2022-03-29,70000,70300,69800,70200,13686208
2022-03-30,70300,70500,69800,69900,12670187
2022-03-31,69900,70200,69600,69600,12510366
2022-04-01,69500,69500,69000,69100,15916846
2022-04-04,68900,69300,68600,69300,11107905
2022-04-05,69400,69600,69100,69200,8467248
2022-04-06,68600,68800,68500,68500,15517308
2022-04-07,68500,68500,68000,68000,20683327
2022-04-08,68100,68300,67700,67800,15453191
2022-04-11,67800,68100,67400,67900,12263735
2022-04-12,67600,67700,67000,67000,13924389
2022-04-13,67300,69000,67200,68700,17378619
2022-04-14,68700,68700,67500,67500,16409494
2022-04-15,67200,67300,66500,66600,13176415
2022-04-18,66500,67100,66100,66700,10119203
2022-04-19,67100,68000,67000,67300,12959434
2022-04-20,67000,67400,66500,67400,16693293
2022-04-21,67600,68300,67500,67700,12847448
2022-04-22,67200,67300,66700,67000,11791478
2022-04-25,66500,66700,66300,66300,11016474
2022-04-26,66400,66700,66100,66100,12946923
2022-04-27,65400,65500,64900,65000,18122084
2022-04-28,65400,65500,64500,64800,16895527
2022-04-29,65100,67600,65000,67400,26190390
2022-05-02,66600,67600,66500,67300,14106184
2022-05-03,67400,68400,67300,67500,14168875
2022-05-04,68000,68400,67500,67900,11505248
2022-05-06,67000,67100,66500,66500,14356156
2022-05-09,66300,66900,66100,66100,11858736
2022-05-10,65900,66300,65300,65700,17235605
2022-05-11,65500,66300,65200,65700,12330920
2022-05-12,65200,65500,64900,64900,16414188
2022-05-13,65300,66700,65200,66500,14551536
2022-05-16,67100,67400,66100,66300,11937555
2022-05-17,66600,67900,66600,67600,15680447
2022-05-18,68300,68700,67600,68100,16486319
2022-05-19,66500,67600,66500,67500,17073727
2022-05-20,67800,68400,67700,68000,12109671
2022-05-23,68800,68800,67600,67900,13684088
2022-05-24,67500,67700,66500,66500,15482576
2022-05-25,66700,67100,65900,66400,15150490
2022-05-26,66300,67200,65500,65900,15970890
2022-05-27,66700,66900,66200,66500,11405555
2022-05-30,67500,67800,66900,67700,14255484
2022-05-31,67500,67500,66700,67400,24365002
2022-06-02,66600,67000,66400,66700,14959443
2022-06-03,67200,67300,66800,66800,8222883
2022-06-07,66200,66400,65400,65500,19355755
2022-06-08,65400,65700,65300,65300,12483180
2022-06-09,65100,65200,64500,65200,25790725
2022-06-10,64000,64400,63800,63800,22193552
2022-06-13,62400,62800,62100,62100,22157816
2022-06-14,61200,62200,61100,61900,24606419
2022-06-15,61300,61500,60200,60700,26811224
2022-06-16,61300,61800,60500,60900,23394895
2022-06-17,59400,59900,59400,59800,29053450
2022-06-20,59800,59900,58100,58700,34111306
2022-06-21,58700,59200,58200,58500,25148109
2022-06-22,59000,59100,57600,57600,23334687
2022-06-23,57700,58000,56800,57400,28338608
2022-06-24,57900,59100,57700,58400,23256103
2022-06-27,59000,59900,58300,58800,18122236
2022-06-28,59200,59500,58700,59400,13540538
2022-06-29,58500,58800,58000,58000,14677138
2022-06-30,57200,57600,57000,57000,18915142
2022-07-01,56900,57500,55900,56200,24982097
2022-07-04,56100,57400,55700,57100,17807126
2022-07-05,57600,58200,57200,57200,14216539
2022-07-06,57300,57300,56400,56400,16820461
2022-07-07,56400,58700,56300,58200,21322833
2022-07-08,58600,59300,58200,58700,15339271
2022-07-11,59300,59600,58700,58800,13042624
2022-07-12,58600,58700,58100,58100,9336061
2022-07-13,58300,58600,58000,58000,10841315
2022-07-14,57500,58200,57400,57500,15067012
2022-07-15,58400,60000,58100,60000,18685583
2022-07-18,60600,62000,60500,61900,20832517
2022-07-19,61400,61500,60200,60900,15248261
2022-07-20,61800,62100,60500,60500,16782238
2022-07-21,61100,61900,60700,61800,12291374
2022-07-22,61800,62200,61200,61300,10261310
2022-07-25,60900,61900,60800,61100,9193681
2022-07-26,60800,61900,60800,61700,6597211
2022-07-27,61300,61900,61200,61800,7320997
2022-07-28,62300,62600,61600,61900,10745302
2022-07-29,62400,62600,61300,61400,15093120
2022-08-01,61000,61700,60300,61300,13154816
2022-08-02,61200,61900,61000,61700,13614895
2022-08-03,61600,61600,61000,61300,10053861
2022-08-04,61700,61800,61200,61500,9125439
2022-08-05,61700,61900,61200,61500,9567620
2022-08-08,61400,61400,60600,60800,11313150
2022-08-09,60600,60700,59600,60000,18251170
2022-08-10,58900,59200,58600,59100,18084349
2022-08-11,59600,60000,59300,59900,15141941
2022-08-12,59500,60700,59400,60200,10786658
2022-08-16,60500,61600,60300,61000,15036727
2022-08-17,61100,61200,60300,60400,9061518
2022-08-18,60300,61900,60000,61500,16372754
2022-08-19,61400,61600,60600,60900,6923679
2022-08-22,60300,60400,59800,60000,8259865
2022-08-23,59000,59600,59000,59100,9041629
2022-08-24,59200,59500,59000,59000,8888486
2022-08-25,59200,59700,59000,59700,5767902
2022-08-26,60300,60900,59900,60000,9499995
2022-08-29,58700,58900,58600,58600,9841329
2022-08-30,58700,59000,58300,58800,9690044
2022-08-31,58200,59900,58200,59700,14203512
2022-09-01,58700,58900,58300,58400,14905777
2022-09-02,58300,58600,57500,57500,15040310
2022-09-05,57400,57800,56800,57100,11425977
2022-09-06,57200,57600,56900,57100,7503086
2022-09-07,56700,56700,55900,56000,17384854
2022-09-08,56200,56400,55600,55600,18000016
2022-09-13,57000,58500,56800,58100,17166581
2022-09-14,56200,57200,56100,56800,12524961
2022-09-15,57000,57100,56000,56000,11664819
2022-09-16,55600,56400,55500,56200,13456503
2022-09-19,56300,57000,56000,56400,12278653
2022-09-20,56400,57000,55800,55800,14041465
2022-09-21,55400,55500,55000,55300,11863700
2022-09-22,54600,54700,54300,54400,12786510
2022-09-23,54400,54900,54200,54500,10555964
2022-09-26,53700,54200,53600,53900,15008449
2022-09-27,53800,54200,53500,54200,16631289
2022-09-28,53900,54400,52500,52900,19991129
2022-09-29,53300,53700,52600,52600,13882080
2022-09-30,52300,53600,51800,53100,22503249
2022-10-04,55300,55400,54500,55200,19148435
2022-10-05,56900,57200,55400,56000,22458970
2022-10-06,56700,57300,56300,56300,14944446
2022-10-07,55900,56900,55200,56200,16886813
2022-10-11,54400,55700,54000,55400,21437877
2022-10-12,55700,57000,55200,55800,18408910
2022-10-13,55400,56100,55200,55200,13784602
2022-10-14,56200,56500,55800,56300,12924326
2022-10-17,55800,57000,55700,56600,13641878
2022-10-18,56700,57100,55800,56500,14820702
2022-10-19,56700,56900,55700,55800,12660652
2022-10-20,55200,56000,55100,55500,17107653
2022-10-21,55100,56300,55100,55900,11456060
2022-10-24,57000,57500,56700,57500,16944503
2022-10-25,57000,58600,57000,57700,17405678
2022-10-26,58000,59600,57700,59400,20824967
2022-10-27,59700,60100,58900,59500,21756712
2022-10-28,58900,59200,57200,57300,20924937
2022-10-31,58100,59900,58000,59400,18999514
2022-11-01,59900,60300,59500,60000,17201647
2022-11-02,59700,60000,59300,59600,13202919
2022-11-03,58600,59800,58100,59200,17492162
2022-11-04,59100,59500,58400,59400,12445841
2022-11-07,59700,60300,59400,60200,12437246
2022-11-08,60500,61900,60500,61800,18273898
2022-11-09,62000,62200,61300,62000,14045592
2022-11-10,61400,61500,60400,60400,21087633
2022-11-11,63100,63200,62300,62900,20037163
2022-11-14,62900,62900,61700,61900,15973416
2022-11-15,62200,62500,61600,62400,12310986
2022-11-16,62400,62700,61700,62700,12909260
2022-11-17,62000,62000,61300,61400,13298296
2022-11-18,61800,62400,61400,61800,12236503
2022-11-21,61400,61800,60800,61400,9378097
2022-11-22,60900,61200,60300,60600,9411289
2022-11-23,61200,61300,60700,61000,8765050
2022-11-24,61200,61700,60900,61400,8125010
2022-11-25,61400,61700,60800,61000,6677933
2022-11-28,60500,60500,59800,60100,8589032
2022-11-29,59900,60600,59800,60600,7014160
2022-11-30,60400,62200,60200,62200,19768903
2022-12-01,63100,63200,62300,62600,16631445
2022-12-02,62500,62500,60400,60400,15331184
2022-12-05,60900,61100,60000,60300,13767787
2022-12-06,59800,60100,59200,59200,13888300
2022-12-07,58800,59600,58500,58900,12100662
2022-12-08,58700,59200,58600,59200,12986815
2022-12-09,59300,60600,59300,60400,10529632
2022-12-12,59900,60000,59400,59500,9036472
2022-12-13,59600,60300,59400,59700,9040873
2022-12-14,59800,60600,59800,60500,8207485
2022-12-15,59800,60200,59300,59300,8716039
2022-12-16,58300,59500,58300,59500,13033596
2022-12-19,59500,59900,59100,59500,7696187
2022-12-20,59000,59100,58500,58600,9284761
2022-12-21,58700,59100,58000,58000,10356971
2022-12-22,58100,59100,58100,59100,10720630
2022-12-23,58200,58400,57700,58100,9829407
2022-12-26,58000,58100,57700,57900,6756411
2022-12-27,58000,58400,57900,58100,10667027
2022-12-28,57600,57600,56400,56600,14665410
2022-12-29,56000,56200,55300,55300,11295935
